2025-12-30 12:02:35 [main] INFO  parking.SmartParkingApplication - Starting SmartParkingApplication using Java 25 with PID 28248 (C:\Users\PMLS\Downloads\parking\parking\target\classes started by PMYLS in C:\Users\PMLS\Downloads\parking)
2025-12-30 12:02:35 [main] INFO  parking.SmartParkingApplication - No active profile set, falling back to 1 default profile: "default"
2025-12-30 12:02:36 [main] INFO  o.s.d.r.c.RepositoryConfigurationDelegate - Bootstrapping Spring Data JPA repositories in DEFAULT mode.
2025-12-30 12:02:36 [main] INFO  o.s.d.r.c.RepositoryConfigurationDelegate - Finished Spring Data repository scanning in 52 ms. Found 3 JPA repository interfaces.
2025-12-30 12:02:37 [main] INFO  o.s.boot.tomcat.TomcatWebServer - Tomcat initialized with port 8080 (http)
2025-12-30 12:02:37 [main] INFO  o.a.catalina.core.StandardService - Starting service [Tomcat]
2025-12-30 12:02:37 [main] INFO  o.a.catalina.core.StandardEngine - Starting Servlet engine: [Apache Tomcat/11.0.15]
2025-12-30 12:02:37 [main] INFO  o.s.b.w.c.s.WebApplicationContextInitializer - Root WebApplicationContext: initialization completed in 1893 ms
2025-12-30 12:02:37 [main] INFO  org.hibernate.orm.jpa - HHH008540: Processing PersistenceUnitInfo [name: default]
2025-12-30 12:02:37 [main] INFO  org.hibernate.orm.core - HHH000001: Hibernate ORM core version 7.2.0.Final
2025-12-30 12:02:38 [main] INFO  o.s.o.j.p.SpringPersistenceUnitInfo - No LoadTimeWeaver setup: ignoring JPA class transformer
2025-12-30 12:02:38 [main] INFO  com.zaxxer.hikari.HikariDataSource - HikariPool-1 - Starting...
2025-12-30 12:02:39 [main] WARN  org.hibernate.orm.jdbc.error - HHH000247: ErrorCode: 0, SQLState: 28P01
2025-12-30 12:02:39 [main] WARN  org.hibernate.orm.jdbc.error - FATAL: password authentication failed for user "postgres"
2025-12-30 12:02:39 [main] WARN  org.hibernate.orm.jdbc - HHH100046: Could not obtain connection to query JDBC database metadata
org.hibernate.exception.AuthException: Unable to obtain isolated JDBC connection [FATAL: password authentication failed for user "postgres"] [n/a]
	at org.hibernate.exception.internal.SQLStateConversionDelegate.convert(SQLStateConversionDelegate.java:87)
	at org.hibernate.exception.internal.StandardSQLExceptionConverter.convert(StandardSQLExceptionConverter.java:34)
	at org.hibernate.engine.jdbc.spi.SqlExceptionHelper.convert(SqlExceptionHelper.java:115)
	at org.hibernate.engine.jdbc.spi.SqlExceptionHelper.convert(SqlExceptionHelper.java:101)
	at org.hibernate.resource.transaction.backend.jdbc.internal.JdbcIsolationDelegate.delegateWork(JdbcIsolationDelegate.java:51)
	at org.hibernate.engine.jdbc.env.internal.JdbcEnvironmentInitiator.getJdbcEnvironmentUsingJdbcMetadata(JdbcEnvironmentInitiator.java:366)
	at org.hibernate.engine.jdbc.env.internal.JdbcEnvironmentInitiator.getJdbcEnvironment(JdbcEnvironmentInitiator.java:143)
	at org.hibernate.engine.jdbc.env.internal.JdbcEnvironmentInitiator.initiateService(JdbcEnvironmentInitiator.java:120)
	at org.hibernate.engine.jdbc.env.internal.JdbcEnvironmentInitiator.initiateService(JdbcEnvironmentInitiator.java:80)
	at org.hibernate.boot.registry.internal.StandardServiceRegistryImpl.initiateService(StandardServiceRegistryImpl.java:133)
	at org.hibernate.service.internal.AbstractServiceRegistryImpl.createService(AbstractServiceRegistryImpl.java:260)
	at org.hibernate.service.internal.AbstractServiceRegistryImpl.initializeService(AbstractServiceRegistryImpl.java:235)
	at org.hibernate.service.internal.AbstractServiceRegistryImpl.getService(AbstractServiceRegistryImpl.java:212)
	at org.hibernate.boot.model.relational.Database.<init>(Database.java:44)
	at org.hibernate.boot.internal.InFlightMetadataCollectorImpl.getDatabase(InFlightMetadataCollectorImpl.java:251)
	at org.hibernate.boot.internal.InFlightMetadataCollectorImpl.<init>(InFlightMetadataCollectorImpl.java:203)
	at org.hibernate.boot.model.process.spi.MetadataBuildingProcess.complete(MetadataBuildingProcess.java:170)
	at org.hibernate.jpa.boot.internal.EntityManagerFactoryBuilderImpl.metadata(EntityManagerFactoryBuilderImpl.java:1392)
	at org.hibernate.jpa.boot.internal.EntityManagerFactoryBuilderImpl.populateSessionFactoryBuilder(EntityManagerFactoryBuilderImpl.java:1472)
	at org.hibernate.jpa.boot.internal.EntityManagerFactoryBuilderImpl.build(EntityManagerFactoryBuilderImpl.java:1454)
	at org.springframework.orm.jpa.vendor.SpringHibernateJpaPersistenceProvider.createContainerEntityManagerFactory(SpringHibernateJpaPersistenceProvider.java:66)
	at org.springframework.orm.jpa.LocalContainerEntityManagerFactoryBean.createNativeEntityManagerFactory(LocalContainerEntityManagerFactoryBean.java:433)
	at org.springframework.orm.jpa.AbstractEntityManagerFactoryBean.buildNativeEntityManagerFactory(AbstractEntityManagerFactoryBean.java:416)
	at org.springframework.orm.jpa.AbstractEntityManagerFactoryBean.afterPropertiesSet(AbstractEntityManagerFactoryBean.java:396)
	at org.springframework.orm.jpa.LocalContainerEntityManagerFactoryBean.afterPropertiesSet(LocalContainerEntityManagerFactoryBean.java:409)
	at org.springframework.beans.factory.support.AbstractAutowireCapableBeanFactory.invokeInitMethods(AbstractAutowireCapableBeanFactory.java:1864)
	at org.springframework.beans.factory.support.AbstractAutowireCapableBeanFactory.initializeBean(AbstractAutowireCapableBeanFactory.java:1813)
	at org.springframework.beans.factory.support.AbstractAutowireCapableBeanFactory.doCreateBean(AbstractAutowireCapableBeanFactory.java:603)
	at org.springframework.beans.factory.support.AbstractAutowireCapableBeanFactory.createBean(AbstractAutowireCapableBeanFactory.java:525)
	at org.springframework.beans.factory.support.AbstractBeanFactory.lambda$doGetBean$0(AbstractBeanFactory.java:333)
	at org.springframework.beans.factory.support.DefaultSingletonBeanRegistry.getSingleton(DefaultSingletonBeanRegistry.java:371)
	at org.springframework.beans.factory.support.AbstractBeanFactory.doGetBean(AbstractBeanFactory.java:331)
	at org.springframework.beans.factory.support.AbstractBeanFactory.getBean(AbstractBeanFactory.java:201)
	at org.springframework.context.support.AbstractApplicationContext.finishBeanFactoryInitialization(AbstractApplicationContext.java:976)
	at org.springframework.context.support.AbstractApplicationContext.refresh(AbstractApplicationContext.java:620)
	at org.springframework.boot.web.server.servlet.context.ServletWebServerApplicationContext.refresh(ServletWebServerApplicationContext.java:143)
	at org.springframework.boot.SpringApplication.refresh(SpringApplication.java:756)
	at org.springframework.boot.SpringApplication.refreshContext(SpringApplication.java:445)
	at org.springframework.boot.SpringApplication.run(SpringApplication.java:321)
	at org.springframework.boot.SpringApplication.run(SpringApplication.java:1365)
	at org.springframework.boot.SpringApplication.run(SpringApplication.java:1354)
	at parking.SmartParkingApplication.main(SmartParkingApplication.java:10)
Caused by: org.postgresql.util.PSQLException: FATAL: password authentication failed for user "postgres"
	at org.postgresql.core.v3.ConnectionFactoryImpl.doAuthentication(ConnectionFactoryImpl.java:778)
	at org.postgresql.core.v3.ConnectionFactoryImpl.tryConnect(ConnectionFactoryImpl.java:234)
	at org.postgresql.core.v3.ConnectionFactoryImpl.openConnectionImpl(ConnectionFactoryImpl.java:289)
	at org.postgresql.core.ConnectionFactory.openConnection(ConnectionFactory.java:57)
	at org.postgresql.jdbc.PgConnection.<init>(PgConnection.java:279)
	at org.postgresql.Driver.makeConnection(Driver.java:448)
	at org.postgresql.Driver.connect(Driver.java:298)
	at com.zaxxer.hikari.util.DriverDataSource.getConnection(DriverDataSource.java:144)
	at com.zaxxer.hikari.pool.PoolBase.newConnection(PoolBase.java:373)
	at com.zaxxer.hikari.pool.PoolBase.newPoolEntry(PoolBase.java:210)
	at com.zaxxer.hikari.pool.HikariPool.createPoolEntry(HikariPool.java:488)
	at com.zaxxer.hikari.pool.HikariPool.checkFailFast(HikariPool.java:576)
	at com.zaxxer.hikari.pool.HikariPool.<init>(HikariPool.java:97)
	at com.zaxxer.hikari.HikariDataSource.getConnection(HikariDataSource.java:111)
	at org.hibernate.engine.jdbc.connections.internal.DataSourceConnectionProvider.getConnection(DataSourceConnectionProvider.java:137)
	at org.hibernate.engine.jdbc.env.internal.JdbcEnvironmentInitiator$ConnectionProviderJdbcConnectionAccess.obtainConnection(JdbcEnvironmentInitiator.java:508)
	at org.hibernate.resource.transaction.backend.jdbc.internal.JdbcIsolationDelegate.delegateWork(JdbcIsolationDelegate.java:48)
	... 37 common frames omitted
2025-12-30 12:02:39 [main] WARN  org.hibernate.orm.deprecation - HHH90000025: PostgreSQLDialect does not need to be specified explicitly using 'hibernate.dialect' (remove the property setting and it will be selected by default)
2025-12-30 12:02:39 [main] INFO  o.hibernate.orm.connections.pooling - HHH10001005: Database info:
	Database JDBC URL [undefined/unknown]
	Database driver: undefined/unknown
	Database dialect: PostgreSQLDialect
	Database version: 13.0
	Default catalog/schema: unknown/unknown
	Autocommit mode: undefined/unknown
	Isolation level: NONE [default NONE]
	JDBC fetch size: undefined/unknown
	Pool: DataSourceConnectionProvider
	Minimum pool size: undefined/unknown
	Maximum pool size: undefined/unknown
2025-12-30 12:02:40 [main] INFO  org.hibernate.orm.core - HHH000489: No JTA platform available (set 'hibernate.transaction.jta.platform' to enable JTA platform integration)
2025-12-30 12:02:40 [main] INFO  com.zaxxer.hikari.HikariDataSource - HikariPool-1 - Starting...
2025-12-30 12:02:41 [main] WARN  org.hibernate.orm.jdbc.error - HHH000247: ErrorCode: 0, SQLState: 28P01
2025-12-30 12:02:41 [main] WARN  org.hibernate.orm.jdbc.error - FATAL: password authentication failed for user "postgres"
2025-12-30 12:02:41 [main] ERROR o.s.o.j.LocalContainerEntityManagerFactoryBean - Failed to initialize JPA EntityManagerFactory: Unable to build Hibernate SessionFactory  [persistence unit: default] ; nested exception is org.hibernate.exception.AuthException: Unable to open JDBC Connection for DDL execution [FATAL: password authentication failed for user "postgres"] [n/a]
2025-12-30 12:02:41 [main] WARN  o.s.b.w.s.s.c.AnnotationConfigServletWebServerApplicationContext - Exception encountered during context initialization - cancelling refresh attempt: org.springframework.beans.factory.BeanCreationException: Error creating bean with name 'entityManagerFactory' defined in class path resource [org/springframework/boot/hibernate/autoconfigure/HibernateJpaConfiguration.class]: Unable to build Hibernate SessionFactory  [persistence unit: default] ; nested exception is org.hibernate.exception.AuthException: Unable to open JDBC Connection for DDL execution [FATAL: password authentication failed for user "postgres"] [n/a]
2025-12-30 12:02:41 [main] INFO  o.a.catalina.core.StandardService - Stopping service [Tomcat]
2025-12-30 12:02:41 [main] INFO  o.s.b.a.l.ConditionEvaluationReportLogger - 

Error starting ApplicationContext. To display the condition evaluation report re-run your application with 'debug' enabled.
2025-12-30 12:02:41 [main] ERROR o.s.boot.SpringApplication - Application run failed
org.springframework.beans.factory.BeanCreationException: Error creating bean with name 'entityManagerFactory' defined in class path resource [org/springframework/boot/hibernate/autoconfigure/HibernateJpaConfiguration.class]: Unable to build Hibernate SessionFactory  [persistence unit: default] ; nested exception is org.hibernate.exception.AuthException: Unable to open JDBC Connection for DDL execution [FATAL: password authentication failed for user "postgres"] [n/a]
	at org.springframework.beans.factory.support.AbstractAutowireCapableBeanFactory.initializeBean(AbstractAutowireCapableBeanFactory.java:1817)
	at org.springframework.beans.factory.support.AbstractAutowireCapableBeanFactory.doCreateBean(AbstractAutowireCapableBeanFactory.java:603)
	at org.springframework.beans.factory.support.AbstractAutowireCapableBeanFactory.createBean(AbstractAutowireCapableBeanFactory.java:525)
	at org.springframework.beans.factory.support.AbstractBeanFactory.lambda$doGetBean$0(AbstractBeanFactory.java:333)
	at org.springframework.beans.factory.support.DefaultSingletonBeanRegistry.getSingleton(DefaultSingletonBeanRegistry.java:371)
	at org.springframework.beans.factory.support.AbstractBeanFactory.doGetBean(AbstractBeanFactory.java:331)
	at org.springframework.beans.factory.support.AbstractBeanFactory.getBean(AbstractBeanFactory.java:201)
	at org.springframework.context.support.AbstractApplicationContext.finishBeanFactoryInitialization(AbstractApplicationContext.java:976)
	at org.springframework.context.support.AbstractApplicationContext.refresh(AbstractApplicationContext.java:620)
	at org.springframework.boot.web.server.servlet.context.ServletWebServerApplicationContext.refresh(ServletWebServerApplicationContext.java:143)
	at org.springframework.boot.SpringApplication.refresh(SpringApplication.java:756)
	at org.springframework.boot.SpringApplication.refreshContext(SpringApplication.java:445)
	at org.springframework.boot.SpringApplication.run(SpringApplication.java:321)
	at org.springframework.boot.SpringApplication.run(SpringApplication.java:1365)
	at org.springframework.boot.SpringApplication.run(SpringApplication.java:1354)
	at parking.SmartParkingApplication.main(SmartParkingApplication.java:10)
Caused by: jakarta.persistence.PersistenceException: Unable to build Hibernate SessionFactory  [persistence unit: default] ; nested exception is org.hibernate.exception.AuthException: Unable to open JDBC Connection for DDL execution [FATAL: password authentication failed for user "postgres"] [n/a]
	at org.springframework.orm.jpa.AbstractEntityManagerFactoryBean.buildNativeEntityManagerFactory(AbstractEntityManagerFactoryBean.java:428)
	at org.springframework.orm.jpa.AbstractEntityManagerFactoryBean.afterPropertiesSet(AbstractEntityManagerFactoryBean.java:396)
	at org.springframework.orm.jpa.LocalContainerEntityManagerFactoryBean.afterPropertiesSet(LocalContainerEntityManagerFactoryBean.java:409)
	at org.springframework.beans.factory.support.AbstractAutowireCapableBeanFactory.invokeInitMethods(AbstractAutowireCapableBeanFactory.java:1864)
	at org.springframework.beans.factory.support.AbstractAutowireCapableBeanFactory.initializeBean(AbstractAutowireCapableBeanFactory.java:1813)
	... 15 common frames omitted
Caused by: org.hibernate.exception.AuthException: Unable to open JDBC Connection for DDL execution [FATAL: password authentication failed for user "postgres"] [n/a]
	at org.hibernate.exception.internal.SQLStateConversionDelegate.convert(SQLStateConversionDelegate.java:87)
	at org.hibernate.exception.internal.StandardSQLExceptionConverter.convert(StandardSQLExceptionConverter.java:34)
	at org.hibernate.engine.jdbc.spi.SqlExceptionHelper.convert(SqlExceptionHelper.java:115)
	at org.hibernate.engine.jdbc.spi.SqlExceptionHelper.convert(SqlExceptionHelper.java:101)
	at org.hibernate.resource.transaction.backend.jdbc.internal.DdlTransactionIsolatorNonJtaImpl.getIsolatedConnection(DdlTransactionIsolatorNonJtaImpl.java:71)
	at org.hibernate.resource.transaction.backend.jdbc.internal.DdlTransactionIsolatorNonJtaImpl.getIsolatedConnection(DdlTransactionIsolatorNonJtaImpl.java:37)
	at org.hibernate.tool.schema.internal.exec.ImprovedExtractionContextImpl.getJdbcConnection(ImprovedExtractionContextImpl.java:61)
	at org.hibernate.tool.schema.extract.spi.ExtractionContext.getQueryResults(ExtractionContext.java:41)
	at org.hibernate.tool.schema.extract.internal.SequenceInformationExtractorLegacyImpl.extractMetadata(SequenceInformationExtractorLegacyImpl.java:36)
	at org.hibernate.tool.schema.extract.internal.DatabaseInformationImpl.initializeSequences(DatabaseInformationImpl.java:73)
	at org.hibernate.tool.schema.extract.internal.DatabaseInformationImpl.<init>(DatabaseInformationImpl.java:63)
	at org.hibernate.tool.schema.extract.internal.CachingDatabaseInformationImpl.<init>(CachingDatabaseInformationImpl.java:43)
	at org.hibernate.tool.schema.internal.GroupedSchemaMigratorImpl.buildDatabaseInformation(GroupedSchemaMigratorImpl.java:112)
	at org.hibernate.tool.schema.internal.AbstractSchemaMigrator.doMigration(AbstractSchemaMigrator.java:83)
	at org.hibernate.tool.schema.spi.SchemaManagementToolCoordinator.performDatabaseAction(SchemaManagementToolCoordinator.java:269)
	at org.hibernate.tool.schema.spi.SchemaManagementToolCoordinator.lambda$process$1(SchemaManagementToolCoordinator.java:101)
	at java.base/java.util.HashMap.forEach(HashMap.java:1430)
	at org.hibernate.tool.schema.spi.SchemaManagementToolCoordinator.process(SchemaManagementToolCoordinator.java:100)
	at org.hibernate.boot.internal.SessionFactoryObserverForSchemaExport.sessionFactoryCreated(SessionFactoryObserverForSchemaExport.java:35)
	at org.hibernate.internal.SessionFactoryObserverChain.sessionFactoryCreated(SessionFactoryObserverChain.java:33)
	at org.hibernate.internal.SessionFactoryImpl.<init>(SessionFactoryImpl.java:323)
	at org.hibernate.internal.SessionFactoryRegistry.instantiateSessionFactory(SessionFactoryRegistry.java:64)
	at org.hibernate.boot.internal.SessionFactoryBuilderImpl.build(SessionFactoryBuilderImpl.java:437)
	at org.hibernate.jpa.boot.internal.EntityManagerFactoryBuilderImpl.build(EntityManagerFactoryBuilderImpl.java:1456)
	at org.springframework.orm.jpa.vendor.SpringHibernateJpaPersistenceProvider.createContainerEntityManagerFactory(SpringHibernateJpaPersistenceProvider.java:66)
	at org.springframework.orm.jpa.LocalContainerEntityManagerFactoryBean.createNativeEntityManagerFactory(LocalContainerEntityManagerFactoryBean.java:433)
	at org.springframework.orm.jpa.AbstractEntityManagerFactoryBean.buildNativeEntityManagerFactory(AbstractEntityManagerFactoryBean.java:416)
	... 19 common frames omitted
Caused by: org.postgresql.util.PSQLException: FATAL: password authentication failed for user "postgres"
	at org.postgresql.core.v3.ConnectionFactoryImpl.doAuthentication(ConnectionFactoryImpl.java:778)
	at org.postgresql.core.v3.ConnectionFactoryImpl.tryConnect(ConnectionFactoryImpl.java:234)
	at org.postgresql.core.v3.ConnectionFactoryImpl.openConnectionImpl(ConnectionFactoryImpl.java:289)
	at org.postgresql.core.ConnectionFactory.openConnection(ConnectionFactory.java:57)
	at org.postgresql.jdbc.PgConnection.<init>(PgConnection.java:279)
	at org.postgresql.Driver.makeConnection(Driver.java:448)
	at org.postgresql.Driver.connect(Driver.java:298)
	at com.zaxxer.hikari.util.DriverDataSource.getConnection(DriverDataSource.java:144)
	at com.zaxxer.hikari.pool.PoolBase.newConnection(PoolBase.java:373)
	at com.zaxxer.hikari.pool.PoolBase.newPoolEntry(PoolBase.java:210)
	at com.zaxxer.hikari.pool.HikariPool.createPoolEntry(HikariPool.java:488)
	at com.zaxxer.hikari.pool.HikariPool.checkFailFast(HikariPool.java:576)
	at com.zaxxer.hikari.pool.HikariPool.<init>(HikariPool.java:97)
	at com.zaxxer.hikari.HikariDataSource.getConnection(HikariDataSource.java:111)
	at org.hibernate.engine.jdbc.connections.internal.DataSourceConnectionProvider.getConnection(DataSourceConnectionProvider.java:137)
	at org.hibernate.engine.jdbc.env.internal.JdbcEnvironmentInitiator$ConnectionProviderJdbcConnectionAccess.obtainConnection(JdbcEnvironmentInitiator.java:508)
	at org.hibernate.resource.transaction.backend.jdbc.internal.DdlTransactionIsolatorNonJtaImpl.getIsolatedConnection(DdlTransactionIsolatorNonJtaImpl.java:44)
	... 41 common frames omitted
2025-12-30 12:03:13 [main] INFO  parking.SmartParkingApplication - Starting SmartParkingApplication using Java 25 with PID 23932 (C:\Users\PMLS\Downloads\parking\parking\target\classes started by PMYLS in C:\Users\PMLS\Downloads\parking)
2025-12-30 12:03:13 [main] INFO  parking.SmartParkingApplication - No active profile set, falling back to 1 default profile: "default"
2025-12-30 12:03:15 [main] INFO  o.s.d.r.c.RepositoryConfigurationDelegate - Bootstrapping Spring Data JPA repositories in DEFAULT mode.
2025-12-30 12:03:15 [main] INFO  o.s.d.r.c.RepositoryConfigurationDelegate - Finished Spring Data repository scanning in 104 ms. Found 3 JPA repository interfaces.
2025-12-30 12:03:16 [main] INFO  o.s.boot.tomcat.TomcatWebServer - Tomcat initialized with port 8080 (http)
2025-12-30 12:03:16 [main] INFO  o.a.catalina.core.StandardService - Starting service [Tomcat]
2025-12-30 12:03:16 [main] INFO  o.a.catalina.core.StandardEngine - Starting Servlet engine: [Apache Tomcat/11.0.15]
2025-12-30 12:03:16 [main] INFO  o.s.b.w.c.s.WebApplicationContextInitializer - Root WebApplicationContext: initialization completed in 2722 ms
2025-12-30 12:03:16 [main] INFO  org.hibernate.orm.jpa - HHH008540: Processing PersistenceUnitInfo [name: default]
2025-12-30 12:03:16 [main] INFO  org.hibernate.orm.core - HHH000001: Hibernate ORM core version 7.2.0.Final
2025-12-30 12:03:17 [main] INFO  o.s.o.j.p.SpringPersistenceUnitInfo - No LoadTimeWeaver setup: ignoring JPA class transformer
2025-12-30 12:03:17 [main] INFO  com.zaxxer.hikari.HikariDataSource - HikariPool-1 - Starting...
2025-12-30 12:03:18 [main] WARN  org.hibernate.orm.jdbc.error - HHH000247: ErrorCode: 0, SQLState: 3D000
2025-12-30 12:03:18 [main] WARN  org.hibernate.orm.jdbc.error - FATAL: database "parking_db" does not exist
2025-12-30 12:03:18 [main] WARN  org.hibernate.orm.jdbc - HHH100046: Could not obtain connection to query JDBC database metadata
org.hibernate.exception.GenericJDBCException: Unable to obtain isolated JDBC connection [FATAL: database "parking_db" does not exist] [n/a]
	at org.hibernate.exception.internal.StandardSQLExceptionConverter.convert(StandardSQLExceptionConverter.java:39)
	at org.hibernate.engine.jdbc.spi.SqlExceptionHelper.convert(SqlExceptionHelper.java:115)
	at org.hibernate.engine.jdbc.spi.SqlExceptionHelper.convert(SqlExceptionHelper.java:101)
	at org.hibernate.resource.transaction.backend.jdbc.internal.JdbcIsolationDelegate.delegateWork(JdbcIsolationDelegate.java:51)
	at org.hibernate.engine.jdbc.env.internal.JdbcEnvironmentInitiator.getJdbcEnvironmentUsingJdbcMetadata(JdbcEnvironmentInitiator.java:366)
	at org.hibernate.engine.jdbc.env.internal.JdbcEnvironmentInitiator.getJdbcEnvironment(JdbcEnvironmentInitiator.java:143)
	at org.hibernate.engine.jdbc.env.internal.JdbcEnvironmentInitiator.initiateService(JdbcEnvironmentInitiator.java:120)
	at org.hibernate.engine.jdbc.env.internal.JdbcEnvironmentInitiator.initiateService(JdbcEnvironmentInitiator.java:80)
	at org.hibernate.boot.registry.internal.StandardServiceRegistryImpl.initiateService(StandardServiceRegistryImpl.java:133)
	at org.hibernate.service.internal.AbstractServiceRegistryImpl.createService(AbstractServiceRegistryImpl.java:260)
	at org.hibernate.service.internal.AbstractServiceRegistryImpl.initializeService(AbstractServiceRegistryImpl.java:235)
	at org.hibernate.service.internal.AbstractServiceRegistryImpl.getService(AbstractServiceRegistryImpl.java:212)
	at org.hibernate.boot.model.relational.Database.<init>(Database.java:44)
	at org.hibernate.boot.internal.InFlightMetadataCollectorImpl.getDatabase(InFlightMetadataCollectorImpl.java:251)
	at org.hibernate.boot.internal.InFlightMetadataCollectorImpl.<init>(InFlightMetadataCollectorImpl.java:203)
	at org.hibernate.boot.model.process.spi.MetadataBuildingProcess.complete(MetadataBuildingProcess.java:170)
	at org.hibernate.jpa.boot.internal.EntityManagerFactoryBuilderImpl.metadata(EntityManagerFactoryBuilderImpl.java:1392)
	at org.hibernate.jpa.boot.internal.EntityManagerFactoryBuilderImpl.populateSessionFactoryBuilder(EntityManagerFactoryBuilderImpl.java:1472)
	at org.hibernate.jpa.boot.internal.EntityManagerFactoryBuilderImpl.build(EntityManagerFactoryBuilderImpl.java:1454)
	at org.springframework.orm.jpa.vendor.SpringHibernateJpaPersistenceProvider.createContainerEntityManagerFactory(SpringHibernateJpaPersistenceProvider.java:66)
	at org.springframework.orm.jpa.LocalContainerEntityManagerFactoryBean.createNativeEntityManagerFactory(LocalContainerEntityManagerFactoryBean.java:433)
	at org.springframework.orm.jpa.AbstractEntityManagerFactoryBean.buildNativeEntityManagerFactory(AbstractEntityManagerFactoryBean.java:416)
	at org.springframework.orm.jpa.AbstractEntityManagerFactoryBean.afterPropertiesSet(AbstractEntityManagerFactoryBean.java:396)
	at org.springframework.orm.jpa.LocalContainerEntityManagerFactoryBean.afterPropertiesSet(LocalContainerEntityManagerFactoryBean.java:409)
	at org.springframework.beans.factory.support.AbstractAutowireCapableBeanFactory.invokeInitMethods(AbstractAutowireCapableBeanFactory.java:1864)
	at org.springframework.beans.factory.support.AbstractAutowireCapableBeanFactory.initializeBean(AbstractAutowireCapableBeanFactory.java:1813)
	at org.springframework.beans.factory.support.AbstractAutowireCapableBeanFactory.doCreateBean(AbstractAutowireCapableBeanFactory.java:603)
	at org.springframework.beans.factory.support.AbstractAutowireCapableBeanFactory.createBean(AbstractAutowireCapableBeanFactory.java:525)
	at org.springframework.beans.factory.support.AbstractBeanFactory.lambda$doGetBean$0(AbstractBeanFactory.java:333)
	at org.springframework.beans.factory.support.DefaultSingletonBeanRegistry.getSingleton(DefaultSingletonBeanRegistry.java:371)
	at org.springframework.beans.factory.support.AbstractBeanFactory.doGetBean(AbstractBeanFactory.java:331)
	at org.springframework.beans.factory.support.AbstractBeanFactory.getBean(AbstractBeanFactory.java:201)
	at org.springframework.context.support.AbstractApplicationContext.finishBeanFactoryInitialization(AbstractApplicationContext.java:976)
	at org.springframework.context.support.AbstractApplicationContext.refresh(AbstractApplicationContext.java:620)
	at org.springframework.boot.web.server.servlet.context.ServletWebServerApplicationContext.refresh(ServletWebServerApplicationContext.java:143)
	at org.springframework.boot.SpringApplication.refresh(SpringApplication.java:756)
	at org.springframework.boot.SpringApplication.refreshContext(SpringApplication.java:445)
	at org.springframework.boot.SpringApplication.run(SpringApplication.java:321)
	at org.springframework.boot.SpringApplication.run(SpringApplication.java:1365)
	at org.springframework.boot.SpringApplication.run(SpringApplication.java:1354)
	at parking.SmartParkingApplication.main(SmartParkingApplication.java:10)
Caused by: org.postgresql.util.PSQLException: FATAL: database "parking_db" does not exist
	at org.postgresql.core.v3.QueryExecutorImpl.receiveErrorResponse(QueryExecutorImpl.java:2736)
	at org.postgresql.core.v3.QueryExecutorImpl.readStartupMessages(QueryExecutorImpl.java:2861)
	at org.postgresql.core.v3.QueryExecutorImpl.<init>(QueryExecutorImpl.java:178)
	at org.postgresql.core.v3.ConnectionFactoryImpl.openConnectionImpl(ConnectionFactoryImpl.java:344)
	at org.postgresql.core.ConnectionFactory.openConnection(ConnectionFactory.java:57)
	at org.postgresql.jdbc.PgConnection.<init>(PgConnection.java:279)
	at org.postgresql.Driver.makeConnection(Driver.java:448)
	at org.postgresql.Driver.connect(Driver.java:298)
	at com.zaxxer.hikari.util.DriverDataSource.getConnection(DriverDataSource.java:144)
	at com.zaxxer.hikari.pool.PoolBase.newConnection(PoolBase.java:373)
	at com.zaxxer.hikari.pool.PoolBase.newPoolEntry(PoolBase.java:210)
	at com.zaxxer.hikari.pool.HikariPool.createPoolEntry(HikariPool.java:488)
	at com.zaxxer.hikari.pool.HikariPool.checkFailFast(HikariPool.java:576)
	at com.zaxxer.hikari.pool.HikariPool.<init>(HikariPool.java:97)
	at com.zaxxer.hikari.HikariDataSource.getConnection(HikariDataSource.java:111)
	at org.hibernate.engine.jdbc.connections.internal.DataSourceConnectionProvider.getConnection(DataSourceConnectionProvider.java:137)
	at org.hibernate.engine.jdbc.env.internal.JdbcEnvironmentInitiator$ConnectionProviderJdbcConnectionAccess.obtainConnection(JdbcEnvironmentInitiator.java:508)
	at org.hibernate.resource.transaction.backend.jdbc.internal.JdbcIsolationDelegate.delegateWork(JdbcIsolationDelegate.java:48)
	... 37 common frames omitted
2025-12-30 12:03:18 [main] WARN  org.hibernate.orm.deprecation - HHH90000025: PostgreSQLDialect does not need to be specified explicitly using 'hibernate.dialect' (remove the property setting and it will be selected by default)
2025-12-30 12:03:18 [main] INFO  o.hibernate.orm.connections.pooling - HHH10001005: Database info:
	Database JDBC URL [undefined/unknown]
	Database driver: undefined/unknown
	Database dialect: PostgreSQLDialect
	Database version: 13.0
	Default catalog/schema: unknown/unknown
	Autocommit mode: undefined/unknown
	Isolation level: NONE [default NONE]
	JDBC fetch size: undefined/unknown
	Pool: DataSourceConnectionProvider
	Minimum pool size: undefined/unknown
	Maximum pool size: undefined/unknown
2025-12-30 12:03:19 [main] INFO  org.hibernate.orm.core - HHH000489: No JTA platform available (set 'hibernate.transaction.jta.platform' to enable JTA platform integration)
2025-12-30 12:03:19 [main] INFO  com.zaxxer.hikari.HikariDataSource - HikariPool-1 - Starting...
2025-12-30 12:03:20 [main] WARN  org.hibernate.orm.jdbc.error - HHH000247: ErrorCode: 0, SQLState: 3D000
2025-12-30 12:03:20 [main] WARN  org.hibernate.orm.jdbc.error - FATAL: database "parking_db" does not exist
2025-12-30 12:03:20 [main] ERROR o.s.o.j.LocalContainerEntityManagerFactoryBean - Failed to initialize JPA EntityManagerFactory: Unable to build Hibernate SessionFactory  [persistence unit: default] ; nested exception is org.hibernate.exception.GenericJDBCException: Unable to open JDBC Connection for DDL execution [FATAL: database "parking_db" does not exist] [n/a]
2025-12-30 12:03:20 [main] WARN  o.s.b.w.s.s.c.AnnotationConfigServletWebServerApplicationContext - Exception encountered during context initialization - cancelling refresh attempt: org.springframework.beans.factory.BeanCreationException: Error creating bean with name 'entityManagerFactory' defined in class path resource [org/springframework/boot/hibernate/autoconfigure/HibernateJpaConfiguration.class]: Unable to build Hibernate SessionFactory  [persistence unit: default] ; nested exception is org.hibernate.exception.GenericJDBCException: Unable to open JDBC Connection for DDL execution [FATAL: database "parking_db" does not exist] [n/a]
2025-12-30 12:03:20 [main] INFO  o.a.catalina.core.StandardService - Stopping service [Tomcat]
2025-12-30 12:03:20 [main] INFO  o.s.b.a.l.ConditionEvaluationReportLogger - 

Error starting ApplicationContext. To display the condition evaluation report re-run your application with 'debug' enabled.
2025-12-30 12:03:20 [main] ERROR o.s.boot.SpringApplication - Application run failed
org.springframework.beans.factory.BeanCreationException: Error creating bean with name 'entityManagerFactory' defined in class path resource [org/springframework/boot/hibernate/autoconfigure/HibernateJpaConfiguration.class]: Unable to build Hibernate SessionFactory  [persistence unit: default] ; nested exception is org.hibernate.exception.GenericJDBCException: Unable to open JDBC Connection for DDL execution [FATAL: database "parking_db" does not exist] [n/a]
	at org.springframework.beans.factory.support.AbstractAutowireCapableBeanFactory.initializeBean(AbstractAutowireCapableBeanFactory.java:1817)
	at org.springframework.beans.factory.support.AbstractAutowireCapableBeanFactory.doCreateBean(AbstractAutowireCapableBeanFactory.java:603)
	at org.springframework.beans.factory.support.AbstractAutowireCapableBeanFactory.createBean(AbstractAutowireCapableBeanFactory.java:525)
	at org.springframework.beans.factory.support.AbstractBeanFactory.lambda$doGetBean$0(AbstractBeanFactory.java:333)
	at org.springframework.beans.factory.support.DefaultSingletonBeanRegistry.getSingleton(DefaultSingletonBeanRegistry.java:371)
	at org.springframework.beans.factory.support.AbstractBeanFactory.doGetBean(AbstractBeanFactory.java:331)
	at org.springframework.beans.factory.support.AbstractBeanFactory.getBean(AbstractBeanFactory.java:201)
	at org.springframework.context.support.AbstractApplicationContext.finishBeanFactoryInitialization(AbstractApplicationContext.java:976)
	at org.springframework.context.support.AbstractApplicationContext.refresh(AbstractApplicationContext.java:620)
	at org.springframework.boot.web.server.servlet.context.ServletWebServerApplicationContext.refresh(ServletWebServerApplicationContext.java:143)
	at org.springframework.boot.SpringApplication.refresh(SpringApplication.java:756)
	at org.springframework.boot.SpringApplication.refreshContext(SpringApplication.java:445)
	at org.springframework.boot.SpringApplication.run(SpringApplication.java:321)
	at org.springframework.boot.SpringApplication.run(SpringApplication.java:1365)
	at org.springframework.boot.SpringApplication.run(SpringApplication.java:1354)
	at parking.SmartParkingApplication.main(SmartParkingApplication.java:10)
Caused by: jakarta.persistence.PersistenceException: Unable to build Hibernate SessionFactory  [persistence unit: default] ; nested exception is org.hibernate.exception.GenericJDBCException: Unable to open JDBC Connection for DDL execution [FATAL: database "parking_db" does not exist] [n/a]
	at org.springframework.orm.jpa.AbstractEntityManagerFactoryBean.buildNativeEntityManagerFactory(AbstractEntityManagerFactoryBean.java:428)
	at org.springframework.orm.jpa.AbstractEntityManagerFactoryBean.afterPropertiesSet(AbstractEntityManagerFactoryBean.java:396)
	at org.springframework.orm.jpa.LocalContainerEntityManagerFactoryBean.afterPropertiesSet(LocalContainerEntityManagerFactoryBean.java:409)
	at org.springframework.beans.factory.support.AbstractAutowireCapableBeanFactory.invokeInitMethods(AbstractAutowireCapableBeanFactory.java:1864)
	at org.springframework.beans.factory.support.AbstractAutowireCapableBeanFactory.initializeBean(AbstractAutowireCapableBeanFactory.java:1813)
	... 15 common frames omitted
Caused by: org.hibernate.exception.GenericJDBCException: Unable to open JDBC Connection for DDL execution [FATAL: database "parking_db" does not exist] [n/a]
	at org.hibernate.exception.internal.StandardSQLExceptionConverter.convert(StandardSQLExceptionConverter.java:39)
	at org.hibernate.engine.jdbc.spi.SqlExceptionHelper.convert(SqlExceptionHelper.java:115)
	at org.hibernate.engine.jdbc.spi.SqlExceptionHelper.convert(SqlExceptionHelper.java:101)
	at org.hibernate.resource.transaction.backend.jdbc.internal.DdlTransactionIsolatorNonJtaImpl.getIsolatedConnection(DdlTransactionIsolatorNonJtaImpl.java:71)
	at org.hibernate.resource.transaction.backend.jdbc.internal.DdlTransactionIsolatorNonJtaImpl.getIsolatedConnection(DdlTransactionIsolatorNonJtaImpl.java:37)
	at org.hibernate.tool.schema.internal.exec.ImprovedExtractionContextImpl.getJdbcConnection(ImprovedExtractionContextImpl.java:61)
	at org.hibernate.tool.schema.extract.spi.ExtractionContext.getQueryResults(ExtractionContext.java:41)
	at org.hibernate.tool.schema.extract.internal.SequenceInformationExtractorLegacyImpl.extractMetadata(SequenceInformationExtractorLegacyImpl.java:36)
	at org.hibernate.tool.schema.extract.internal.DatabaseInformationImpl.initializeSequences(DatabaseInformationImpl.java:73)
	at org.hibernate.tool.schema.extract.internal.DatabaseInformationImpl.<init>(DatabaseInformationImpl.java:63)
	at org.hibernate.tool.schema.extract.internal.CachingDatabaseInformationImpl.<init>(CachingDatabaseInformationImpl.java:43)
	at org.hibernate.tool.schema.internal.GroupedSchemaMigratorImpl.buildDatabaseInformation(GroupedSchemaMigratorImpl.java:112)
	at org.hibernate.tool.schema.internal.AbstractSchemaMigrator.doMigration(AbstractSchemaMigrator.java:83)
	at org.hibernate.tool.schema.spi.SchemaManagementToolCoordinator.performDatabaseAction(SchemaManagementToolCoordinator.java:269)
	at org.hibernate.tool.schema.spi.SchemaManagementToolCoordinator.lambda$process$1(SchemaManagementToolCoordinator.java:101)
	at java.base/java.util.HashMap.forEach(HashMap.java:1430)
	at org.hibernate.tool.schema.spi.SchemaManagementToolCoordinator.process(SchemaManagementToolCoordinator.java:100)
	at org.hibernate.boot.internal.SessionFactoryObserverForSchemaExport.sessionFactoryCreated(SessionFactoryObserverForSchemaExport.java:35)
	at org.hibernate.internal.SessionFactoryObserverChain.sessionFactoryCreated(SessionFactoryObserverChain.java:33)
	at org.hibernate.internal.SessionFactoryImpl.<init>(SessionFactoryImpl.java:323)
	at org.hibernate.internal.SessionFactoryRegistry.instantiateSessionFactory(SessionFactoryRegistry.java:64)
	at org.hibernate.boot.internal.SessionFactoryBuilderImpl.build(SessionFactoryBuilderImpl.java:437)
	at org.hibernate.jpa.boot.internal.EntityManagerFactoryBuilderImpl.build(EntityManagerFactoryBuilderImpl.java:1456)
	at org.springframework.orm.jpa.vendor.SpringHibernateJpaPersistenceProvider.createContainerEntityManagerFactory(SpringHibernateJpaPersistenceProvider.java:66)
	at org.springframework.orm.jpa.LocalContainerEntityManagerFactoryBean.createNativeEntityManagerFactory(LocalContainerEntityManagerFactoryBean.java:433)
	at org.springframework.orm.jpa.AbstractEntityManagerFactoryBean.buildNativeEntityManagerFactory(AbstractEntityManagerFactoryBean.java:416)
	... 19 common frames omitted
Caused by: org.postgresql.util.PSQLException: FATAL: database "parking_db" does not exist
	at org.postgresql.core.v3.QueryExecutorImpl.receiveErrorResponse(QueryExecutorImpl.java:2736)
	at org.postgresql.core.v3.QueryExecutorImpl.readStartupMessages(QueryExecutorImpl.java:2861)
	at org.postgresql.core.v3.QueryExecutorImpl.<init>(QueryExecutorImpl.java:178)
	at org.postgresql.core.v3.ConnectionFactoryImpl.openConnectionImpl(ConnectionFactoryImpl.java:344)
	at org.postgresql.core.ConnectionFactory.openConnection(ConnectionFactory.java:57)
	at org.postgresql.jdbc.PgConnection.<init>(PgConnection.java:279)
	at org.postgresql.Driver.makeConnection(Driver.java:448)
	at org.postgresql.Driver.connect(Driver.java:298)
	at com.zaxxer.hikari.util.DriverDataSource.getConnection(DriverDataSource.java:144)
	at com.zaxxer.hikari.pool.PoolBase.newConnection(PoolBase.java:373)
	at com.zaxxer.hikari.pool.PoolBase.newPoolEntry(PoolBase.java:210)
	at com.zaxxer.hikari.pool.HikariPool.createPoolEntry(HikariPool.java:488)
	at com.zaxxer.hikari.pool.HikariPool.checkFailFast(HikariPool.java:576)
	at com.zaxxer.hikari.pool.HikariPool.<init>(HikariPool.java:97)
	at com.zaxxer.hikari.HikariDataSource.getConnection(HikariDataSource.java:111)
	at org.hibernate.engine.jdbc.connections.internal.DataSourceConnectionProvider.getConnection(DataSourceConnectionProvider.java:137)
	at org.hibernate.engine.jdbc.env.internal.JdbcEnvironmentInitiator$ConnectionProviderJdbcConnectionAccess.obtainConnection(JdbcEnvironmentInitiator.java:508)
	at org.hibernate.resource.transaction.backend.jdbc.internal.DdlTransactionIsolatorNonJtaImpl.getIsolatedConnection(DdlTransactionIsolatorNonJtaImpl.java:44)
	... 41 common frames omitted
2025-12-30 12:03:53 [main] INFO  parking.SmartParkingApplication - Starting SmartParkingApplication using Java 25 with PID 26656 (C:\Users\PMLS\Downloads\parking\parking\target\classes started by PMYLS in C:\Users\PMLS\Downloads\parking)
2025-12-30 12:03:53 [main] INFO  parking.SmartParkingApplication - No active profile set, falling back to 1 default profile: "default"
2025-12-30 12:03:54 [main] INFO  o.s.d.r.c.RepositoryConfigurationDelegate - Bootstrapping Spring Data JPA repositories in DEFAULT mode.
2025-12-30 12:03:54 [main] INFO  o.s.d.r.c.RepositoryConfigurationDelegate - Finished Spring Data repository scanning in 61 ms. Found 3 JPA repository interfaces.
2025-12-30 12:03:55 [main] INFO  o.s.boot.tomcat.TomcatWebServer - Tomcat initialized with port 8080 (http)
2025-12-30 12:03:55 [main] INFO  o.a.catalina.core.StandardService - Starting service [Tomcat]
2025-12-30 12:03:55 [main] INFO  o.a.catalina.core.StandardEngine - Starting Servlet engine: [Apache Tomcat/11.0.15]
2025-12-30 12:03:55 [main] INFO  o.s.b.w.c.s.WebApplicationContextInitializer - Root WebApplicationContext: initialization completed in 1470 ms
2025-12-30 12:03:55 [main] INFO  org.hibernate.orm.jpa - HHH008540: Processing PersistenceUnitInfo [name: default]
2025-12-30 12:03:55 [main] INFO  org.hibernate.orm.core - HHH000001: Hibernate ORM core version 7.2.0.Final
2025-12-30 12:03:56 [main] INFO  o.s.o.j.p.SpringPersistenceUnitInfo - No LoadTimeWeaver setup: ignoring JPA class transformer
2025-12-30 12:03:56 [main] INFO  com.zaxxer.hikari.HikariDataSource - HikariPool-1 - Starting...
2025-12-30 12:03:56 [main] INFO  com.zaxxer.hikari.pool.HikariPool - HikariPool-1 - Added connection org.postgresql.jdbc.PgConnection@63eea8c4
2025-12-30 12:03:56 [main] INFO  com.zaxxer.hikari.HikariDataSource - HikariPool-1 - Start completed.
2025-12-30 12:03:56 [main] WARN  org.hibernate.orm.deprecation - HHH90000025: PostgreSQLDialect does not need to be specified explicitly using 'hibernate.dialect' (remove the property setting and it will be selected by default)
2025-12-30 12:03:56 [main] INFO  o.hibernate.orm.connections.pooling - HHH10001005: Database info:
	Database JDBC URL [jdbc:postgresql://localhost:5432/parking]
	Database driver: PostgreSQL JDBC Driver
	Database dialect: PostgreSQLDialect
	Database version: 17.7
	Default catalog/schema: parking/public
	Autocommit mode: undefined/unknown
	Isolation level: READ_COMMITTED [default READ_COMMITTED]
	JDBC fetch size: none
	Pool: DataSourceConnectionProvider
	Minimum pool size: undefined/unknown
	Maximum pool size: undefined/unknown
2025-12-30 12:03:57 [main] INFO  org.hibernate.orm.core - HHH000489: No JTA platform available (set 'hibernate.transaction.jta.platform' to enable JTA platform integration)
2025-12-30 12:03:57 [main] INFO  o.s.o.j.LocalContainerEntityManagerFactoryBean - Initialized JPA EntityManagerFactory for persistence unit 'default'
2025-12-30 12:03:57 [main] INFO  o.s.d.j.r.q.QueryEnhancerFactories - Hibernate is in classpath; If applicable, HQL parser will be used.
2025-12-30 12:03:58 [main] INFO  parking.config.KafkaConfig - Creating Kafka Template for message production
2025-12-30 12:03:58 [main] INFO  parking.config.KafkaConfig - Configuring Kafka Producer with bootstrap servers: localhost:9092
2025-12-30 12:03:58 [main] INFO  parking.config.KafkaConfig - Configuring Kafka Consumer with bootstrap servers: localhost:9092
2025-12-30 12:03:58 [main] INFO  parking.config.KafkaConfig - Creating Kafka Listener Container Factory
2025-12-30 12:03:58 [main] INFO  parking.config.KafkaConfig - Creating Kafka topic: parking-events
2025-12-30 12:03:58 [main] INFO  parking.config.KafkaConfig - Creating Kafka topic: slot-updates
2025-12-30 12:03:58 [main] INFO  parking.config.KafkaConfig - Creating Kafka topic: parking-violations
2025-12-30 12:03:58 [main] WARN  o.s.b.w.s.s.c.AnnotationConfigServletWebServerApplicationContext - Exception encountered during context initialization - cancelling refresh attempt: org.springframework.context.ApplicationContextException: Failed to start bean 'webServerStartStop'
2025-12-30 12:03:58 [main] INFO  o.s.o.j.LocalContainerEntityManagerFactoryBean - Closing JPA EntityManagerFactory for persistence unit 'default'
2025-12-30 12:03:58 [main] INFO  com.zaxxer.hikari.HikariDataSource - HikariPool-1 - Shutdown initiated...
2025-12-30 12:03:58 [main] INFO  com.zaxxer.hikari.HikariDataSource - HikariPool-1 - Shutdown completed.
2025-12-30 12:03:58 [main] INFO  o.s.b.a.l.ConditionEvaluationReportLogger - 

Error starting ApplicationContext. To display the condition evaluation report re-run your application with 'debug' enabled.
2025-12-30 12:03:58 [main] ERROR o.s.b.d.LoggingFailureAnalysisReporter - 

***************************
APPLICATION FAILED TO START
***************************

Description:

Web server failed to start. Port 8080 was already in use.

Action:

Identify and stop the process that's listening on port 8080 or configure this application to listen on another port.

2025-12-30 12:04:43 [main] INFO  parking.SmartParkingApplication - Starting SmartParkingApplication using Java 25 with PID 25452 (C:\Users\PMLS\Downloads\parking\parking\target\classes started by PMYLS in C:\Users\PMLS\Downloads\parking)
2025-12-30 12:04:43 [main] INFO  parking.SmartParkingApplication - No active profile set, falling back to 1 default profile: "default"
2025-12-30 12:04:44 [main] INFO  o.s.d.r.c.RepositoryConfigurationDelegate - Bootstrapping Spring Data JPA repositories in DEFAULT mode.
2025-12-30 12:04:44 [main] INFO  o.s.d.r.c.RepositoryConfigurationDelegate - Finished Spring Data repository scanning in 65 ms. Found 3 JPA repository interfaces.
2025-12-30 12:04:45 [main] INFO  o.s.boot.tomcat.TomcatWebServer - Tomcat initialized with port 8080 (http)
2025-12-30 12:04:45 [main] INFO  o.a.catalina.core.StandardService - Starting service [Tomcat]
2025-12-30 12:04:45 [main] INFO  o.a.catalina.core.StandardEngine - Starting Servlet engine: [Apache Tomcat/11.0.15]
2025-12-30 12:04:45 [main] INFO  o.s.b.w.c.s.WebApplicationContextInitializer - Root WebApplicationContext: initialization completed in 1509 ms
2025-12-30 12:04:45 [main] INFO  org.hibernate.orm.jpa - HHH008540: Processing PersistenceUnitInfo [name: default]
2025-12-30 12:04:45 [main] INFO  org.hibernate.orm.core - HHH000001: Hibernate ORM core version 7.2.0.Final
2025-12-30 12:04:46 [main] INFO  o.s.o.j.p.SpringPersistenceUnitInfo - No LoadTimeWeaver setup: ignoring JPA class transformer
2025-12-30 12:04:46 [main] INFO  com.zaxxer.hikari.HikariDataSource - HikariPool-1 - Starting...
2025-12-30 12:04:46 [main] INFO  com.zaxxer.hikari.pool.HikariPool - HikariPool-1 - Added connection org.postgresql.jdbc.PgConnection@4e26564d
2025-12-30 12:04:46 [main] INFO  com.zaxxer.hikari.HikariDataSource - HikariPool-1 - Start completed.
2025-12-30 12:04:46 [main] WARN  org.hibernate.orm.deprecation - HHH90000025: PostgreSQLDialect does not need to be specified explicitly using 'hibernate.dialect' (remove the property setting and it will be selected by default)
2025-12-30 12:04:46 [main] INFO  o.hibernate.orm.connections.pooling - HHH10001005: Database info:
	Database JDBC URL [jdbc:postgresql://localhost:5432/parking]
	Database driver: PostgreSQL JDBC Driver
	Database dialect: PostgreSQLDialect
	Database version: 17.7
	Default catalog/schema: parking/public
	Autocommit mode: undefined/unknown
	Isolation level: READ_COMMITTED [default READ_COMMITTED]
	JDBC fetch size: none
	Pool: DataSourceConnectionProvider
	Minimum pool size: undefined/unknown
	Maximum pool size: undefined/unknown
2025-12-30 12:04:47 [main] INFO  org.hibernate.orm.core - HHH000489: No JTA platform available (set 'hibernate.transaction.jta.platform' to enable JTA platform integration)
2025-12-30 12:04:47 [main] INFO  o.s.o.j.LocalContainerEntityManagerFactoryBean - Initialized JPA EntityManagerFactory for persistence unit 'default'
2025-12-30 12:04:47 [main] INFO  o.s.d.j.r.q.QueryEnhancerFactories - Hibernate is in classpath; If applicable, HQL parser will be used.
2025-12-30 12:04:48 [main] INFO  parking.config.KafkaConfig - Creating Kafka Template for message production
2025-12-30 12:04:48 [main] INFO  parking.config.KafkaConfig - Configuring Kafka Producer with bootstrap servers: localhost:9092
2025-12-30 12:04:48 [main] INFO  parking.config.KafkaConfig - Configuring Kafka Consumer with bootstrap servers: localhost:9092
2025-12-30 12:04:48 [main] INFO  parking.config.KafkaConfig - Creating Kafka Listener Container Factory
2025-12-30 12:04:48 [main] INFO  parking.config.KafkaConfig - Creating Kafka topic: parking-events
2025-12-30 12:04:48 [main] INFO  parking.config.KafkaConfig - Creating Kafka topic: slot-updates
2025-12-30 12:04:48 [main] INFO  parking.config.KafkaConfig - Creating Kafka topic: parking-violations
2025-12-30 12:04:48 [main] INFO  o.s.boot.tomcat.TomcatWebServer - Tomcat started on port 8080 (http) with context path '/'
2025-12-30 12:04:48 [main] INFO  o.a.k.common.config.AbstractConfig - ConsumerConfig values: 
	allow.auto.create.topics = true
	auto.commit.interval.ms = 5000
	auto.offset.reset = earliest
	bootstrap.servers = [localhost:9092]
	check.crcs = true
	client.dns.lookup = use_all_dns_ips
	client.id = consumer-parking-consumer-group-1
	client.rack = 
	connections.max.idle.ms = 540000
	default.api.timeout.ms = 60000
	enable.auto.commit = true
	enable.metrics.push = true
	exclude.internal.topics = true
	fetch.max.bytes = 52428800
	fetch.max.wait.ms = 500
	fetch.min.bytes = 1
	group.id = parking-consumer-group
	group.instance.id = null
	group.protocol = classic
	group.remote.assignor = null
	heartbeat.interval.ms = 3000
	interceptor.classes = []
	internal.leave.group.on.close = true
	internal.throw.on.fetch.stable.offset.unsupported = false
	isolation.level = read_uncommitted
	key.deserializer = class org.apache.kafka.common.serialization.StringDeserializer
	max.partition.fetch.bytes = 1048576
	max.poll.interval.ms = 300000
	max.poll.records = 500
	metadata.max.age.ms = 300000
	metadata.recovery.rebootstrap.trigger.ms = 300000
	metadata.recovery.strategy = rebootstrap
	metric.reporters = [org.apache.kafka.common.metrics.JmxReporter]
	metrics.num.samples = 2
	metrics.recording.level = INFO
	metrics.sample.window.ms = 30000
	partition.assignment.strategy = [class org.apache.kafka.clients.consumer.RangeAssignor, class org.apache.kafka.clients.consumer.CooperativeStickyAssignor]
	receive.buffer.bytes = 65536
	reconnect.backoff.max.ms = 1000
	reconnect.backoff.ms = 50
	request.timeout.ms = 30000
	retry.backoff.max.ms = 1000
	retry.backoff.ms = 100
	sasl.client.callback.handler.class = null
	sasl.jaas.config = null
	sasl.kerberos.kinit.cmd = /usr/bin/kinit
	sasl.kerberos.min.time.before.relogin = 60000
	sasl.kerberos.service.name = null
	sasl.kerberos.ticket.renew.jitter = 0.05
	sasl.kerberos.ticket.renew.window.factor = 0.8
	sasl.login.callback.handler.class = null
	sasl.login.class = null
	sasl.login.connect.timeout.ms = null
	sasl.login.read.timeout.ms = null
	sasl.login.refresh.buffer.seconds = 300
	sasl.login.refresh.min.period.seconds = 60
	sasl.login.refresh.window.factor = 0.8
	sasl.login.refresh.window.jitter = 0.05
	sasl.login.retry.backoff.max.ms = 10000
	sasl.login.retry.backoff.ms = 100
	sasl.mechanism = GSSAPI
	sasl.oauthbearer.assertion.algorithm = RS256
	sasl.oauthbearer.assertion.claim.aud = null
	sasl.oauthbearer.assertion.claim.exp.seconds = 300
	sasl.oauthbearer.assertion.claim.iss = null
	sasl.oauthbearer.assertion.claim.jti.include = false
	sasl.oauthbearer.assertion.claim.nbf.seconds = 60
	sasl.oauthbearer.assertion.claim.sub = null
	sasl.oauthbearer.assertion.file = null
	sasl.oauthbearer.assertion.private.key.file = null
	sasl.oauthbearer.assertion.private.key.passphrase = null
	sasl.oauthbearer.assertion.template.file = null
	sasl.oauthbearer.client.credentials.client.id = null
	sasl.oauthbearer.client.credentials.client.secret = null
	sasl.oauthbearer.clock.skew.seconds = 30
	sasl.oauthbearer.expected.audience = null
	sasl.oauthbearer.expected.issuer = null
	sasl.oauthbearer.header.urlencode = false
	sasl.oauthbearer.jwks.endpoint.refresh.ms = 3600000
	sasl.oauthbearer.jwks.endpoint.retry.backoff.max.ms = 10000
	sasl.oauthbearer.jwks.endpoint.retry.backoff.ms = 100
	sasl.oauthbearer.jwks.endpoint.url = null
	sasl.oauthbearer.jwt.retriever.class = class org.apache.kafka.common.security.oauthbearer.DefaultJwtRetriever
	sasl.oauthbearer.jwt.validator.class = class org.apache.kafka.common.security.oauthbearer.DefaultJwtValidator
	sasl.oauthbearer.scope = null
	sasl.oauthbearer.scope.claim.name = scope
	sasl.oauthbearer.sub.claim.name = sub
	sasl.oauthbearer.token.endpoint.url = null
	security.protocol = PLAINTEXT
	security.providers = null
	send.buffer.bytes = 131072
	session.timeout.ms = 45000
	share.acknowledgement.mode = implicit
	socket.connection.setup.timeout.max.ms = 30000
	socket.connection.setup.timeout.ms = 10000
	ssl.cipher.suites = null
	ssl.enabled.protocols = [TLSv1.2, TLSv1.3]
	ssl.endpoint.identification.algorithm = https
	ssl.engine.factory.class = null
	ssl.key.password = null
	ssl.keymanager.algorithm = SunX509
	ssl.keystore.certificate.chain = null
	ssl.keystore.key = null
	ssl.keystore.location = null
	ssl.keystore.password = null
	ssl.keystore.type = JKS
	ssl.protocol = TLSv1.3
	ssl.provider = null
	ssl.secure.random.implementation = null
	ssl.trustmanager.algorithm = PKIX
	ssl.truststore.certificates = null
	ssl.truststore.location = null
	ssl.truststore.password = null
	ssl.truststore.type = JKS
	value.deserializer = class org.apache.kafka.common.serialization.StringDeserializer

2025-12-30 12:04:48 [main] INFO  o.a.k.c.t.i.KafkaMetricsCollector - initializing Kafka metrics collector
2025-12-30 12:04:49 [main] INFO  o.a.k.common.config.AbstractConfig - These configurations '[spring.deserializer.value.delegate.class, spring.deserializer.key.delegate.class]' were supplied but are not used yet.
2025-12-30 12:04:49 [main] INFO  o.a.kafka.common.utils.AppInfoParser - Kafka version: 4.1.1
2025-12-30 12:04:49 [main] INFO  o.a.kafka.common.utils.AppInfoParser - Kafka commitId: be816b82d25370ce
2025-12-30 12:04:49 [main] INFO  o.a.kafka.common.utils.AppInfoParser - Kafka startTimeMs: 1767078289080
2025-12-30 12:04:49 [main] INFO  o.a.k.c.c.i.ClassicKafkaConsumer - [Consumer clientId=consumer-parking-consumer-group-1, groupId=parking-consumer-group] Subscribed to topic(s): parking-violations
2025-12-30 12:04:49 [main] INFO  o.a.k.common.config.AbstractConfig - ConsumerConfig values: 
	allow.auto.create.topics = true
	auto.commit.interval.ms = 5000
	auto.offset.reset = earliest
	bootstrap.servers = [localhost:9092]
	check.crcs = true
	client.dns.lookup = use_all_dns_ips
	client.id = consumer-parking-consumer-group-2
	client.rack = 
	connections.max.idle.ms = 540000
	default.api.timeout.ms = 60000
	enable.auto.commit = true
	enable.metrics.push = true
	exclude.internal.topics = true
	fetch.max.bytes = 52428800
	fetch.max.wait.ms = 500
	fetch.min.bytes = 1
	group.id = parking-consumer-group
	group.instance.id = null
	group.protocol = classic
	group.remote.assignor = null
	heartbeat.interval.ms = 3000
	interceptor.classes = []
	internal.leave.group.on.close = true
	internal.throw.on.fetch.stable.offset.unsupported = false
	isolation.level = read_uncommitted
	key.deserializer = class org.apache.kafka.common.serialization.StringDeserializer
	max.partition.fetch.bytes = 1048576
	max.poll.interval.ms = 300000
	max.poll.records = 500
	metadata.max.age.ms = 300000
	metadata.recovery.rebootstrap.trigger.ms = 300000
	metadata.recovery.strategy = rebootstrap
	metric.reporters = [org.apache.kafka.common.metrics.JmxReporter]
	metrics.num.samples = 2
	metrics.recording.level = INFO
	metrics.sample.window.ms = 30000
	partition.assignment.strategy = [class org.apache.kafka.clients.consumer.RangeAssignor, class org.apache.kafka.clients.consumer.CooperativeStickyAssignor]
	receive.buffer.bytes = 65536
	reconnect.backoff.max.ms = 1000
	reconnect.backoff.ms = 50
	request.timeout.ms = 30000
	retry.backoff.max.ms = 1000
	retry.backoff.ms = 100
	sasl.client.callback.handler.class = null
	sasl.jaas.config = null
	sasl.kerberos.kinit.cmd = /usr/bin/kinit
	sasl.kerberos.min.time.before.relogin = 60000
	sasl.kerberos.service.name = null
	sasl.kerberos.ticket.renew.jitter = 0.05
	sasl.kerberos.ticket.renew.window.factor = 0.8
	sasl.login.callback.handler.class = null
	sasl.login.class = null
	sasl.login.connect.timeout.ms = null
	sasl.login.read.timeout.ms = null
	sasl.login.refresh.buffer.seconds = 300
	sasl.login.refresh.min.period.seconds = 60
	sasl.login.refresh.window.factor = 0.8
	sasl.login.refresh.window.jitter = 0.05
	sasl.login.retry.backoff.max.ms = 10000
	sasl.login.retry.backoff.ms = 100
	sasl.mechanism = GSSAPI
	sasl.oauthbearer.assertion.algorithm = RS256
	sasl.oauthbearer.assertion.claim.aud = null
	sasl.oauthbearer.assertion.claim.exp.seconds = 300
	sasl.oauthbearer.assertion.claim.iss = null
	sasl.oauthbearer.assertion.claim.jti.include = false
	sasl.oauthbearer.assertion.claim.nbf.seconds = 60
	sasl.oauthbearer.assertion.claim.sub = null
	sasl.oauthbearer.assertion.file = null
	sasl.oauthbearer.assertion.private.key.file = null
	sasl.oauthbearer.assertion.private.key.passphrase = null
	sasl.oauthbearer.assertion.template.file = null
	sasl.oauthbearer.client.credentials.client.id = null
	sasl.oauthbearer.client.credentials.client.secret = null
	sasl.oauthbearer.clock.skew.seconds = 30
	sasl.oauthbearer.expected.audience = null
	sasl.oauthbearer.expected.issuer = null
	sasl.oauthbearer.header.urlencode = false
	sasl.oauthbearer.jwks.endpoint.refresh.ms = 3600000
	sasl.oauthbearer.jwks.endpoint.retry.backoff.max.ms = 10000
	sasl.oauthbearer.jwks.endpoint.retry.backoff.ms = 100
	sasl.oauthbearer.jwks.endpoint.url = null
	sasl.oauthbearer.jwt.retriever.class = class org.apache.kafka.common.security.oauthbearer.DefaultJwtRetriever
	sasl.oauthbearer.jwt.validator.class = class org.apache.kafka.common.security.oauthbearer.DefaultJwtValidator
	sasl.oauthbearer.scope = null
	sasl.oauthbearer.scope.claim.name = scope
	sasl.oauthbearer.sub.claim.name = sub
	sasl.oauthbearer.token.endpoint.url = null
	security.protocol = PLAINTEXT
	security.providers = null
	send.buffer.bytes = 131072
	session.timeout.ms = 45000
	share.acknowledgement.mode = implicit
	socket.connection.setup.timeout.max.ms = 30000
	socket.connection.setup.timeout.ms = 10000
	ssl.cipher.suites = null
	ssl.enabled.protocols = [TLSv1.2, TLSv1.3]
	ssl.endpoint.identification.algorithm = https
	ssl.engine.factory.class = null
	ssl.key.password = null
	ssl.keymanager.algorithm = SunX509
	ssl.keystore.certificate.chain = null
	ssl.keystore.key = null
	ssl.keystore.location = null
	ssl.keystore.password = null
	ssl.keystore.type = JKS
	ssl.protocol = TLSv1.3
	ssl.provider = null
	ssl.secure.random.implementation = null
	ssl.trustmanager.algorithm = PKIX
	ssl.truststore.certificates = null
	ssl.truststore.location = null
	ssl.truststore.password = null
	ssl.truststore.type = JKS
	value.deserializer = class org.apache.kafka.common.serialization.StringDeserializer

2025-12-30 12:04:49 [main] INFO  o.a.k.c.t.i.KafkaMetricsCollector - initializing Kafka metrics collector
2025-12-30 12:04:49 [main] INFO  o.a.k.common.config.AbstractConfig - These configurations '[spring.deserializer.value.delegate.class, spring.deserializer.key.delegate.class]' were supplied but are not used yet.
2025-12-30 12:04:49 [main] INFO  o.a.kafka.common.utils.AppInfoParser - Kafka version: 4.1.1
2025-12-30 12:04:49 [main] INFO  o.a.kafka.common.utils.AppInfoParser - Kafka commitId: be816b82d25370ce
2025-12-30 12:04:49 [main] INFO  o.a.kafka.common.utils.AppInfoParser - Kafka startTimeMs: 1767078289097
2025-12-30 12:04:49 [main] INFO  o.a.k.c.c.i.ClassicKafkaConsumer - [Consumer clientId=consumer-parking-consumer-group-2, groupId=parking-consumer-group] Subscribed to topic(s): parking-violations
2025-12-30 12:04:49 [main] INFO  o.a.k.common.config.AbstractConfig - ConsumerConfig values: 
	allow.auto.create.topics = true
	auto.commit.interval.ms = 5000
	auto.offset.reset = earliest
	bootstrap.servers = [localhost:9092]
	check.crcs = true
	client.dns.lookup = use_all_dns_ips
	client.id = consumer-parking-consumer-group-3
	client.rack = 
	connections.max.idle.ms = 540000
	default.api.timeout.ms = 60000
	enable.auto.commit = true
	enable.metrics.push = true
	exclude.internal.topics = true
	fetch.max.bytes = 52428800
	fetch.max.wait.ms = 500
	fetch.min.bytes = 1
	group.id = parking-consumer-group
	group.instance.id = null
	group.protocol = classic
	group.remote.assignor = null
	heartbeat.interval.ms = 3000
	interceptor.classes = []
	internal.leave.group.on.close = true
	internal.throw.on.fetch.stable.offset.unsupported = false
	isolation.level = read_uncommitted
	key.deserializer = class org.apache.kafka.common.serialization.StringDeserializer
	max.partition.fetch.bytes = 1048576
	max.poll.interval.ms = 300000
	max.poll.records = 500
	metadata.max.age.ms = 300000
	metadata.recovery.rebootstrap.trigger.ms = 300000
	metadata.recovery.strategy = rebootstrap
	metric.reporters = [org.apache.kafka.common.metrics.JmxReporter]
	metrics.num.samples = 2
	metrics.recording.level = INFO
	metrics.sample.window.ms = 30000
	partition.assignment.strategy = [class org.apache.kafka.clients.consumer.RangeAssignor, class org.apache.kafka.clients.consumer.CooperativeStickyAssignor]
	receive.buffer.bytes = 65536
	reconnect.backoff.max.ms = 1000
	reconnect.backoff.ms = 50
	request.timeout.ms = 30000
	retry.backoff.max.ms = 1000
	retry.backoff.ms = 100
	sasl.client.callback.handler.class = null
	sasl.jaas.config = null
	sasl.kerberos.kinit.cmd = /usr/bin/kinit
	sasl.kerberos.min.time.before.relogin = 60000
	sasl.kerberos.service.name = null
	sasl.kerberos.ticket.renew.jitter = 0.05
	sasl.kerberos.ticket.renew.window.factor = 0.8
	sasl.login.callback.handler.class = null
	sasl.login.class = null
	sasl.login.connect.timeout.ms = null
	sasl.login.read.timeout.ms = null
	sasl.login.refresh.buffer.seconds = 300
	sasl.login.refresh.min.period.seconds = 60
	sasl.login.refresh.window.factor = 0.8
	sasl.login.refresh.window.jitter = 0.05
	sasl.login.retry.backoff.max.ms = 10000
	sasl.login.retry.backoff.ms = 100
	sasl.mechanism = GSSAPI
	sasl.oauthbearer.assertion.algorithm = RS256
	sasl.oauthbearer.assertion.claim.aud = null
	sasl.oauthbearer.assertion.claim.exp.seconds = 300
	sasl.oauthbearer.assertion.claim.iss = null
	sasl.oauthbearer.assertion.claim.jti.include = false
	sasl.oauthbearer.assertion.claim.nbf.seconds = 60
	sasl.oauthbearer.assertion.claim.sub = null
	sasl.oauthbearer.assertion.file = null
	sasl.oauthbearer.assertion.private.key.file = null
	sasl.oauthbearer.assertion.private.key.passphrase = null
	sasl.oauthbearer.assertion.template.file = null
	sasl.oauthbearer.client.credentials.client.id = null
	sasl.oauthbearer.client.credentials.client.secret = null
	sasl.oauthbearer.clock.skew.seconds = 30
	sasl.oauthbearer.expected.audience = null
	sasl.oauthbearer.expected.issuer = null
	sasl.oauthbearer.header.urlencode = false
	sasl.oauthbearer.jwks.endpoint.refresh.ms = 3600000
	sasl.oauthbearer.jwks.endpoint.retry.backoff.max.ms = 10000
	sasl.oauthbearer.jwks.endpoint.retry.backoff.ms = 100
	sasl.oauthbearer.jwks.endpoint.url = null
	sasl.oauthbearer.jwt.retriever.class = class org.apache.kafka.common.security.oauthbearer.DefaultJwtRetriever
	sasl.oauthbearer.jwt.validator.class = class org.apache.kafka.common.security.oauthbearer.DefaultJwtValidator
	sasl.oauthbearer.scope = null
	sasl.oauthbearer.scope.claim.name = scope
	sasl.oauthbearer.sub.claim.name = sub
	sasl.oauthbearer.token.endpoint.url = null
	security.protocol = PLAINTEXT
	security.providers = null
	send.buffer.bytes = 131072
	session.timeout.ms = 45000
	share.acknowledgement.mode = implicit
	socket.connection.setup.timeout.max.ms = 30000
	socket.connection.setup.timeout.ms = 10000
	ssl.cipher.suites = null
	ssl.enabled.protocols = [TLSv1.2, TLSv1.3]
	ssl.endpoint.identification.algorithm = https
	ssl.engine.factory.class = null
	ssl.key.password = null
	ssl.keymanager.algorithm = SunX509
	ssl.keystore.certificate.chain = null
	ssl.keystore.key = null
	ssl.keystore.location = null
	ssl.keystore.password = null
	ssl.keystore.type = JKS
	ssl.protocol = TLSv1.3
	ssl.provider = null
	ssl.secure.random.implementation = null
	ssl.trustmanager.algorithm = PKIX
	ssl.truststore.certificates = null
	ssl.truststore.location = null
	ssl.truststore.password = null
	ssl.truststore.type = JKS
	value.deserializer = class org.apache.kafka.common.serialization.StringDeserializer

2025-12-30 12:04:49 [main] INFO  o.a.k.c.t.i.KafkaMetricsCollector - initializing Kafka metrics collector
2025-12-30 12:04:49 [main] INFO  o.a.k.common.config.AbstractConfig - These configurations '[spring.deserializer.value.delegate.class, spring.deserializer.key.delegate.class]' were supplied but are not used yet.
2025-12-30 12:04:49 [main] INFO  o.a.kafka.common.utils.AppInfoParser - Kafka version: 4.1.1
2025-12-30 12:04:49 [main] INFO  o.a.kafka.common.utils.AppInfoParser - Kafka commitId: be816b82d25370ce
2025-12-30 12:04:49 [main] INFO  o.a.kafka.common.utils.AppInfoParser - Kafka startTimeMs: 1767078289105
2025-12-30 12:04:49 [main] INFO  o.a.k.c.c.i.ClassicKafkaConsumer - [Consumer clientId=consumer-parking-consumer-group-3, groupId=parking-consumer-group] Subscribed to topic(s): parking-violations
2025-12-30 12:04:49 [main] INFO  o.a.k.common.config.AbstractConfig - ConsumerConfig values: 
	allow.auto.create.topics = true
	auto.commit.interval.ms = 5000
	auto.offset.reset = earliest
	bootstrap.servers = [localhost:9092]
	check.crcs = true
	client.dns.lookup = use_all_dns_ips
	client.id = consumer-parking-consumer-group-4
	client.rack = 
	connections.max.idle.ms = 540000
	default.api.timeout.ms = 60000
	enable.auto.commit = true
	enable.metrics.push = true
	exclude.internal.topics = true
	fetch.max.bytes = 52428800
	fetch.max.wait.ms = 500
	fetch.min.bytes = 1
	group.id = parking-consumer-group
	group.instance.id = null
	group.protocol = classic
	group.remote.assignor = null
	heartbeat.interval.ms = 3000
	interceptor.classes = []
	internal.leave.group.on.close = true
	internal.throw.on.fetch.stable.offset.unsupported = false
	isolation.level = read_uncommitted
	key.deserializer = class org.apache.kafka.common.serialization.StringDeserializer
	max.partition.fetch.bytes = 1048576
	max.poll.interval.ms = 300000
	max.poll.records = 500
	metadata.max.age.ms = 300000
	metadata.recovery.rebootstrap.trigger.ms = 300000
	metadata.recovery.strategy = rebootstrap
	metric.reporters = [org.apache.kafka.common.metrics.JmxReporter]
	metrics.num.samples = 2
	metrics.recording.level = INFO
	metrics.sample.window.ms = 30000
	partition.assignment.strategy = [class org.apache.kafka.clients.consumer.RangeAssignor, class org.apache.kafka.clients.consumer.CooperativeStickyAssignor]
	receive.buffer.bytes = 65536
	reconnect.backoff.max.ms = 1000
	reconnect.backoff.ms = 50
	request.timeout.ms = 30000
	retry.backoff.max.ms = 1000
	retry.backoff.ms = 100
	sasl.client.callback.handler.class = null
	sasl.jaas.config = null
	sasl.kerberos.kinit.cmd = /usr/bin/kinit
	sasl.kerberos.min.time.before.relogin = 60000
	sasl.kerberos.service.name = null
	sasl.kerberos.ticket.renew.jitter = 0.05
	sasl.kerberos.ticket.renew.window.factor = 0.8
	sasl.login.callback.handler.class = null
	sasl.login.class = null
	sasl.login.connect.timeout.ms = null
	sasl.login.read.timeout.ms = null
	sasl.login.refresh.buffer.seconds = 300
	sasl.login.refresh.min.period.seconds = 60
	sasl.login.refresh.window.factor = 0.8
	sasl.login.refresh.window.jitter = 0.05
	sasl.login.retry.backoff.max.ms = 10000
	sasl.login.retry.backoff.ms = 100
	sasl.mechanism = GSSAPI
	sasl.oauthbearer.assertion.algorithm = RS256
	sasl.oauthbearer.assertion.claim.aud = null
	sasl.oauthbearer.assertion.claim.exp.seconds = 300
	sasl.oauthbearer.assertion.claim.iss = null
	sasl.oauthbearer.assertion.claim.jti.include = false
	sasl.oauthbearer.assertion.claim.nbf.seconds = 60
	sasl.oauthbearer.assertion.claim.sub = null
	sasl.oauthbearer.assertion.file = null
	sasl.oauthbearer.assertion.private.key.file = null
	sasl.oauthbearer.assertion.private.key.passphrase = null
	sasl.oauthbearer.assertion.template.file = null
	sasl.oauthbearer.client.credentials.client.id = null
	sasl.oauthbearer.client.credentials.client.secret = null
	sasl.oauthbearer.clock.skew.seconds = 30
	sasl.oauthbearer.expected.audience = null
	sasl.oauthbearer.expected.issuer = null
	sasl.oauthbearer.header.urlencode = false
	sasl.oauthbearer.jwks.endpoint.refresh.ms = 3600000
	sasl.oauthbearer.jwks.endpoint.retry.backoff.max.ms = 10000
	sasl.oauthbearer.jwks.endpoint.retry.backoff.ms = 100
	sasl.oauthbearer.jwks.endpoint.url = null
	sasl.oauthbearer.jwt.retriever.class = class org.apache.kafka.common.security.oauthbearer.DefaultJwtRetriever
	sasl.oauthbearer.jwt.validator.class = class org.apache.kafka.common.security.oauthbearer.DefaultJwtValidator
	sasl.oauthbearer.scope = null
	sasl.oauthbearer.scope.claim.name = scope
	sasl.oauthbearer.sub.claim.name = sub
	sasl.oauthbearer.token.endpoint.url = null
	security.protocol = PLAINTEXT
	security.providers = null
	send.buffer.bytes = 131072
	session.timeout.ms = 45000
	share.acknowledgement.mode = implicit
	socket.connection.setup.timeout.max.ms = 30000
	socket.connection.setup.timeout.ms = 10000
	ssl.cipher.suites = null
	ssl.enabled.protocols = [TLSv1.2, TLSv1.3]
	ssl.endpoint.identification.algorithm = https
	ssl.engine.factory.class = null
	ssl.key.password = null
	ssl.keymanager.algorithm = SunX509
	ssl.keystore.certificate.chain = null
	ssl.keystore.key = null
	ssl.keystore.location = null
	ssl.keystore.password = null
	ssl.keystore.type = JKS
	ssl.protocol = TLSv1.3
	ssl.provider = null
	ssl.secure.random.implementation = null
	ssl.trustmanager.algorithm = PKIX
	ssl.truststore.certificates = null
	ssl.truststore.location = null
	ssl.truststore.password = null
	ssl.truststore.type = JKS
	value.deserializer = class org.apache.kafka.common.serialization.StringDeserializer

2025-12-30 12:04:49 [main] INFO  o.a.k.c.t.i.KafkaMetricsCollector - initializing Kafka metrics collector
2025-12-30 12:04:49 [main] INFO  o.a.k.common.config.AbstractConfig - These configurations '[spring.deserializer.value.delegate.class, spring.deserializer.key.delegate.class]' were supplied but are not used yet.
2025-12-30 12:04:49 [main] INFO  o.a.kafka.common.utils.AppInfoParser - Kafka version: 4.1.1
2025-12-30 12:04:49 [main] INFO  o.a.kafka.common.utils.AppInfoParser - Kafka commitId: be816b82d25370ce
2025-12-30 12:04:49 [main] INFO  o.a.kafka.common.utils.AppInfoParser - Kafka startTimeMs: 1767078289117
2025-12-30 12:04:49 [main] INFO  o.a.k.c.c.i.ClassicKafkaConsumer - [Consumer clientId=consumer-parking-consumer-group-4, groupId=parking-consumer-group] Subscribed to topic(s): parking-events
2025-12-30 12:04:49 [main] INFO  o.a.k.common.config.AbstractConfig - ConsumerConfig values: 
	allow.auto.create.topics = true
	auto.commit.interval.ms = 5000
	auto.offset.reset = earliest
	bootstrap.servers = [localhost:9092]
	check.crcs = true
	client.dns.lookup = use_all_dns_ips
	client.id = consumer-parking-consumer-group-5
	client.rack = 
	connections.max.idle.ms = 540000
	default.api.timeout.ms = 60000
	enable.auto.commit = true
	enable.metrics.push = true
	exclude.internal.topics = true
	fetch.max.bytes = 52428800
	fetch.max.wait.ms = 500
	fetch.min.bytes = 1
	group.id = parking-consumer-group
	group.instance.id = null
	group.protocol = classic
	group.remote.assignor = null
	heartbeat.interval.ms = 3000
	interceptor.classes = []
	internal.leave.group.on.close = true
	internal.throw.on.fetch.stable.offset.unsupported = false
	isolation.level = read_uncommitted
	key.deserializer = class org.apache.kafka.common.serialization.StringDeserializer
	max.partition.fetch.bytes = 1048576
	max.poll.interval.ms = 300000
	max.poll.records = 500
	metadata.max.age.ms = 300000
	metadata.recovery.rebootstrap.trigger.ms = 300000
	metadata.recovery.strategy = rebootstrap
	metric.reporters = [org.apache.kafka.common.metrics.JmxReporter]
	metrics.num.samples = 2
	metrics.recording.level = INFO
	metrics.sample.window.ms = 30000
	partition.assignment.strategy = [class org.apache.kafka.clients.consumer.RangeAssignor, class org.apache.kafka.clients.consumer.CooperativeStickyAssignor]
	receive.buffer.bytes = 65536
	reconnect.backoff.max.ms = 1000
	reconnect.backoff.ms = 50
	request.timeout.ms = 30000
	retry.backoff.max.ms = 1000
	retry.backoff.ms = 100
	sasl.client.callback.handler.class = null
	sasl.jaas.config = null
	sasl.kerberos.kinit.cmd = /usr/bin/kinit
	sasl.kerberos.min.time.before.relogin = 60000
	sasl.kerberos.service.name = null
	sasl.kerberos.ticket.renew.jitter = 0.05
	sasl.kerberos.ticket.renew.window.factor = 0.8
	sasl.login.callback.handler.class = null
	sasl.login.class = null
	sasl.login.connect.timeout.ms = null
	sasl.login.read.timeout.ms = null
	sasl.login.refresh.buffer.seconds = 300
	sasl.login.refresh.min.period.seconds = 60
	sasl.login.refresh.window.factor = 0.8
	sasl.login.refresh.window.jitter = 0.05
	sasl.login.retry.backoff.max.ms = 10000
	sasl.login.retry.backoff.ms = 100
	sasl.mechanism = GSSAPI
	sasl.oauthbearer.assertion.algorithm = RS256
	sasl.oauthbearer.assertion.claim.aud = null
	sasl.oauthbearer.assertion.claim.exp.seconds = 300
	sasl.oauthbearer.assertion.claim.iss = null
	sasl.oauthbearer.assertion.claim.jti.include = false
	sasl.oauthbearer.assertion.claim.nbf.seconds = 60
	sasl.oauthbearer.assertion.claim.sub = null
	sasl.oauthbearer.assertion.file = null
	sasl.oauthbearer.assertion.private.key.file = null
	sasl.oauthbearer.assertion.private.key.passphrase = null
	sasl.oauthbearer.assertion.template.file = null
	sasl.oauthbearer.client.credentials.client.id = null
	sasl.oauthbearer.client.credentials.client.secret = null
	sasl.oauthbearer.clock.skew.seconds = 30
	sasl.oauthbearer.expected.audience = null
	sasl.oauthbearer.expected.issuer = null
	sasl.oauthbearer.header.urlencode = false
	sasl.oauthbearer.jwks.endpoint.refresh.ms = 3600000
	sasl.oauthbearer.jwks.endpoint.retry.backoff.max.ms = 10000
	sasl.oauthbearer.jwks.endpoint.retry.backoff.ms = 100
	sasl.oauthbearer.jwks.endpoint.url = null
	sasl.oauthbearer.jwt.retriever.class = class org.apache.kafka.common.security.oauthbearer.DefaultJwtRetriever
	sasl.oauthbearer.jwt.validator.class = class org.apache.kafka.common.security.oauthbearer.DefaultJwtValidator
	sasl.oauthbearer.scope = null
	sasl.oauthbearer.scope.claim.name = scope
	sasl.oauthbearer.sub.claim.name = sub
	sasl.oauthbearer.token.endpoint.url = null
	security.protocol = PLAINTEXT
	security.providers = null
	send.buffer.bytes = 131072
	session.timeout.ms = 45000
	share.acknowledgement.mode = implicit
	socket.connection.setup.timeout.max.ms = 30000
	socket.connection.setup.timeout.ms = 10000
	ssl.cipher.suites = null
	ssl.enabled.protocols = [TLSv1.2, TLSv1.3]
	ssl.endpoint.identification.algorithm = https
	ssl.engine.factory.class = null
	ssl.key.password = null
	ssl.keymanager.algorithm = SunX509
	ssl.keystore.certificate.chain = null
	ssl.keystore.key = null
	ssl.keystore.location = null
	ssl.keystore.password = null
	ssl.keystore.type = JKS
	ssl.protocol = TLSv1.3
	ssl.provider = null
	ssl.secure.random.implementation = null
	ssl.trustmanager.algorithm = PKIX
	ssl.truststore.certificates = null
	ssl.truststore.location = null
	ssl.truststore.password = null
	ssl.truststore.type = JKS
	value.deserializer = class org.apache.kafka.common.serialization.StringDeserializer

2025-12-30 12:04:49 [main] INFO  o.a.k.c.t.i.KafkaMetricsCollector - initializing Kafka metrics collector
2025-12-30 12:04:49 [main] INFO  o.a.k.common.config.AbstractConfig - These configurations '[spring.deserializer.value.delegate.class, spring.deserializer.key.delegate.class]' were supplied but are not used yet.
2025-12-30 12:04:49 [main] INFO  o.a.kafka.common.utils.AppInfoParser - Kafka version: 4.1.1
2025-12-30 12:04:49 [main] INFO  o.a.kafka.common.utils.AppInfoParser - Kafka commitId: be816b82d25370ce
2025-12-30 12:04:49 [main] INFO  o.a.kafka.common.utils.AppInfoParser - Kafka startTimeMs: 1767078289125
2025-12-30 12:04:49 [main] INFO  o.a.k.c.c.i.ClassicKafkaConsumer - [Consumer clientId=consumer-parking-consumer-group-5, groupId=parking-consumer-group] Subscribed to topic(s): parking-events
2025-12-30 12:04:49 [main] INFO  o.a.k.common.config.AbstractConfig - ConsumerConfig values: 
	allow.auto.create.topics = true
	auto.commit.interval.ms = 5000
	auto.offset.reset = earliest
	bootstrap.servers = [localhost:9092]
	check.crcs = true
	client.dns.lookup = use_all_dns_ips
	client.id = consumer-parking-consumer-group-6
	client.rack = 
	connections.max.idle.ms = 540000
	default.api.timeout.ms = 60000
	enable.auto.commit = true
	enable.metrics.push = true
	exclude.internal.topics = true
	fetch.max.bytes = 52428800
	fetch.max.wait.ms = 500
	fetch.min.bytes = 1
	group.id = parking-consumer-group
	group.instance.id = null
	group.protocol = classic
	group.remote.assignor = null
	heartbeat.interval.ms = 3000
	interceptor.classes = []
	internal.leave.group.on.close = true
	internal.throw.on.fetch.stable.offset.unsupported = false
	isolation.level = read_uncommitted
	key.deserializer = class org.apache.kafka.common.serialization.StringDeserializer
	max.partition.fetch.bytes = 1048576
	max.poll.interval.ms = 300000
	max.poll.records = 500
	metadata.max.age.ms = 300000
	metadata.recovery.rebootstrap.trigger.ms = 300000
	metadata.recovery.strategy = rebootstrap
	metric.reporters = [org.apache.kafka.common.metrics.JmxReporter]
	metrics.num.samples = 2
	metrics.recording.level = INFO
	metrics.sample.window.ms = 30000
	partition.assignment.strategy = [class org.apache.kafka.clients.consumer.RangeAssignor, class org.apache.kafka.clients.consumer.CooperativeStickyAssignor]
	receive.buffer.bytes = 65536
	reconnect.backoff.max.ms = 1000
	reconnect.backoff.ms = 50
	request.timeout.ms = 30000
	retry.backoff.max.ms = 1000
	retry.backoff.ms = 100
	sasl.client.callback.handler.class = null
	sasl.jaas.config = null
	sasl.kerberos.kinit.cmd = /usr/bin/kinit
	sasl.kerberos.min.time.before.relogin = 60000
	sasl.kerberos.service.name = null
	sasl.kerberos.ticket.renew.jitter = 0.05
	sasl.kerberos.ticket.renew.window.factor = 0.8
	sasl.login.callback.handler.class = null
	sasl.login.class = null
	sasl.login.connect.timeout.ms = null
	sasl.login.read.timeout.ms = null
	sasl.login.refresh.buffer.seconds = 300
	sasl.login.refresh.min.period.seconds = 60
	sasl.login.refresh.window.factor = 0.8
	sasl.login.refresh.window.jitter = 0.05
	sasl.login.retry.backoff.max.ms = 10000
	sasl.login.retry.backoff.ms = 100
	sasl.mechanism = GSSAPI
	sasl.oauthbearer.assertion.algorithm = RS256
	sasl.oauthbearer.assertion.claim.aud = null
	sasl.oauthbearer.assertion.claim.exp.seconds = 300
	sasl.oauthbearer.assertion.claim.iss = null
	sasl.oauthbearer.assertion.claim.jti.include = false
	sasl.oauthbearer.assertion.claim.nbf.seconds = 60
	sasl.oauthbearer.assertion.claim.sub = null
	sasl.oauthbearer.assertion.file = null
	sasl.oauthbearer.assertion.private.key.file = null
	sasl.oauthbearer.assertion.private.key.passphrase = null
	sasl.oauthbearer.assertion.template.file = null
	sasl.oauthbearer.client.credentials.client.id = null
	sasl.oauthbearer.client.credentials.client.secret = null
	sasl.oauthbearer.clock.skew.seconds = 30
	sasl.oauthbearer.expected.audience = null
	sasl.oauthbearer.expected.issuer = null
	sasl.oauthbearer.header.urlencode = false
	sasl.oauthbearer.jwks.endpoint.refresh.ms = 3600000
	sasl.oauthbearer.jwks.endpoint.retry.backoff.max.ms = 10000
	sasl.oauthbearer.jwks.endpoint.retry.backoff.ms = 100
	sasl.oauthbearer.jwks.endpoint.url = null
	sasl.oauthbearer.jwt.retriever.class = class org.apache.kafka.common.security.oauthbearer.DefaultJwtRetriever
	sasl.oauthbearer.jwt.validator.class = class org.apache.kafka.common.security.oauthbearer.DefaultJwtValidator
	sasl.oauthbearer.scope = null
	sasl.oauthbearer.scope.claim.name = scope
	sasl.oauthbearer.sub.claim.name = sub
	sasl.oauthbearer.token.endpoint.url = null
	security.protocol = PLAINTEXT
	security.providers = null
	send.buffer.bytes = 131072
	session.timeout.ms = 45000
	share.acknowledgement.mode = implicit
	socket.connection.setup.timeout.max.ms = 30000
	socket.connection.setup.timeout.ms = 10000
	ssl.cipher.suites = null
	ssl.enabled.protocols = [TLSv1.2, TLSv1.3]
	ssl.endpoint.identification.algorithm = https
	ssl.engine.factory.class = null
	ssl.key.password = null
	ssl.keymanager.algorithm = SunX509
	ssl.keystore.certificate.chain = null
	ssl.keystore.key = null
	ssl.keystore.location = null
	ssl.keystore.password = null
	ssl.keystore.type = JKS
	ssl.protocol = TLSv1.3
	ssl.provider = null
	ssl.secure.random.implementation = null
	ssl.trustmanager.algorithm = PKIX
	ssl.truststore.certificates = null
	ssl.truststore.location = null
	ssl.truststore.password = null
	ssl.truststore.type = JKS
	value.deserializer = class org.apache.kafka.common.serialization.StringDeserializer

2025-12-30 12:04:49 [main] INFO  o.a.k.c.t.i.KafkaMetricsCollector - initializing Kafka metrics collector
2025-12-30 12:04:49 [main] INFO  o.a.k.common.config.AbstractConfig - These configurations '[spring.deserializer.value.delegate.class, spring.deserializer.key.delegate.class]' were supplied but are not used yet.
2025-12-30 12:04:49 [main] INFO  o.a.kafka.common.utils.AppInfoParser - Kafka version: 4.1.1
2025-12-30 12:04:49 [main] INFO  o.a.kafka.common.utils.AppInfoParser - Kafka commitId: be816b82d25370ce
2025-12-30 12:04:49 [main] INFO  o.a.kafka.common.utils.AppInfoParser - Kafka startTimeMs: 1767078289134
2025-12-30 12:04:49 [main] INFO  o.a.k.c.c.i.ClassicKafkaConsumer - [Consumer clientId=consumer-parking-consumer-group-6, groupId=parking-consumer-group] Subscribed to topic(s): parking-events
2025-12-30 12:04:49 [main] INFO  o.a.k.common.config.AbstractConfig - ConsumerConfig values: 
	allow.auto.create.topics = true
	auto.commit.interval.ms = 5000
	auto.offset.reset = earliest
	bootstrap.servers = [localhost:9092]
	check.crcs = true
	client.dns.lookup = use_all_dns_ips
	client.id = consumer-parking-consumer-group-7
	client.rack = 
	connections.max.idle.ms = 540000
	default.api.timeout.ms = 60000
	enable.auto.commit = true
	enable.metrics.push = true
	exclude.internal.topics = true
	fetch.max.bytes = 52428800
	fetch.max.wait.ms = 500
	fetch.min.bytes = 1
	group.id = parking-consumer-group
	group.instance.id = null
	group.protocol = classic
	group.remote.assignor = null
	heartbeat.interval.ms = 3000
	interceptor.classes = []
	internal.leave.group.on.close = true
	internal.throw.on.fetch.stable.offset.unsupported = false
	isolation.level = read_uncommitted
	key.deserializer = class org.apache.kafka.common.serialization.StringDeserializer
	max.partition.fetch.bytes = 1048576
	max.poll.interval.ms = 300000
	max.poll.records = 500
	metadata.max.age.ms = 300000
	metadata.recovery.rebootstrap.trigger.ms = 300000
	metadata.recovery.strategy = rebootstrap
	metric.reporters = [org.apache.kafka.common.metrics.JmxReporter]
	metrics.num.samples = 2
	metrics.recording.level = INFO
	metrics.sample.window.ms = 30000
	partition.assignment.strategy = [class org.apache.kafka.clients.consumer.RangeAssignor, class org.apache.kafka.clients.consumer.CooperativeStickyAssignor]
	receive.buffer.bytes = 65536
	reconnect.backoff.max.ms = 1000
	reconnect.backoff.ms = 50
	request.timeout.ms = 30000
	retry.backoff.max.ms = 1000
	retry.backoff.ms = 100
	sasl.client.callback.handler.class = null
	sasl.jaas.config = null
	sasl.kerberos.kinit.cmd = /usr/bin/kinit
	sasl.kerberos.min.time.before.relogin = 60000
	sasl.kerberos.service.name = null
	sasl.kerberos.ticket.renew.jitter = 0.05
	sasl.kerberos.ticket.renew.window.factor = 0.8
	sasl.login.callback.handler.class = null
	sasl.login.class = null
	sasl.login.connect.timeout.ms = null
	sasl.login.read.timeout.ms = null
	sasl.login.refresh.buffer.seconds = 300
	sasl.login.refresh.min.period.seconds = 60
	sasl.login.refresh.window.factor = 0.8
	sasl.login.refresh.window.jitter = 0.05
	sasl.login.retry.backoff.max.ms = 10000
	sasl.login.retry.backoff.ms = 100
	sasl.mechanism = GSSAPI
	sasl.oauthbearer.assertion.algorithm = RS256
	sasl.oauthbearer.assertion.claim.aud = null
	sasl.oauthbearer.assertion.claim.exp.seconds = 300
	sasl.oauthbearer.assertion.claim.iss = null
	sasl.oauthbearer.assertion.claim.jti.include = false
	sasl.oauthbearer.assertion.claim.nbf.seconds = 60
	sasl.oauthbearer.assertion.claim.sub = null
	sasl.oauthbearer.assertion.file = null
	sasl.oauthbearer.assertion.private.key.file = null
	sasl.oauthbearer.assertion.private.key.passphrase = null
	sasl.oauthbearer.assertion.template.file = null
	sasl.oauthbearer.client.credentials.client.id = null
	sasl.oauthbearer.client.credentials.client.secret = null
	sasl.oauthbearer.clock.skew.seconds = 30
	sasl.oauthbearer.expected.audience = null
	sasl.oauthbearer.expected.issuer = null
	sasl.oauthbearer.header.urlencode = false
	sasl.oauthbearer.jwks.endpoint.refresh.ms = 3600000
	sasl.oauthbearer.jwks.endpoint.retry.backoff.max.ms = 10000
	sasl.oauthbearer.jwks.endpoint.retry.backoff.ms = 100
	sasl.oauthbearer.jwks.endpoint.url = null
	sasl.oauthbearer.jwt.retriever.class = class org.apache.kafka.common.security.oauthbearer.DefaultJwtRetriever
	sasl.oauthbearer.jwt.validator.class = class org.apache.kafka.common.security.oauthbearer.DefaultJwtValidator
	sasl.oauthbearer.scope = null
	sasl.oauthbearer.scope.claim.name = scope
	sasl.oauthbearer.sub.claim.name = sub
	sasl.oauthbearer.token.endpoint.url = null
	security.protocol = PLAINTEXT
	security.providers = null
	send.buffer.bytes = 131072
	session.timeout.ms = 45000
	share.acknowledgement.mode = implicit
	socket.connection.setup.timeout.max.ms = 30000
	socket.connection.setup.timeout.ms = 10000
	ssl.cipher.suites = null
	ssl.enabled.protocols = [TLSv1.2, TLSv1.3]
	ssl.endpoint.identification.algorithm = https
	ssl.engine.factory.class = null
	ssl.key.password = null
	ssl.keymanager.algorithm = SunX509
	ssl.keystore.certificate.chain = null
	ssl.keystore.key = null
	ssl.keystore.location = null
	ssl.keystore.password = null
	ssl.keystore.type = JKS
	ssl.protocol = TLSv1.3
	ssl.provider = null
	ssl.secure.random.implementation = null
	ssl.trustmanager.algorithm = PKIX
	ssl.truststore.certificates = null
	ssl.truststore.location = null
	ssl.truststore.password = null
	ssl.truststore.type = JKS
	value.deserializer = class org.apache.kafka.common.serialization.StringDeserializer

2025-12-30 12:04:49 [main] INFO  o.a.k.c.t.i.KafkaMetricsCollector - initializing Kafka metrics collector
2025-12-30 12:04:49 [main] INFO  o.a.k.common.config.AbstractConfig - These configurations '[spring.deserializer.value.delegate.class, spring.deserializer.key.delegate.class]' were supplied but are not used yet.
2025-12-30 12:04:49 [main] INFO  o.a.kafka.common.utils.AppInfoParser - Kafka version: 4.1.1
2025-12-30 12:04:49 [main] INFO  o.a.kafka.common.utils.AppInfoParser - Kafka commitId: be816b82d25370ce
2025-12-30 12:04:49 [main] INFO  o.a.kafka.common.utils.AppInfoParser - Kafka startTimeMs: 1767078289142
2025-12-30 12:04:49 [main] INFO  o.a.k.c.c.i.ClassicKafkaConsumer - [Consumer clientId=consumer-parking-consumer-group-7, groupId=parking-consumer-group] Subscribed to topic(s): slot-updates
2025-12-30 12:04:49 [main] INFO  o.a.k.common.config.AbstractConfig - ConsumerConfig values: 
	allow.auto.create.topics = true
	auto.commit.interval.ms = 5000
	auto.offset.reset = earliest
	bootstrap.servers = [localhost:9092]
	check.crcs = true
	client.dns.lookup = use_all_dns_ips
	client.id = consumer-parking-consumer-group-8
	client.rack = 
	connections.max.idle.ms = 540000
	default.api.timeout.ms = 60000
	enable.auto.commit = true
	enable.metrics.push = true
	exclude.internal.topics = true
	fetch.max.bytes = 52428800
	fetch.max.wait.ms = 500
	fetch.min.bytes = 1
	group.id = parking-consumer-group
	group.instance.id = null
	group.protocol = classic
	group.remote.assignor = null
	heartbeat.interval.ms = 3000
	interceptor.classes = []
	internal.leave.group.on.close = true
	internal.throw.on.fetch.stable.offset.unsupported = false
	isolation.level = read_uncommitted
	key.deserializer = class org.apache.kafka.common.serialization.StringDeserializer
	max.partition.fetch.bytes = 1048576
	max.poll.interval.ms = 300000
	max.poll.records = 500
	metadata.max.age.ms = 300000
	metadata.recovery.rebootstrap.trigger.ms = 300000
	metadata.recovery.strategy = rebootstrap
	metric.reporters = [org.apache.kafka.common.metrics.JmxReporter]
	metrics.num.samples = 2
	metrics.recording.level = INFO
	metrics.sample.window.ms = 30000
	partition.assignment.strategy = [class org.apache.kafka.clients.consumer.RangeAssignor, class org.apache.kafka.clients.consumer.CooperativeStickyAssignor]
	receive.buffer.bytes = 65536
	reconnect.backoff.max.ms = 1000
	reconnect.backoff.ms = 50
	request.timeout.ms = 30000
	retry.backoff.max.ms = 1000
	retry.backoff.ms = 100
	sasl.client.callback.handler.class = null
	sasl.jaas.config = null
	sasl.kerberos.kinit.cmd = /usr/bin/kinit
	sasl.kerberos.min.time.before.relogin = 60000
	sasl.kerberos.service.name = null
	sasl.kerberos.ticket.renew.jitter = 0.05
	sasl.kerberos.ticket.renew.window.factor = 0.8
	sasl.login.callback.handler.class = null
	sasl.login.class = null
	sasl.login.connect.timeout.ms = null
	sasl.login.read.timeout.ms = null
	sasl.login.refresh.buffer.seconds = 300
	sasl.login.refresh.min.period.seconds = 60
	sasl.login.refresh.window.factor = 0.8
	sasl.login.refresh.window.jitter = 0.05
	sasl.login.retry.backoff.max.ms = 10000
	sasl.login.retry.backoff.ms = 100
	sasl.mechanism = GSSAPI
	sasl.oauthbearer.assertion.algorithm = RS256
	sasl.oauthbearer.assertion.claim.aud = null
	sasl.oauthbearer.assertion.claim.exp.seconds = 300
	sasl.oauthbearer.assertion.claim.iss = null
	sasl.oauthbearer.assertion.claim.jti.include = false
	sasl.oauthbearer.assertion.claim.nbf.seconds = 60
	sasl.oauthbearer.assertion.claim.sub = null
	sasl.oauthbearer.assertion.file = null
	sasl.oauthbearer.assertion.private.key.file = null
	sasl.oauthbearer.assertion.private.key.passphrase = null
	sasl.oauthbearer.assertion.template.file = null
	sasl.oauthbearer.client.credentials.client.id = null
	sasl.oauthbearer.client.credentials.client.secret = null
	sasl.oauthbearer.clock.skew.seconds = 30
	sasl.oauthbearer.expected.audience = null
	sasl.oauthbearer.expected.issuer = null
	sasl.oauthbearer.header.urlencode = false
	sasl.oauthbearer.jwks.endpoint.refresh.ms = 3600000
	sasl.oauthbearer.jwks.endpoint.retry.backoff.max.ms = 10000
	sasl.oauthbearer.jwks.endpoint.retry.backoff.ms = 100
	sasl.oauthbearer.jwks.endpoint.url = null
	sasl.oauthbearer.jwt.retriever.class = class org.apache.kafka.common.security.oauthbearer.DefaultJwtRetriever
	sasl.oauthbearer.jwt.validator.class = class org.apache.kafka.common.security.oauthbearer.DefaultJwtValidator
	sasl.oauthbearer.scope = null
	sasl.oauthbearer.scope.claim.name = scope
	sasl.oauthbearer.sub.claim.name = sub
	sasl.oauthbearer.token.endpoint.url = null
	security.protocol = PLAINTEXT
	security.providers = null
	send.buffer.bytes = 131072
	session.timeout.ms = 45000
	share.acknowledgement.mode = implicit
	socket.connection.setup.timeout.max.ms = 30000
	socket.connection.setup.timeout.ms = 10000
	ssl.cipher.suites = null
	ssl.enabled.protocols = [TLSv1.2, TLSv1.3]
	ssl.endpoint.identification.algorithm = https
	ssl.engine.factory.class = null
	ssl.key.password = null
	ssl.keymanager.algorithm = SunX509
	ssl.keystore.certificate.chain = null
	ssl.keystore.key = null
	ssl.keystore.location = null
	ssl.keystore.password = null
	ssl.keystore.type = JKS
	ssl.protocol = TLSv1.3
	ssl.provider = null
	ssl.secure.random.implementation = null
	ssl.trustmanager.algorithm = PKIX
	ssl.truststore.certificates = null
	ssl.truststore.location = null
	ssl.truststore.password = null
	ssl.truststore.type = JKS
	value.deserializer = class org.apache.kafka.common.serialization.StringDeserializer

2025-12-30 12:04:49 [main] INFO  o.a.k.c.t.i.KafkaMetricsCollector - initializing Kafka metrics collector
2025-12-30 12:04:49 [main] INFO  o.a.k.common.config.AbstractConfig - These configurations '[spring.deserializer.value.delegate.class, spring.deserializer.key.delegate.class]' were supplied but are not used yet.
2025-12-30 12:04:49 [main] INFO  o.a.kafka.common.utils.AppInfoParser - Kafka version: 4.1.1
2025-12-30 12:04:49 [main] INFO  o.a.kafka.common.utils.AppInfoParser - Kafka commitId: be816b82d25370ce
2025-12-30 12:04:49 [main] INFO  o.a.kafka.common.utils.AppInfoParser - Kafka startTimeMs: 1767078289148
2025-12-30 12:04:49 [main] INFO  o.a.k.c.c.i.ClassicKafkaConsumer - [Consumer clientId=consumer-parking-consumer-group-8, groupId=parking-consumer-group] Subscribed to topic(s): slot-updates
2025-12-30 12:04:49 [main] INFO  o.a.k.common.config.AbstractConfig - ConsumerConfig values: 
	allow.auto.create.topics = true
	auto.commit.interval.ms = 5000
	auto.offset.reset = earliest
	bootstrap.servers = [localhost:9092]
	check.crcs = true
	client.dns.lookup = use_all_dns_ips
	client.id = consumer-parking-consumer-group-9
	client.rack = 
	connections.max.idle.ms = 540000
	default.api.timeout.ms = 60000
	enable.auto.commit = true
	enable.metrics.push = true
	exclude.internal.topics = true
	fetch.max.bytes = 52428800
	fetch.max.wait.ms = 500
	fetch.min.bytes = 1
	group.id = parking-consumer-group
	group.instance.id = null
	group.protocol = classic
	group.remote.assignor = null
	heartbeat.interval.ms = 3000
	interceptor.classes = []
	internal.leave.group.on.close = true
	internal.throw.on.fetch.stable.offset.unsupported = false
	isolation.level = read_uncommitted
	key.deserializer = class org.apache.kafka.common.serialization.StringDeserializer
	max.partition.fetch.bytes = 1048576
	max.poll.interval.ms = 300000
	max.poll.records = 500
	metadata.max.age.ms = 300000
	metadata.recovery.rebootstrap.trigger.ms = 300000
	metadata.recovery.strategy = rebootstrap
	metric.reporters = [org.apache.kafka.common.metrics.JmxReporter]
	metrics.num.samples = 2
	metrics.recording.level = INFO
	metrics.sample.window.ms = 30000
	partition.assignment.strategy = [class org.apache.kafka.clients.consumer.RangeAssignor, class org.apache.kafka.clients.consumer.CooperativeStickyAssignor]
	receive.buffer.bytes = 65536
	reconnect.backoff.max.ms = 1000
	reconnect.backoff.ms = 50
	request.timeout.ms = 30000
	retry.backoff.max.ms = 1000
	retry.backoff.ms = 100
	sasl.client.callback.handler.class = null
	sasl.jaas.config = null
	sasl.kerberos.kinit.cmd = /usr/bin/kinit
	sasl.kerberos.min.time.before.relogin = 60000
	sasl.kerberos.service.name = null
	sasl.kerberos.ticket.renew.jitter = 0.05
	sasl.kerberos.ticket.renew.window.factor = 0.8
	sasl.login.callback.handler.class = null
	sasl.login.class = null
	sasl.login.connect.timeout.ms = null
	sasl.login.read.timeout.ms = null
	sasl.login.refresh.buffer.seconds = 300
	sasl.login.refresh.min.period.seconds = 60
	sasl.login.refresh.window.factor = 0.8
	sasl.login.refresh.window.jitter = 0.05
	sasl.login.retry.backoff.max.ms = 10000
	sasl.login.retry.backoff.ms = 100
	sasl.mechanism = GSSAPI
	sasl.oauthbearer.assertion.algorithm = RS256
	sasl.oauthbearer.assertion.claim.aud = null
	sasl.oauthbearer.assertion.claim.exp.seconds = 300
	sasl.oauthbearer.assertion.claim.iss = null
	sasl.oauthbearer.assertion.claim.jti.include = false
	sasl.oauthbearer.assertion.claim.nbf.seconds = 60
	sasl.oauthbearer.assertion.claim.sub = null
	sasl.oauthbearer.assertion.file = null
	sasl.oauthbearer.assertion.private.key.file = null
	sasl.oauthbearer.assertion.private.key.passphrase = null
	sasl.oauthbearer.assertion.template.file = null
	sasl.oauthbearer.client.credentials.client.id = null
	sasl.oauthbearer.client.credentials.client.secret = null
	sasl.oauthbearer.clock.skew.seconds = 30
	sasl.oauthbearer.expected.audience = null
	sasl.oauthbearer.expected.issuer = null
	sasl.oauthbearer.header.urlencode = false
	sasl.oauthbearer.jwks.endpoint.refresh.ms = 3600000
	sasl.oauthbearer.jwks.endpoint.retry.backoff.max.ms = 10000
	sasl.oauthbearer.jwks.endpoint.retry.backoff.ms = 100
	sasl.oauthbearer.jwks.endpoint.url = null
	sasl.oauthbearer.jwt.retriever.class = class org.apache.kafka.common.security.oauthbearer.DefaultJwtRetriever
	sasl.oauthbearer.jwt.validator.class = class org.apache.kafka.common.security.oauthbearer.DefaultJwtValidator
	sasl.oauthbearer.scope = null
	sasl.oauthbearer.scope.claim.name = scope
	sasl.oauthbearer.sub.claim.name = sub
	sasl.oauthbearer.token.endpoint.url = null
	security.protocol = PLAINTEXT
	security.providers = null
	send.buffer.bytes = 131072
	session.timeout.ms = 45000
	share.acknowledgement.mode = implicit
	socket.connection.setup.timeout.max.ms = 30000
	socket.connection.setup.timeout.ms = 10000
	ssl.cipher.suites = null
	ssl.enabled.protocols = [TLSv1.2, TLSv1.3]
	ssl.endpoint.identification.algorithm = https
	ssl.engine.factory.class = null
	ssl.key.password = null
	ssl.keymanager.algorithm = SunX509
	ssl.keystore.certificate.chain = null
	ssl.keystore.key = null
	ssl.keystore.location = null
	ssl.keystore.password = null
	ssl.keystore.type = JKS
	ssl.protocol = TLSv1.3
	ssl.provider = null
	ssl.secure.random.implementation = null
	ssl.trustmanager.algorithm = PKIX
	ssl.truststore.certificates = null
	ssl.truststore.location = null
	ssl.truststore.password = null
	ssl.truststore.type = JKS
	value.deserializer = class org.apache.kafka.common.serialization.StringDeserializer

2025-12-30 12:04:49 [main] INFO  o.a.k.c.t.i.KafkaMetricsCollector - initializing Kafka metrics collector
2025-12-30 12:04:49 [main] INFO  o.a.k.common.config.AbstractConfig - These configurations '[spring.deserializer.value.delegate.class, spring.deserializer.key.delegate.class]' were supplied but are not used yet.
2025-12-30 12:04:49 [main] INFO  o.a.kafka.common.utils.AppInfoParser - Kafka version: 4.1.1
2025-12-30 12:04:49 [main] INFO  o.a.kafka.common.utils.AppInfoParser - Kafka commitId: be816b82d25370ce
2025-12-30 12:04:49 [main] INFO  o.a.kafka.common.utils.AppInfoParser - Kafka startTimeMs: 1767078289156
2025-12-30 12:04:49 [main] INFO  o.a.k.c.c.i.ClassicKafkaConsumer - [Consumer clientId=consumer-parking-consumer-group-9, groupId=parking-consumer-group] Subscribed to topic(s): slot-updates
2025-12-30 12:04:49 [main] INFO  parking.SmartParkingApplication - Started SmartParkingApplication in 5.669 seconds (process running for 6.14)
2025-12-30 12:04:49 [org.springframework.kafka.KafkaListenerEndpointContainer#0-2-C-1] INFO  org.apache.kafka.clients.Metadata - [Consumer clientId=consumer-parking-consumer-group-6, groupId=parking-consumer-group] Cluster ID: U86WkiAgRy2dA16VTwDwkA
2025-12-30 12:04:49 [org.springframework.kafka.KafkaListenerEndpointContainer#0-0-C-1] INFO  org.apache.kafka.clients.Metadata - [Consumer clientId=consumer-parking-consumer-group-4, groupId=parking-consumer-group] Cluster ID: U86WkiAgRy2dA16VTwDwkA
2025-12-30 12:04:49 [org.springframework.kafka.KafkaListenerEndpointContainer#2-0-C-1] INFO  org.apache.kafka.clients.Metadata - [Consumer clientId=consumer-parking-consumer-group-1, groupId=parking-consumer-group] Cluster ID: U86WkiAgRy2dA16VTwDwkA
2025-12-30 12:04:49 [org.springframework.kafka.KafkaListenerEndpointContainer#1-2-C-1] INFO  org.apache.kafka.clients.Metadata - [Consumer clientId=consumer-parking-consumer-group-9, groupId=parking-consumer-group] Cluster ID: U86WkiAgRy2dA16VTwDwkA
2025-12-30 12:04:49 [org.springframework.kafka.KafkaListenerEndpointContainer#0-1-C-1] INFO  org.apache.kafka.clients.Metadata - [Consumer clientId=consumer-parking-consumer-group-5, groupId=parking-consumer-group] Cluster ID: U86WkiAgRy2dA16VTwDwkA
2025-12-30 12:04:49 [org.springframework.kafka.KafkaListenerEndpointContainer#2-2-C-1] INFO  org.apache.kafka.clients.Metadata - [Consumer clientId=consumer-parking-consumer-group-3, groupId=parking-consumer-group] Cluster ID: U86WkiAgRy2dA16VTwDwkA
2025-12-30 12:04:49 [org.springframework.kafka.KafkaListenerEndpointContainer#2-1-C-1] INFO  org.apache.kafka.clients.Metadata - [Consumer clientId=consumer-parking-consumer-group-2, groupId=parking-consumer-group] Cluster ID: U86WkiAgRy2dA16VTwDwkA
2025-12-30 12:04:49 [org.springframework.kafka.KafkaListenerEndpointContainer#1-1-C-1] INFO  org.apache.kafka.clients.Metadata - [Consumer clientId=consumer-parking-consumer-group-8, groupId=parking-consumer-group] Cluster ID: U86WkiAgRy2dA16VTwDwkA
2025-12-30 12:04:49 [org.springframework.kafka.KafkaListenerEndpointContainer#1-0-C-1] INFO  org.apache.kafka.clients.Metadata - [Consumer clientId=consumer-parking-consumer-group-7, groupId=parking-consumer-group] Cluster ID: U86WkiAgRy2dA16VTwDwkA
2025-12-30 12:04:49 [org.springframework.kafka.KafkaListenerEndpointContainer#0-0-C-1] INFO  o.a.k.c.c.i.ConsumerCoordinator - [Consumer clientId=consumer-parking-consumer-group-4, groupId=parking-consumer-group] Discovered group coordinator localhost:9092 (id: 2147483646 rack: null isFenced: false)
2025-12-30 12:04:49 [org.springframework.kafka.KafkaListenerEndpointContainer#0-1-C-1] INFO  o.a.k.c.c.i.ConsumerCoordinator - [Consumer clientId=consumer-parking-consumer-group-5, groupId=parking-consumer-group] Discovered group coordinator localhost:9092 (id: 2147483646 rack: null isFenced: false)
2025-12-30 12:04:49 [org.springframework.kafka.KafkaListenerEndpointContainer#1-0-C-1] INFO  o.a.k.c.c.i.ConsumerCoordinator - [Consumer clientId=consumer-parking-consumer-group-7, groupId=parking-consumer-group] Discovered group coordinator localhost:9092 (id: 2147483646 rack: null isFenced: false)
2025-12-30 12:04:49 [org.springframework.kafka.KafkaListenerEndpointContainer#2-2-C-1] INFO  o.a.k.c.c.i.ConsumerCoordinator - [Consumer clientId=consumer-parking-consumer-group-3, groupId=parking-consumer-group] Discovered group coordinator localhost:9092 (id: 2147483646 rack: null isFenced: false)
2025-12-30 12:04:49 [org.springframework.kafka.KafkaListenerEndpointContainer#1-2-C-1] INFO  o.a.k.c.c.i.ConsumerCoordinator - [Consumer clientId=consumer-parking-consumer-group-9, groupId=parking-consumer-group] Discovered group coordinator localhost:9092 (id: 2147483646 rack: null isFenced: false)
2025-12-30 12:04:49 [org.springframework.kafka.KafkaListenerEndpointContainer#2-1-C-1] INFO  o.a.k.c.c.i.ConsumerCoordinator - [Consumer clientId=consumer-parking-consumer-group-2, groupId=parking-consumer-group] Discovered group coordinator localhost:9092 (id: 2147483646 rack: null isFenced: false)
2025-12-30 12:04:49 [org.springframework.kafka.KafkaListenerEndpointContainer#1-1-C-1] INFO  o.a.k.c.c.i.ConsumerCoordinator - [Consumer clientId=consumer-parking-consumer-group-8, groupId=parking-consumer-group] Discovered group coordinator localhost:9092 (id: 2147483646 rack: null isFenced: false)
2025-12-30 12:04:49 [org.springframework.kafka.KafkaListenerEndpointContainer#0-2-C-1] INFO  o.a.k.c.c.i.ConsumerCoordinator - [Consumer clientId=consumer-parking-consumer-group-6, groupId=parking-consumer-group] Discovered group coordinator localhost:9092 (id: 2147483646 rack: null isFenced: false)
2025-12-30 12:04:49 [org.springframework.kafka.KafkaListenerEndpointContainer#1-1-C-1] INFO  o.a.k.c.c.i.ConsumerCoordinator - [Consumer clientId=consumer-parking-consumer-group-8, groupId=parking-consumer-group] (Re-)joining group
2025-12-30 12:04:49 [org.springframework.kafka.KafkaListenerEndpointContainer#0-0-C-1] INFO  o.a.k.c.c.i.ConsumerCoordinator - [Consumer clientId=consumer-parking-consumer-group-4, groupId=parking-consumer-group] (Re-)joining group
2025-12-30 12:04:49 [org.springframework.kafka.KafkaListenerEndpointContainer#2-2-C-1] INFO  o.a.k.c.c.i.ConsumerCoordinator - [Consumer clientId=consumer-parking-consumer-group-3, groupId=parking-consumer-group] (Re-)joining group
2025-12-30 12:04:49 [org.springframework.kafka.KafkaListenerEndpointContainer#2-1-C-1] INFO  o.a.k.c.c.i.ConsumerCoordinator - [Consumer clientId=consumer-parking-consumer-group-2, groupId=parking-consumer-group] (Re-)joining group
2025-12-30 12:04:49 [org.springframework.kafka.KafkaListenerEndpointContainer#0-2-C-1] INFO  o.a.k.c.c.i.ConsumerCoordinator - [Consumer clientId=consumer-parking-consumer-group-6, groupId=parking-consumer-group] (Re-)joining group
2025-12-30 12:04:49 [org.springframework.kafka.KafkaListenerEndpointContainer#1-0-C-1] INFO  o.a.k.c.c.i.ConsumerCoordinator - [Consumer clientId=consumer-parking-consumer-group-7, groupId=parking-consumer-group] (Re-)joining group
2025-12-30 12:04:49 [org.springframework.kafka.KafkaListenerEndpointContainer#0-1-C-1] INFO  o.a.k.c.c.i.ConsumerCoordinator - [Consumer clientId=consumer-parking-consumer-group-5, groupId=parking-consumer-group] (Re-)joining group
2025-12-30 12:04:49 [org.springframework.kafka.KafkaListenerEndpointContainer#1-2-C-1] INFO  o.a.k.c.c.i.ConsumerCoordinator - [Consumer clientId=consumer-parking-consumer-group-9, groupId=parking-consumer-group] (Re-)joining group
2025-12-30 12:04:49 [org.springframework.kafka.KafkaListenerEndpointContainer#2-0-C-1] INFO  o.a.k.c.c.i.ConsumerCoordinator - [Consumer clientId=consumer-parking-consumer-group-1, groupId=parking-consumer-group] Discovered group coordinator localhost:9092 (id: 2147483646 rack: null isFenced: false)
2025-12-30 12:04:49 [org.springframework.kafka.KafkaListenerEndpointContainer#2-0-C-1] INFO  o.a.k.c.c.i.ConsumerCoordinator - [Consumer clientId=consumer-parking-consumer-group-1, groupId=parking-consumer-group] (Re-)joining group
2025-12-30 12:04:49 [org.springframework.kafka.KafkaListenerEndpointContainer#0-0-C-1] INFO  o.a.k.c.c.i.ConsumerCoordinator - [Consumer clientId=consumer-parking-consumer-group-4, groupId=parking-consumer-group] Request joining group due to: need to re-join with the given member-id: consumer-parking-consumer-group-4-3211a056-43e6-4e9c-b892-6f5c774f1bed
2025-12-30 12:04:49 [org.springframework.kafka.KafkaListenerEndpointContainer#2-0-C-1] INFO  o.a.k.c.c.i.ConsumerCoordinator - [Consumer clientId=consumer-parking-consumer-group-1, groupId=parking-consumer-group] Request joining group due to: need to re-join with the given member-id: consumer-parking-consumer-group-1-5b85e456-fd61-476a-8358-5438246bb646
2025-12-30 12:04:49 [org.springframework.kafka.KafkaListenerEndpointContainer#2-1-C-1] INFO  o.a.k.c.c.i.ConsumerCoordinator - [Consumer clientId=consumer-parking-consumer-group-2, groupId=parking-consumer-group] Request joining group due to: need to re-join with the given member-id: consumer-parking-consumer-group-2-86337ff3-4cf8-4b35-9475-f815265a02f4
2025-12-30 12:04:49 [org.springframework.kafka.KafkaListenerEndpointContainer#0-0-C-1] INFO  o.a.k.c.c.i.ConsumerCoordinator - [Consumer clientId=consumer-parking-consumer-group-4, groupId=parking-consumer-group] (Re-)joining group
2025-12-30 12:04:49 [org.springframework.kafka.KafkaListenerEndpointContainer#2-0-C-1] INFO  o.a.k.c.c.i.ConsumerCoordinator - [Consumer clientId=consumer-parking-consumer-group-1, groupId=parking-consumer-group] (Re-)joining group
2025-12-30 12:04:49 [org.springframework.kafka.KafkaListenerEndpointContainer#2-1-C-1] INFO  o.a.k.c.c.i.ConsumerCoordinator - [Consumer clientId=consumer-parking-consumer-group-2, groupId=parking-consumer-group] (Re-)joining group
2025-12-30 12:04:49 [org.springframework.kafka.KafkaListenerEndpointContainer#0-2-C-1] INFO  o.a.k.c.c.i.ConsumerCoordinator - [Consumer clientId=consumer-parking-consumer-group-6, groupId=parking-consumer-group] Request joining group due to: need to re-join with the given member-id: consumer-parking-consumer-group-6-4e93e8c4-01ff-4aed-97a4-e8ec72a8984d
2025-12-30 12:04:49 [org.springframework.kafka.KafkaListenerEndpointContainer#1-2-C-1] INFO  o.a.k.c.c.i.ConsumerCoordinator - [Consumer clientId=consumer-parking-consumer-group-9, groupId=parking-consumer-group] Request joining group due to: need to re-join with the given member-id: consumer-parking-consumer-group-9-b6a48000-84e2-4e36-a3d9-691193a3983c
2025-12-30 12:04:49 [org.springframework.kafka.KafkaListenerEndpointContainer#0-1-C-1] INFO  o.a.k.c.c.i.ConsumerCoordinator - [Consumer clientId=consumer-parking-consumer-group-5, groupId=parking-consumer-group] Request joining group due to: need to re-join with the given member-id: consumer-parking-consumer-group-5-93c53064-e428-4e77-8fb9-e87744d8e1fb
2025-12-30 12:04:49 [org.springframework.kafka.KafkaListenerEndpointContainer#1-1-C-1] INFO  o.a.k.c.c.i.ConsumerCoordinator - [Consumer clientId=consumer-parking-consumer-group-8, groupId=parking-consumer-group] Request joining group due to: need to re-join with the given member-id: consumer-parking-consumer-group-8-9ee52739-ef03-45d3-a3ac-06b5145fbf5e
2025-12-30 12:04:49 [org.springframework.kafka.KafkaListenerEndpointContainer#2-2-C-1] INFO  o.a.k.c.c.i.ConsumerCoordinator - [Consumer clientId=consumer-parking-consumer-group-3, groupId=parking-consumer-group] Request joining group due to: need to re-join with the given member-id: consumer-parking-consumer-group-3-4ececb94-7ae5-4e67-92eb-053305cd828c
2025-12-30 12:04:49 [org.springframework.kafka.KafkaListenerEndpointContainer#1-0-C-1] INFO  o.a.k.c.c.i.ConsumerCoordinator - [Consumer clientId=consumer-parking-consumer-group-7, groupId=parking-consumer-group] Request joining group due to: need to re-join with the given member-id: consumer-parking-consumer-group-7-44fba2bb-762d-40b2-9325-2fe74d23da7a
2025-12-30 12:04:49 [org.springframework.kafka.KafkaListenerEndpointContainer#0-2-C-1] INFO  o.a.k.c.c.i.ConsumerCoordinator - [Consumer clientId=consumer-parking-consumer-group-6, groupId=parking-consumer-group] (Re-)joining group
2025-12-30 12:04:49 [org.springframework.kafka.KafkaListenerEndpointContainer#1-2-C-1] INFO  o.a.k.c.c.i.ConsumerCoordinator - [Consumer clientId=consumer-parking-consumer-group-9, groupId=parking-consumer-group] (Re-)joining group
2025-12-30 12:04:49 [org.springframework.kafka.KafkaListenerEndpointContainer#1-1-C-1] INFO  o.a.k.c.c.i.ConsumerCoordinator - [Consumer clientId=consumer-parking-consumer-group-8, groupId=parking-consumer-group] (Re-)joining group
2025-12-30 12:04:49 [org.springframework.kafka.KafkaListenerEndpointContainer#0-1-C-1] INFO  o.a.k.c.c.i.ConsumerCoordinator - [Consumer clientId=consumer-parking-consumer-group-5, groupId=parking-consumer-group] (Re-)joining group
2025-12-30 12:04:49 [org.springframework.kafka.KafkaListenerEndpointContainer#1-0-C-1] INFO  o.a.k.c.c.i.ConsumerCoordinator - [Consumer clientId=consumer-parking-consumer-group-7, groupId=parking-consumer-group] (Re-)joining group
2025-12-30 12:04:49 [org.springframework.kafka.KafkaListenerEndpointContainer#2-2-C-1] INFO  o.a.k.c.c.i.ConsumerCoordinator - [Consumer clientId=consumer-parking-consumer-group-3, groupId=parking-consumer-group] (Re-)joining group
2025-12-30 12:04:52 [org.springframework.kafka.KafkaListenerEndpointContainer#1-1-C-1] INFO  o.a.k.c.c.i.ConsumerCoordinator - [Consumer clientId=consumer-parking-consumer-group-8, groupId=parking-consumer-group] Successfully joined group with generation Generation{generationId=31, memberId='consumer-parking-consumer-group-8-9ee52739-ef03-45d3-a3ac-06b5145fbf5e', protocol='range'}
2025-12-30 12:04:52 [org.springframework.kafka.KafkaListenerEndpointContainer#1-2-C-1] INFO  o.a.k.c.c.i.ConsumerCoordinator - [Consumer clientId=consumer-parking-consumer-group-9, groupId=parking-consumer-group] Successfully joined group with generation Generation{generationId=31, memberId='consumer-parking-consumer-group-9-b6a48000-84e2-4e36-a3d9-691193a3983c', protocol='range'}
2025-12-30 12:04:52 [org.springframework.kafka.KafkaListenerEndpointContainer#2-1-C-1] INFO  o.a.k.c.c.i.ConsumerCoordinator - [Consumer clientId=consumer-parking-consumer-group-2, groupId=parking-consumer-group] Successfully joined group with generation Generation{generationId=31, memberId='consumer-parking-consumer-group-2-86337ff3-4cf8-4b35-9475-f815265a02f4', protocol='range'}
2025-12-30 12:04:52 [org.springframework.kafka.KafkaListenerEndpointContainer#1-0-C-1] INFO  o.a.k.c.c.i.ConsumerCoordinator - [Consumer clientId=consumer-parking-consumer-group-7, groupId=parking-consumer-group] Successfully joined group with generation Generation{generationId=31, memberId='consumer-parking-consumer-group-7-44fba2bb-762d-40b2-9325-2fe74d23da7a', protocol='range'}
2025-12-30 12:04:52 [org.springframework.kafka.KafkaListenerEndpointContainer#2-0-C-1] INFO  o.a.k.c.c.i.ConsumerCoordinator - [Consumer clientId=consumer-parking-consumer-group-1, groupId=parking-consumer-group] Successfully joined group with generation Generation{generationId=31, memberId='consumer-parking-consumer-group-1-5b85e456-fd61-476a-8358-5438246bb646', protocol='range'}
2025-12-30 12:04:52 [org.springframework.kafka.KafkaListenerEndpointContainer#2-2-C-1] INFO  o.a.k.c.c.i.ConsumerCoordinator - [Consumer clientId=consumer-parking-consumer-group-3, groupId=parking-consumer-group] Successfully joined group with generation Generation{generationId=31, memberId='consumer-parking-consumer-group-3-4ececb94-7ae5-4e67-92eb-053305cd828c', protocol='range'}
2025-12-30 12:04:52 [org.springframework.kafka.KafkaListenerEndpointContainer#0-2-C-1] INFO  o.a.k.c.c.i.ConsumerCoordinator - [Consumer clientId=consumer-parking-consumer-group-6, groupId=parking-consumer-group] Successfully joined group with generation Generation{generationId=31, memberId='consumer-parking-consumer-group-6-4e93e8c4-01ff-4aed-97a4-e8ec72a8984d', protocol='range'}
2025-12-30 12:04:52 [org.springframework.kafka.KafkaListenerEndpointContainer#0-1-C-1] INFO  o.a.k.c.c.i.ConsumerCoordinator - [Consumer clientId=consumer-parking-consumer-group-5, groupId=parking-consumer-group] Successfully joined group with generation Generation{generationId=31, memberId='consumer-parking-consumer-group-5-93c53064-e428-4e77-8fb9-e87744d8e1fb', protocol='range'}
2025-12-30 12:04:52 [org.springframework.kafka.KafkaListenerEndpointContainer#0-0-C-1] INFO  o.a.k.c.c.i.ConsumerCoordinator - [Consumer clientId=consumer-parking-consumer-group-4, groupId=parking-consumer-group] Successfully joined group with generation Generation{generationId=31, memberId='consumer-parking-consumer-group-4-3211a056-43e6-4e9c-b892-6f5c774f1bed', protocol='range'}
2025-12-30 12:04:52 [org.springframework.kafka.KafkaListenerEndpointContainer#0-0-C-1] INFO  o.a.k.c.c.i.ConsumerCoordinator - [Consumer clientId=consumer-parking-consumer-group-4, groupId=parking-consumer-group] Finished assignment for group at generation 31: {consumer-parking-consumer-group-5-93c53064-e428-4e77-8fb9-e87744d8e1fb=Assignment(partitions=[parking-events-1]), consumer-parking-consumer-group-9-b6a48000-84e2-4e36-a3d9-691193a3983c=Assignment(partitions=[slot-updates-2]), consumer-parking-consumer-group-3-4ececb94-7ae5-4e67-92eb-053305cd828c=Assignment(partitions=[parking-violations-2]), consumer-parking-consumer-group-2-86337ff3-4cf8-4b35-9475-f815265a02f4=Assignment(partitions=[parking-violations-1]), consumer-parking-consumer-group-4-3211a056-43e6-4e9c-b892-6f5c774f1bed=Assignment(partitions=[parking-events-0]), consumer-parking-consumer-group-7-44fba2bb-762d-40b2-9325-2fe74d23da7a=Assignment(partitions=[slot-updates-0]), consumer-parking-consumer-group-6-4e93e8c4-01ff-4aed-97a4-e8ec72a8984d=Assignment(partitions=[parking-events-2]), consumer-parking-consumer-group-1-5b85e456-fd61-476a-8358-5438246bb646=Assignment(partitions=[parking-violations-0]), consumer-parking-consumer-group-8-9ee52739-ef03-45d3-a3ac-06b5145fbf5e=Assignment(partitions=[slot-updates-1])}
2025-12-30 12:04:52 [org.springframework.kafka.KafkaListenerEndpointContainer#0-1-C-1] INFO  o.a.k.c.c.i.ConsumerCoordinator - [Consumer clientId=consumer-parking-consumer-group-5, groupId=parking-consumer-group] Successfully synced group in generation Generation{generationId=31, memberId='consumer-parking-consumer-group-5-93c53064-e428-4e77-8fb9-e87744d8e1fb', protocol='range'}
2025-12-30 12:04:52 [org.springframework.kafka.KafkaListenerEndpointContainer#1-1-C-1] INFO  o.a.k.c.c.i.ConsumerCoordinator - [Consumer clientId=consumer-parking-consumer-group-8, groupId=parking-consumer-group] Successfully synced group in generation Generation{generationId=31, memberId='consumer-parking-consumer-group-8-9ee52739-ef03-45d3-a3ac-06b5145fbf5e', protocol='range'}
2025-12-30 12:04:52 [org.springframework.kafka.KafkaListenerEndpointContainer#0-2-C-1] INFO  o.a.k.c.c.i.ConsumerCoordinator - [Consumer clientId=consumer-parking-consumer-group-6, groupId=parking-consumer-group] Successfully synced group in generation Generation{generationId=31, memberId='consumer-parking-consumer-group-6-4e93e8c4-01ff-4aed-97a4-e8ec72a8984d', protocol='range'}
2025-12-30 12:04:52 [org.springframework.kafka.KafkaListenerEndpointContainer#2-2-C-1] INFO  o.a.k.c.c.i.ConsumerCoordinator - [Consumer clientId=consumer-parking-consumer-group-3, groupId=parking-consumer-group] Successfully synced group in generation Generation{generationId=31, memberId='consumer-parking-consumer-group-3-4ececb94-7ae5-4e67-92eb-053305cd828c', protocol='range'}
2025-12-30 12:04:52 [org.springframework.kafka.KafkaListenerEndpointContainer#2-0-C-1] INFO  o.a.k.c.c.i.ConsumerCoordinator - [Consumer clientId=consumer-parking-consumer-group-1, groupId=parking-consumer-group] Successfully synced group in generation Generation{generationId=31, memberId='consumer-parking-consumer-group-1-5b85e456-fd61-476a-8358-5438246bb646', protocol='range'}
2025-12-30 12:04:52 [org.springframework.kafka.KafkaListenerEndpointContainer#1-0-C-1] INFO  o.a.k.c.c.i.ConsumerCoordinator - [Consumer clientId=consumer-parking-consumer-group-7, groupId=parking-consumer-group] Successfully synced group in generation Generation{generationId=31, memberId='consumer-parking-consumer-group-7-44fba2bb-762d-40b2-9325-2fe74d23da7a', protocol='range'}
2025-12-30 12:04:52 [org.springframework.kafka.KafkaListenerEndpointContainer#1-2-C-1] INFO  o.a.k.c.c.i.ConsumerCoordinator - [Consumer clientId=consumer-parking-consumer-group-9, groupId=parking-consumer-group] Successfully synced group in generation Generation{generationId=31, memberId='consumer-parking-consumer-group-9-b6a48000-84e2-4e36-a3d9-691193a3983c', protocol='range'}
2025-12-30 12:04:52 [org.springframework.kafka.KafkaListenerEndpointContainer#0-1-C-1] INFO  o.a.k.c.c.i.ConsumerCoordinator - [Consumer clientId=consumer-parking-consumer-group-5, groupId=parking-consumer-group] Notifying assignor about the new Assignment(partitions=[parking-events-1])
2025-12-30 12:04:52 [org.springframework.kafka.KafkaListenerEndpointContainer#1-2-C-1] INFO  o.a.k.c.c.i.ConsumerCoordinator - [Consumer clientId=consumer-parking-consumer-group-9, groupId=parking-consumer-group] Notifying assignor about the new Assignment(partitions=[slot-updates-2])
2025-12-30 12:04:52 [org.springframework.kafka.KafkaListenerEndpointContainer#0-2-C-1] INFO  o.a.k.c.c.i.ConsumerCoordinator - [Consumer clientId=consumer-parking-consumer-group-6, groupId=parking-consumer-group] Notifying assignor about the new Assignment(partitions=[parking-events-2])
2025-12-30 12:04:52 [org.springframework.kafka.KafkaListenerEndpointContainer#1-0-C-1] INFO  o.a.k.c.c.i.ConsumerCoordinator - [Consumer clientId=consumer-parking-consumer-group-7, groupId=parking-consumer-group] Notifying assignor about the new Assignment(partitions=[slot-updates-0])
2025-12-30 12:04:52 [org.springframework.kafka.KafkaListenerEndpointContainer#1-1-C-1] INFO  o.a.k.c.c.i.ConsumerCoordinator - [Consumer clientId=consumer-parking-consumer-group-8, groupId=parking-consumer-group] Notifying assignor about the new Assignment(partitions=[slot-updates-1])
2025-12-30 12:04:52 [org.springframework.kafka.KafkaListenerEndpointContainer#2-0-C-1] INFO  o.a.k.c.c.i.ConsumerCoordinator - [Consumer clientId=consumer-parking-consumer-group-1, groupId=parking-consumer-group] Notifying assignor about the new Assignment(partitions=[parking-violations-0])
2025-12-30 12:04:52 [org.springframework.kafka.KafkaListenerEndpointContainer#2-2-C-1] INFO  o.a.k.c.c.i.ConsumerCoordinator - [Consumer clientId=consumer-parking-consumer-group-3, groupId=parking-consumer-group] Notifying assignor about the new Assignment(partitions=[parking-violations-2])
2025-12-30 12:04:52 [org.springframework.kafka.KafkaListenerEndpointContainer#0-1-C-1] INFO  o.a.k.c.c.i.ConsumerRebalanceListenerInvoker - [Consumer clientId=consumer-parking-consumer-group-5, groupId=parking-consumer-group] Adding newly assigned partitions: [parking-events-1]
2025-12-30 12:04:52 [org.springframework.kafka.KafkaListenerEndpointContainer#0-2-C-1] INFO  o.a.k.c.c.i.ConsumerRebalanceListenerInvoker - [Consumer clientId=consumer-parking-consumer-group-6, groupId=parking-consumer-group] Adding newly assigned partitions: [parking-events-2]
2025-12-30 12:04:52 [org.springframework.kafka.KafkaListenerEndpointContainer#1-2-C-1] INFO  o.a.k.c.c.i.ConsumerRebalanceListenerInvoker - [Consumer clientId=consumer-parking-consumer-group-9, groupId=parking-consumer-group] Adding newly assigned partitions: [slot-updates-2]
2025-12-30 12:04:52 [org.springframework.kafka.KafkaListenerEndpointContainer#2-0-C-1] INFO  o.a.k.c.c.i.ConsumerRebalanceListenerInvoker - [Consumer clientId=consumer-parking-consumer-group-1, groupId=parking-consumer-group] Adding newly assigned partitions: [parking-violations-0]
2025-12-30 12:04:52 [org.springframework.kafka.KafkaListenerEndpointContainer#2-2-C-1] INFO  o.a.k.c.c.i.ConsumerRebalanceListenerInvoker - [Consumer clientId=consumer-parking-consumer-group-3, groupId=parking-consumer-group] Adding newly assigned partitions: [parking-violations-2]
2025-12-30 12:04:52 [org.springframework.kafka.KafkaListenerEndpointContainer#1-1-C-1] INFO  o.a.k.c.c.i.ConsumerRebalanceListenerInvoker - [Consumer clientId=consumer-parking-consumer-group-8, groupId=parking-consumer-group] Adding newly assigned partitions: [slot-updates-1]
2025-12-30 12:04:52 [org.springframework.kafka.KafkaListenerEndpointContainer#1-0-C-1] INFO  o.a.k.c.c.i.ConsumerRebalanceListenerInvoker - [Consumer clientId=consumer-parking-consumer-group-7, groupId=parking-consumer-group] Adding newly assigned partitions: [slot-updates-0]
2025-12-30 12:04:52 [org.springframework.kafka.KafkaListenerEndpointContainer#2-1-C-1] INFO  o.a.k.c.c.i.ConsumerCoordinator - [Consumer clientId=consumer-parking-consumer-group-2, groupId=parking-consumer-group] Successfully synced group in generation Generation{generationId=31, memberId='consumer-parking-consumer-group-2-86337ff3-4cf8-4b35-9475-f815265a02f4', protocol='range'}
2025-12-30 12:04:52 [org.springframework.kafka.KafkaListenerEndpointContainer#0-0-C-1] INFO  o.a.k.c.c.i.ConsumerCoordinator - [Consumer clientId=consumer-parking-consumer-group-4, groupId=parking-consumer-group] Successfully synced group in generation Generation{generationId=31, memberId='consumer-parking-consumer-group-4-3211a056-43e6-4e9c-b892-6f5c774f1bed', protocol='range'}
2025-12-30 12:04:52 [org.springframework.kafka.KafkaListenerEndpointContainer#2-1-C-1] INFO  o.a.k.c.c.i.ConsumerCoordinator - [Consumer clientId=consumer-parking-consumer-group-2, groupId=parking-consumer-group] Notifying assignor about the new Assignment(partitions=[parking-violations-1])
2025-12-30 12:04:52 [org.springframework.kafka.KafkaListenerEndpointContainer#0-0-C-1] INFO  o.a.k.c.c.i.ConsumerCoordinator - [Consumer clientId=consumer-parking-consumer-group-4, groupId=parking-consumer-group] Notifying assignor about the new Assignment(partitions=[parking-events-0])
2025-12-30 12:04:52 [org.springframework.kafka.KafkaListenerEndpointContainer#2-1-C-1] INFO  o.a.k.c.c.i.ConsumerRebalanceListenerInvoker - [Consumer clientId=consumer-parking-consumer-group-2, groupId=parking-consumer-group] Adding newly assigned partitions: [parking-violations-1]
2025-12-30 12:04:52 [org.springframework.kafka.KafkaListenerEndpointContainer#0-0-C-1] INFO  o.a.k.c.c.i.ConsumerRebalanceListenerInvoker - [Consumer clientId=consumer-parking-consumer-group-4, groupId=parking-consumer-group] Adding newly assigned partitions: [parking-events-0]
2025-12-30 12:04:52 [org.springframework.kafka.KafkaListenerEndpointContainer#0-1-C-1] INFO  o.a.k.c.c.internals.ConsumerUtils - Setting offset for partition parking-events-1 to the committed offset FetchPosition{offset=0, offsetEpoch=Optional.empty, currentLeader=LeaderAndEpoch{leader=Optional[localhost:9092 (id: 1 rack: null isFenced: false)], epoch=16}}
2025-12-30 12:04:52 [org.springframework.kafka.KafkaListenerEndpointContainer#2-0-C-1] INFO  o.a.k.c.c.internals.ConsumerUtils - Setting offset for partition parking-violations-0 to the committed offset FetchPosition{offset=832, offsetEpoch=Optional[14], currentLeader=LeaderAndEpoch{leader=Optional[localhost:9092 (id: 1 rack: null isFenced: false)], epoch=16}}
2025-12-30 12:04:52 [org.springframework.kafka.KafkaListenerEndpointContainer#2-2-C-1] INFO  o.a.k.c.c.internals.ConsumerUtils - Setting offset for partition parking-violations-2 to the committed offset FetchPosition{offset=5, offsetEpoch=Optional[14], currentLeader=LeaderAndEpoch{leader=Optional[localhost:9092 (id: 1 rack: null isFenced: false)], epoch=16}}
2025-12-30 12:04:52 [org.springframework.kafka.KafkaListenerEndpointContainer#1-0-C-1] INFO  o.a.k.c.c.internals.ConsumerUtils - Setting offset for partition slot-updates-0 to the committed offset FetchPosition{offset=0, offsetEpoch=Optional.empty, currentLeader=LeaderAndEpoch{leader=Optional[localhost:9092 (id: 1 rack: null isFenced: false)], epoch=16}}
2025-12-30 12:04:52 [org.springframework.kafka.KafkaListenerEndpointContainer#0-2-C-1] INFO  o.a.k.c.c.internals.ConsumerUtils - Setting offset for partition parking-events-2 to the committed offset FetchPosition{offset=0, offsetEpoch=Optional.empty, currentLeader=LeaderAndEpoch{leader=Optional[localhost:9092 (id: 1 rack: null isFenced: false)], epoch=16}}
2025-12-30 12:04:52 [org.springframework.kafka.KafkaListenerEndpointContainer#1-1-C-1] INFO  o.a.k.c.c.internals.ConsumerUtils - Setting offset for partition slot-updates-1 to the committed offset FetchPosition{offset=0, offsetEpoch=Optional.empty, currentLeader=LeaderAndEpoch{leader=Optional[localhost:9092 (id: 1 rack: null isFenced: false)], epoch=16}}
2025-12-30 12:04:52 [org.springframework.kafka.KafkaListenerEndpointContainer#2-1-C-1] INFO  o.a.k.c.c.internals.ConsumerUtils - Setting offset for partition parking-violations-1 to the committed offset FetchPosition{offset=415, offsetEpoch=Optional[0], currentLeader=LeaderAndEpoch{leader=Optional[localhost:9092 (id: 1 rack: null isFenced: false)], epoch=16}}
2025-12-30 12:04:52 [org.springframework.kafka.KafkaListenerEndpointContainer#0-1-C-1] INFO  o.s.k.l.KafkaMessageListenerContainer - parking-consumer-group: partitions assigned: [parking-events-1]
2025-12-30 12:04:52 [org.springframework.kafka.KafkaListenerEndpointContainer#1-2-C-1] INFO  o.a.k.c.c.internals.ConsumerUtils - Setting offset for partition slot-updates-2 to the committed offset FetchPosition{offset=0, offsetEpoch=Optional.empty, currentLeader=LeaderAndEpoch{leader=Optional[localhost:9092 (id: 1 rack: null isFenced: false)], epoch=16}}
2025-12-30 12:04:52 [org.springframework.kafka.KafkaListenerEndpointContainer#1-1-C-1] INFO  o.s.k.l.KafkaMessageListenerContainer - parking-consumer-group: partitions assigned: [slot-updates-1]
2025-12-30 12:04:52 [org.springframework.kafka.KafkaListenerEndpointContainer#1-0-C-1] INFO  o.s.k.l.KafkaMessageListenerContainer - parking-consumer-group: partitions assigned: [slot-updates-0]
2025-12-30 12:04:52 [org.springframework.kafka.KafkaListenerEndpointContainer#1-2-C-1] INFO  o.s.k.l.KafkaMessageListenerContainer - parking-consumer-group: partitions assigned: [slot-updates-2]
2025-12-30 12:04:52 [org.springframework.kafka.KafkaListenerEndpointContainer#0-2-C-1] INFO  o.s.k.l.KafkaMessageListenerContainer - parking-consumer-group: partitions assigned: [parking-events-2]
2025-12-30 12:04:52 [org.springframework.kafka.KafkaListenerEndpointContainer#0-0-C-1] INFO  o.a.k.c.c.internals.ConsumerUtils - Setting offset for partition parking-events-0 to the committed offset FetchPosition{offset=0, offsetEpoch=Optional.empty, currentLeader=LeaderAndEpoch{leader=Optional[localhost:9092 (id: 1 rack: null isFenced: false)], epoch=16}}
2025-12-30 12:04:52 [org.springframework.kafka.KafkaListenerEndpointContainer#0-0-C-1] INFO  o.s.k.l.KafkaMessageListenerContainer - parking-consumer-group: partitions assigned: [parking-events-0]
2025-12-30 12:04:52 [org.springframework.kafka.KafkaListenerEndpointContainer#2-0-C-1] INFO  o.s.k.l.KafkaMessageListenerContainer - parking-consumer-group: partitions assigned: [parking-violations-0]
2025-12-30 12:04:52 [org.springframework.kafka.KafkaListenerEndpointContainer#2-1-C-1] INFO  o.s.k.l.KafkaMessageListenerContainer - parking-consumer-group: partitions assigned: [parking-violations-1]
2025-12-30 12:04:52 [org.springframework.kafka.KafkaListenerEndpointContainer#2-2-C-1] INFO  o.s.k.l.KafkaMessageListenerContainer - parking-consumer-group: partitions assigned: [parking-violations-2]
2025-12-30 12:05:00 [http-nio-8080-exec-1] INFO  o.a.c.c.C.[Tomcat].[localhost].[/] - Initializing Spring DispatcherServlet 'dispatcherServlet'
2025-12-30 12:05:00 [http-nio-8080-exec-1] INFO  o.s.web.servlet.DispatcherServlet - Initializing Servlet 'dispatcherServlet'
2025-12-30 12:05:00 [http-nio-8080-exec-1] INFO  o.s.web.servlet.DispatcherServlet - Completed initialization in 1 ms
2025-12-30 12:06:00 [http-nio-8080-exec-1] INFO  p.controller.ParkingController - Creating new parking slot: A9
2025-12-30 12:06:00 [http-nio-8080-exec-1] INFO  parking.services.ParkingService - Creating new parking slot: A9
2025-12-30 12:06:00 [http-nio-8080-exec-1] DEBUG org.hibernate.SQL - 
    select
        ps1_0.id,
        ps1_0.current_vehicle_number,
        ps1_0.floor,
        ps1_0.last_updated,
        ps1_0.max_stay_minutes,
        ps1_0.occupied_since,
        ps1_0.reserved,
        ps1_0.slot_number,
        ps1_0.status,
        ps1_0.zone 
    from
        parking_slots ps1_0 
    where
        ps1_0.slot_number=?
2025-12-30 12:06:00 [http-nio-8080-exec-1] ERROR parking.services.ParkingService - Slot already exists: A9
2025-12-30 12:06:00 [http-nio-8080-exec-1] ERROR o.a.c.c.C.[.[.[.[dispatcherServlet] - Servlet.service() for servlet [dispatcherServlet] in context with path [] threw exception [Request processing failed: java.lang.RuntimeException: Slot already exists: A9] with root cause
java.lang.RuntimeException: Slot already exists: A9
	at parking.services.ParkingService.createSlot(ParkingService.java:184)
	at java.base/jdk.internal.reflect.DirectMethodHandleAccessor.invoke(DirectMethodHandleAccessor.java:104)
	at java.base/java.lang.reflect.Method.invoke(Method.java:565)
	at org.springframework.aop.support.AopUtils.invokeJoinpointUsingReflection(AopUtils.java:359)
	at org.springframework.aop.framework.ReflectiveMethodInvocation.invokeJoinpoint(ReflectiveMethodInvocation.java:190)
	at org.springframework.aop.framework.ReflectiveMethodInvocation.proceed(ReflectiveMethodInvocation.java:158)
	at org.springframework.transaction.interceptor.TransactionAspectSupport.invokeWithinTransaction(TransactionAspectSupport.java:370)
	at org.springframework.transaction.interceptor.TransactionInterceptor.invoke(TransactionInterceptor.java:118)
	at org.springframework.aop.framework.ReflectiveMethodInvocation.proceed(ReflectiveMethodInvocation.java:179)
	at org.springframework.aop.framework.CglibAopProxy$DynamicAdvisedInterceptor.intercept(CglibAopProxy.java:719)
	at parking.services.ParkingService$$SpringCGLIB$$0.createSlot(<generated>)
	at parking.controller.ParkingController.createSlot(ParkingController.java:67)
	at java.base/jdk.internal.reflect.DirectMethodHandleAccessor.invoke(DirectMethodHandleAccessor.java:104)
	at java.base/java.lang.reflect.Method.invoke(Method.java:565)
	at org.springframework.web.method.support.InvocableHandlerMethod.doInvoke(InvocableHandlerMethod.java:258)
	at org.springframework.web.method.support.InvocableHandlerMethod.invokeForRequest(InvocableHandlerMethod.java:190)
	at org.springframework.web.servlet.mvc.method.annotation.ServletInvocableHandlerMethod.invokeAndHandle(ServletInvocableHandlerMethod.java:117)
	at org.springframework.web.servlet.mvc.method.annotation.RequestMappingHandlerAdapter.invokeHandlerMethod(RequestMappingHandlerAdapter.java:934)
	at org.springframework.web.servlet.mvc.method.annotation.RequestMappingHandlerAdapter.handleInternal(RequestMappingHandlerAdapter.java:853)
	at org.springframework.web.servlet.mvc.method.AbstractHandlerMethodAdapter.handle(AbstractHandlerMethodAdapter.java:86)
	at org.springframework.web.servlet.DispatcherServlet.doDispatch(DispatcherServlet.java:963)
	at org.springframework.web.servlet.DispatcherServlet.doService(DispatcherServlet.java:866)
	at org.springframework.web.servlet.FrameworkServlet.processRequest(FrameworkServlet.java:1003)
	at org.springframework.web.servlet.FrameworkServlet.doPost(FrameworkServlet.java:903)
	at jakarta.servlet.http.HttpServlet.service(HttpServlet.java:649)
	at org.springframework.web.servlet.FrameworkServlet.service(FrameworkServlet.java:874)
	at jakarta.servlet.http.HttpServlet.service(HttpServlet.java:710)
	at org.apache.catalina.core.ApplicationFilterChain.doFilter(ApplicationFilterChain.java:128)
	at org.apache.tomcat.websocket.server.WsFilter.doFilter(WsFilter.java:53)
	at org.apache.catalina.core.ApplicationFilterChain.doFilter(ApplicationFilterChain.java:107)
	at org.springframework.web.filter.RequestContextFilter.doFilterInternal(RequestContextFilter.java:100)
	at org.springframework.web.filter.OncePerRequestFilter.doFilter(OncePerRequestFilter.java:116)
	at org.apache.catalina.core.ApplicationFilterChain.doFilter(ApplicationFilterChain.java:107)
	at org.springframework.web.filter.FormContentFilter.doFilterInternal(FormContentFilter.java:93)
	at org.springframework.web.filter.OncePerRequestFilter.doFilter(OncePerRequestFilter.java:116)
	at org.apache.catalina.core.ApplicationFilterChain.doFilter(ApplicationFilterChain.java:107)
	at org.springframework.web.filter.CharacterEncodingFilter.doFilterInternal(CharacterEncodingFilter.java:199)
	at org.springframework.web.filter.OncePerRequestFilter.doFilter(OncePerRequestFilter.java:116)
	at org.apache.catalina.core.ApplicationFilterChain.doFilter(ApplicationFilterChain.java:107)
	at org.apache.catalina.core.StandardWrapperValve.invoke(StandardWrapperValve.java:165)
	at org.apache.catalina.core.StandardContextValve.invoke(StandardContextValve.java:77)
	at org.apache.catalina.authenticator.AuthenticatorBase.invoke(AuthenticatorBase.java:482)
	at org.apache.catalina.core.StandardHostValve.invoke(StandardHostValve.java:113)
	at org.apache.catalina.valves.ErrorReportValve.invoke(ErrorReportValve.java:83)
	at org.apache.catalina.core.StandardEngineValve.invoke(StandardEngineValve.java:72)
	at org.apache.catalina.connector.CoyoteAdapter.service(CoyoteAdapter.java:341)
	at org.apache.coyote.http11.Http11Processor.service(Http11Processor.java:397)
	at org.apache.coyote.AbstractProcessorLight.process(AbstractProcessorLight.java:63)
	at org.apache.coyote.AbstractProtocol$ConnectionHandler.process(AbstractProtocol.java:903)
	at org.apache.tomcat.util.net.NioEndpoint$SocketProcessor.doRun(NioEndpoint.java:1778)
	at org.apache.tomcat.util.net.SocketProcessorBase.run(SocketProcessorBase.java:52)
	at org.apache.tomcat.util.threads.ThreadPoolExecutor.runWorker(ThreadPoolExecutor.java:946)
	at org.apache.tomcat.util.threads.ThreadPoolExecutor$Worker.run(ThreadPoolExecutor.java:480)
	at org.apache.tomcat.util.threads.TaskThread$WrappingRunnable.run(TaskThread.java:57)
	at java.base/java.lang.Thread.run(Thread.java:1474)
2025-12-30 12:06:32 [http-nio-8080-exec-2] INFO  p.controller.ParkingController - Creating new parking slot: A15
2025-12-30 12:06:32 [http-nio-8080-exec-2] INFO  parking.services.ParkingService - Creating new parking slot: A15
2025-12-30 12:06:32 [http-nio-8080-exec-2] DEBUG org.hibernate.SQL - 
    select
        ps1_0.id,
        ps1_0.current_vehicle_number,
        ps1_0.floor,
        ps1_0.last_updated,
        ps1_0.max_stay_minutes,
        ps1_0.occupied_since,
        ps1_0.reserved,
        ps1_0.slot_number,
        ps1_0.status,
        ps1_0.zone 
    from
        parking_slots ps1_0 
    where
        ps1_0.slot_number=?
2025-12-30 12:06:32 [http-nio-8080-exec-2] DEBUG org.hibernate.SQL - 
    insert 
    into
        parking_slots
        (current_vehicle_number, floor, last_updated, max_stay_minutes, occupied_since, reserved, slot_number, status, zone) 
    values
        (?, ?, ?, ?, ?, ?, ?, ?, ?)
2025-12-30 12:06:32 [http-nio-8080-exec-2] INFO  parking.services.ParkingService - Successfully created parking slot: A15 on floor: 1, zone: North
2025-12-30 12:06:32 [http-nio-8080-exec-2] INFO  p.controller.ParkingController - Slot created successfully: A15
2025-12-30 12:16:45 [http-nio-8080-exec-1] DEBUG org.hibernate.SQL - 
    select
        ps1_0.id,
        ps1_0.current_vehicle_number,
        ps1_0.floor,
        ps1_0.last_updated,
        ps1_0.max_stay_minutes,
        ps1_0.occupied_since,
        ps1_0.reserved,
        ps1_0.slot_number,
        ps1_0.status,
        ps1_0.zone 
    from
        parking_slots ps1_0
2025-12-30 12:16:45 [http-nio-8080-exec-3] INFO  parking.controller.StreamController - === New SSE connection request for slot updates ===
2025-12-30 12:16:45 [http-nio-8080-exec-4] INFO  parking.controller.StreamController - === New SSE connection request for violations ===
2025-12-30 12:16:46 [http-nio-8080-exec-4] INFO  parking.services.SSEService - Creating new SSE emitter for violation updates
2025-12-30 12:16:46 [http-nio-8080-exec-3] INFO  parking.services.SSEService - Creating new SSE emitter for slot updates
2025-12-30 12:16:46 [http-nio-8080-exec-3] INFO  parking.services.SSEService - New SSE slot emitter created. Total active slot emitters: 1
2025-12-30 12:16:46 [http-nio-8080-exec-4] INFO  parking.services.SSEService - New SSE violation emitter created. Total active violation emitters: 1
2025-12-30 12:16:46 [http-nio-8080-exec-1] INFO  p.controller.ParkingController - Retrieved 13 parking slots
2025-12-30 12:16:46 [http-nio-8080-exec-2] INFO  p.controller.ParkingController - Fetching parking statistics
2025-12-30 12:16:46 [http-nio-8080-exec-6] INFO  p.controller.ViolationController - Fetching active violations
2025-12-30 12:16:46 [http-nio-8080-exec-5] DEBUG org.hibernate.SQL - 
    select
        pe1_0.id,
        pe1_0.additional_info,
        pe1_0.duration_minutes,
        pe1_0.event_type,
        pe1_0.slot_number,
        pe1_0.timestamp,
        pe1_0.vehicle_number 
    from
        parking_events pe1_0
2025-12-30 12:16:46 [http-nio-8080-exec-5] INFO  p.controller.ParkingController - Retrieved 0 parking events
2025-12-30 12:16:46 [http-nio-8080-exec-2] DEBUG org.hibernate.SQL - 
    select
        count(*) 
    from
        parking_slots ps1_0
2025-12-30 12:16:46 [http-nio-8080-exec-2] DEBUG org.hibernate.SQL - 
    select
        count(ps1_0.id) 
    from
        parking_slots ps1_0 
    where
        ps1_0.status='VACANT'
2025-12-30 12:16:46 [http-nio-8080-exec-6] DEBUG org.hibernate.SQL - 
    select
        pv1_0.id,
        pv1_0.detected_at,
        pv1_0.entry_time,
        pv1_0.notes,
        pv1_0.overstay_minutes,
        pv1_0.resolved,
        pv1_0.resolved_at,
        pv1_0.slot_number,
        pv1_0.vehicle_number,
        pv1_0.violation_type 
    from
        parking_violations pv1_0 
    where
        pv1_0.resolved=false 
    order by
        pv1_0.detected_at desc
2025-12-30 12:16:46 [http-nio-8080-exec-2] DEBUG org.hibernate.SQL - 
    select
        count(pv1_0.id) 
    from
        parking_violations pv1_0 
    where
        pv1_0.resolved=false
2025-12-30 12:16:46 [http-nio-8080-exec-6] INFO  p.services.ViolationDetectionService - Found 0 active violations
2025-12-30 12:16:46 [http-nio-8080-exec-2] INFO  parking.services.ParkingService - Parking Stats - Total: 13, Available: 13, Occupied: 0, Violations: 0, Occupancy Rate: 0.00%
2025-12-30 12:18:02 [http-nio-8080-exec-10] INFO  p.controller.ParkingController - Creating new parking slot: A1
2025-12-30 12:18:02 [http-nio-8080-exec-10] INFO  parking.services.ParkingService - Creating new parking slot: A1
2025-12-30 12:18:02 [http-nio-8080-exec-10] DEBUG org.hibernate.SQL - 
    select
        ps1_0.id,
        ps1_0.current_vehicle_number,
        ps1_0.floor,
        ps1_0.last_updated,
        ps1_0.max_stay_minutes,
        ps1_0.occupied_since,
        ps1_0.reserved,
        ps1_0.slot_number,
        ps1_0.status,
        ps1_0.zone 
    from
        parking_slots ps1_0 
    where
        ps1_0.slot_number=?
2025-12-30 12:18:02 [http-nio-8080-exec-10] DEBUG org.hibernate.SQL - 
    insert 
    into
        parking_slots
        (current_vehicle_number, floor, last_updated, max_stay_minutes, occupied_since, reserved, slot_number, status, zone) 
    values
        (?, ?, ?, ?, ?, ?, ?, ?, ?)
2025-12-30 12:18:02 [http-nio-8080-exec-10] INFO  parking.services.ParkingService - Successfully created parking slot: A1 on floor: 1, zone: North
2025-12-30 12:18:02 [http-nio-8080-exec-10] INFO  p.controller.ParkingController - Slot created successfully: A1
2025-12-30 12:18:08 [http-nio-8080-exec-4] INFO  p.controller.ParkingController - Creating new parking slot: A2
2025-12-30 12:18:08 [http-nio-8080-exec-4] INFO  parking.services.ParkingService - Creating new parking slot: A2
2025-12-30 12:18:08 [http-nio-8080-exec-4] DEBUG org.hibernate.SQL - 
    select
        ps1_0.id,
        ps1_0.current_vehicle_number,
        ps1_0.floor,
        ps1_0.last_updated,
        ps1_0.max_stay_minutes,
        ps1_0.occupied_since,
        ps1_0.reserved,
        ps1_0.slot_number,
        ps1_0.status,
        ps1_0.zone 
    from
        parking_slots ps1_0 
    where
        ps1_0.slot_number=?
2025-12-30 12:18:08 [http-nio-8080-exec-4] DEBUG org.hibernate.SQL - 
    insert 
    into
        parking_slots
        (current_vehicle_number, floor, last_updated, max_stay_minutes, occupied_since, reserved, slot_number, status, zone) 
    values
        (?, ?, ?, ?, ?, ?, ?, ?, ?)
2025-12-30 12:18:08 [http-nio-8080-exec-4] INFO  parking.services.ParkingService - Successfully created parking slot: A2 on floor: 1, zone: North
2025-12-30 12:18:08 [http-nio-8080-exec-4] INFO  p.controller.ParkingController - Slot created successfully: A2
2025-12-30 12:18:15 [http-nio-8080-exec-3] INFO  p.controller.ParkingController - Creating new parking slot: A3
2025-12-30 12:18:15 [http-nio-8080-exec-3] INFO  parking.services.ParkingService - Creating new parking slot: A3
2025-12-30 12:18:15 [http-nio-8080-exec-3] DEBUG org.hibernate.SQL - 
    select
        ps1_0.id,
        ps1_0.current_vehicle_number,
        ps1_0.floor,
        ps1_0.last_updated,
        ps1_0.max_stay_minutes,
        ps1_0.occupied_since,
        ps1_0.reserved,
        ps1_0.slot_number,
        ps1_0.status,
        ps1_0.zone 
    from
        parking_slots ps1_0 
    where
        ps1_0.slot_number=?
2025-12-30 12:18:15 [http-nio-8080-exec-3] DEBUG org.hibernate.SQL - 
    insert 
    into
        parking_slots
        (current_vehicle_number, floor, last_updated, max_stay_minutes, occupied_since, reserved, slot_number, status, zone) 
    values
        (?, ?, ?, ?, ?, ?, ?, ?, ?)
2025-12-30 12:18:15 [http-nio-8080-exec-3] INFO  parking.services.ParkingService - Successfully created parking slot: A3 on floor: 1, zone: North
2025-12-30 12:18:15 [http-nio-8080-exec-3] INFO  p.controller.ParkingController - Slot created successfully: A3
2025-12-30 12:18:20 [http-nio-8080-exec-1] INFO  p.controller.ParkingController - Creating new parking slot: A4
2025-12-30 12:18:20 [http-nio-8080-exec-1] INFO  parking.services.ParkingService - Creating new parking slot: A4
2025-12-30 12:18:20 [http-nio-8080-exec-1] DEBUG org.hibernate.SQL - 
    select
        ps1_0.id,
        ps1_0.current_vehicle_number,
        ps1_0.floor,
        ps1_0.last_updated,
        ps1_0.max_stay_minutes,
        ps1_0.occupied_since,
        ps1_0.reserved,
        ps1_0.slot_number,
        ps1_0.status,
        ps1_0.zone 
    from
        parking_slots ps1_0 
    where
        ps1_0.slot_number=?
2025-12-30 12:18:20 [http-nio-8080-exec-1] DEBUG org.hibernate.SQL - 
    insert 
    into
        parking_slots
        (current_vehicle_number, floor, last_updated, max_stay_minutes, occupied_since, reserved, slot_number, status, zone) 
    values
        (?, ?, ?, ?, ?, ?, ?, ?, ?)
2025-12-30 12:18:20 [http-nio-8080-exec-1] INFO  parking.services.ParkingService - Successfully created parking slot: A4 on floor: 1, zone: North
2025-12-30 12:18:20 [http-nio-8080-exec-1] INFO  p.controller.ParkingController - Slot created successfully: A4
2025-12-30 12:18:24 [http-nio-8080-exec-5] DEBUG org.hibernate.SQL - 
    select
        ps1_0.id,
        ps1_0.current_vehicle_number,
        ps1_0.floor,
        ps1_0.last_updated,
        ps1_0.max_stay_minutes,
        ps1_0.occupied_since,
        ps1_0.reserved,
        ps1_0.slot_number,
        ps1_0.status,
        ps1_0.zone 
    from
        parking_slots ps1_0
2025-12-30 12:18:25 [http-nio-8080-exec-5] INFO  p.controller.ParkingController - Retrieved 4 parking slots
2025-12-30 12:18:25 [http-nio-8080-exec-6] INFO  parking.controller.StreamController - === New SSE connection request for slot updates ===
2025-12-30 12:18:25 [http-nio-8080-exec-6] INFO  parking.services.SSEService - Creating new SSE emitter for slot updates
2025-12-30 12:18:25 [http-nio-8080-exec-6] INFO  parking.services.SSEService - New SSE slot emitter created. Total active slot emitters: 2
2025-12-30 12:18:25 [http-nio-8080-exec-2] INFO  parking.controller.StreamController - === New SSE connection request for violations ===
2025-12-30 12:18:25 [http-nio-8080-exec-2] INFO  parking.services.SSEService - Creating new SSE emitter for violation updates
2025-12-30 12:18:25 [http-nio-8080-exec-2] INFO  parking.services.SSEService - New SSE violation emitter created. Total active violation emitters: 2
2025-12-30 12:18:25 [http-nio-8080-exec-9] INFO  p.controller.ParkingController - Fetching parking statistics
2025-12-30 12:18:25 [http-nio-8080-exec-7] INFO  p.controller.ViolationController - Fetching active violations
2025-12-30 12:18:25 [http-nio-8080-exec-8] DEBUG org.hibernate.SQL - 
    select
        pe1_0.id,
        pe1_0.additional_info,
        pe1_0.duration_minutes,
        pe1_0.event_type,
        pe1_0.slot_number,
        pe1_0.timestamp,
        pe1_0.vehicle_number 
    from
        parking_events pe1_0
2025-12-30 12:18:25 [http-nio-8080-exec-8] INFO  p.controller.ParkingController - Retrieved 0 parking events
2025-12-30 12:18:25 [http-nio-8080-exec-7] DEBUG org.hibernate.SQL - 
    select
        pv1_0.id,
        pv1_0.detected_at,
        pv1_0.entry_time,
        pv1_0.notes,
        pv1_0.overstay_minutes,
        pv1_0.resolved,
        pv1_0.resolved_at,
        pv1_0.slot_number,
        pv1_0.vehicle_number,
        pv1_0.violation_type 
    from
        parking_violations pv1_0 
    where
        pv1_0.resolved=false 
    order by
        pv1_0.detected_at desc
2025-12-30 12:18:25 [http-nio-8080-exec-7] INFO  p.services.ViolationDetectionService - Found 0 active violations
2025-12-30 12:18:25 [http-nio-8080-exec-9] DEBUG org.hibernate.SQL - 
    select
        count(*) 
    from
        parking_slots ps1_0
2025-12-30 12:18:25 [http-nio-8080-exec-9] DEBUG org.hibernate.SQL - 
    select
        count(ps1_0.id) 
    from
        parking_slots ps1_0 
    where
        ps1_0.status='VACANT'
2025-12-30 12:18:25 [http-nio-8080-exec-9] DEBUG org.hibernate.SQL - 
    select
        count(pv1_0.id) 
    from
        parking_violations pv1_0 
    where
        pv1_0.resolved=false
2025-12-30 12:18:25 [http-nio-8080-exec-9] INFO  parking.services.ParkingService - Parking Stats - Total: 4, Available: 4, Occupied: 0, Violations: 0, Occupancy Rate: 0.00%
2025-12-30 12:18:48 [http-nio-8080-exec-5] INFO  p.controller.ParkingController - Creating new parking slot: A1
2025-12-30 12:18:48 [http-nio-8080-exec-5] INFO  parking.services.ParkingService - Creating new parking slot: A1
2025-12-30 12:18:48 [http-nio-8080-exec-5] DEBUG org.hibernate.SQL - 
    select
        ps1_0.id,
        ps1_0.current_vehicle_number,
        ps1_0.floor,
        ps1_0.last_updated,
        ps1_0.max_stay_minutes,
        ps1_0.occupied_since,
        ps1_0.reserved,
        ps1_0.slot_number,
        ps1_0.status,
        ps1_0.zone 
    from
        parking_slots ps1_0 
    where
        ps1_0.slot_number=?
2025-12-30 12:18:48 [http-nio-8080-exec-5] ERROR parking.services.ParkingService - Slot already exists: A1
2025-12-30 12:18:48 [http-nio-8080-exec-5] ERROR o.a.c.c.C.[.[.[.[dispatcherServlet] - Servlet.service() for servlet [dispatcherServlet] in context with path [] threw exception [Request processing failed: java.lang.RuntimeException: Slot already exists: A1] with root cause
java.lang.RuntimeException: Slot already exists: A1
	at parking.services.ParkingService.createSlot(ParkingService.java:184)
	at java.base/jdk.internal.reflect.DirectMethodHandleAccessor.invoke(DirectMethodHandleAccessor.java:104)
	at java.base/java.lang.reflect.Method.invoke(Method.java:565)
	at org.springframework.aop.support.AopUtils.invokeJoinpointUsingReflection(AopUtils.java:359)
	at org.springframework.aop.framework.ReflectiveMethodInvocation.invokeJoinpoint(ReflectiveMethodInvocation.java:190)
	at org.springframework.aop.framework.ReflectiveMethodInvocation.proceed(ReflectiveMethodInvocation.java:158)
	at org.springframework.transaction.interceptor.TransactionAspectSupport.invokeWithinTransaction(TransactionAspectSupport.java:370)
	at org.springframework.transaction.interceptor.TransactionInterceptor.invoke(TransactionInterceptor.java:118)
	at org.springframework.aop.framework.ReflectiveMethodInvocation.proceed(ReflectiveMethodInvocation.java:179)
	at org.springframework.aop.framework.CglibAopProxy$DynamicAdvisedInterceptor.intercept(CglibAopProxy.java:719)
	at parking.services.ParkingService$$SpringCGLIB$$0.createSlot(<generated>)
	at parking.controller.ParkingController.createSlot(ParkingController.java:67)
	at java.base/jdk.internal.reflect.DirectMethodHandleAccessor.invoke(DirectMethodHandleAccessor.java:104)
	at java.base/java.lang.reflect.Method.invoke(Method.java:565)
	at org.springframework.web.method.support.InvocableHandlerMethod.doInvoke(InvocableHandlerMethod.java:258)
	at org.springframework.web.method.support.InvocableHandlerMethod.invokeForRequest(InvocableHandlerMethod.java:190)
	at org.springframework.web.servlet.mvc.method.annotation.ServletInvocableHandlerMethod.invokeAndHandle(ServletInvocableHandlerMethod.java:117)
	at org.springframework.web.servlet.mvc.method.annotation.RequestMappingHandlerAdapter.invokeHandlerMethod(RequestMappingHandlerAdapter.java:934)
	at org.springframework.web.servlet.mvc.method.annotation.RequestMappingHandlerAdapter.handleInternal(RequestMappingHandlerAdapter.java:853)
	at org.springframework.web.servlet.mvc.method.AbstractHandlerMethodAdapter.handle(AbstractHandlerMethodAdapter.java:86)
	at org.springframework.web.servlet.DispatcherServlet.doDispatch(DispatcherServlet.java:963)
	at org.springframework.web.servlet.DispatcherServlet.doService(DispatcherServlet.java:866)
	at org.springframework.web.servlet.FrameworkServlet.processRequest(FrameworkServlet.java:1003)
	at org.springframework.web.servlet.FrameworkServlet.doPost(FrameworkServlet.java:903)
	at jakarta.servlet.http.HttpServlet.service(HttpServlet.java:649)
	at org.springframework.web.servlet.FrameworkServlet.service(FrameworkServlet.java:874)
	at jakarta.servlet.http.HttpServlet.service(HttpServlet.java:710)
	at org.apache.catalina.core.ApplicationFilterChain.doFilter(ApplicationFilterChain.java:128)
	at org.apache.tomcat.websocket.server.WsFilter.doFilter(WsFilter.java:53)
	at org.apache.catalina.core.ApplicationFilterChain.doFilter(ApplicationFilterChain.java:107)
	at org.springframework.web.filter.RequestContextFilter.doFilterInternal(RequestContextFilter.java:100)
	at org.springframework.web.filter.OncePerRequestFilter.doFilter(OncePerRequestFilter.java:116)
	at org.apache.catalina.core.ApplicationFilterChain.doFilter(ApplicationFilterChain.java:107)
	at org.springframework.web.filter.FormContentFilter.doFilterInternal(FormContentFilter.java:93)
	at org.springframework.web.filter.OncePerRequestFilter.doFilter(OncePerRequestFilter.java:116)
	at org.apache.catalina.core.ApplicationFilterChain.doFilter(ApplicationFilterChain.java:107)
	at org.springframework.web.filter.CharacterEncodingFilter.doFilterInternal(CharacterEncodingFilter.java:199)
	at org.springframework.web.filter.OncePerRequestFilter.doFilter(OncePerRequestFilter.java:116)
	at org.apache.catalina.core.ApplicationFilterChain.doFilter(ApplicationFilterChain.java:107)
	at org.apache.catalina.core.StandardWrapperValve.invoke(StandardWrapperValve.java:165)
	at org.apache.catalina.core.StandardContextValve.invoke(StandardContextValve.java:77)
	at org.apache.catalina.authenticator.AuthenticatorBase.invoke(AuthenticatorBase.java:482)
	at org.apache.catalina.core.StandardHostValve.invoke(StandardHostValve.java:113)
	at org.apache.catalina.valves.ErrorReportValve.invoke(ErrorReportValve.java:83)
	at org.apache.catalina.core.StandardEngineValve.invoke(StandardEngineValve.java:72)
	at org.apache.catalina.connector.CoyoteAdapter.service(CoyoteAdapter.java:341)
	at org.apache.coyote.http11.Http11Processor.service(Http11Processor.java:397)
	at org.apache.coyote.AbstractProcessorLight.process(AbstractProcessorLight.java:63)
	at org.apache.coyote.AbstractProtocol$ConnectionHandler.process(AbstractProtocol.java:903)
	at org.apache.tomcat.util.net.NioEndpoint$SocketProcessor.doRun(NioEndpoint.java:1778)
	at org.apache.tomcat.util.net.SocketProcessorBase.run(SocketProcessorBase.java:52)
	at org.apache.tomcat.util.threads.ThreadPoolExecutor.runWorker(ThreadPoolExecutor.java:946)
	at org.apache.tomcat.util.threads.ThreadPoolExecutor$Worker.run(ThreadPoolExecutor.java:480)
	at org.apache.tomcat.util.threads.TaskThread$WrappingRunnable.run(TaskThread.java:57)
	at java.base/java.lang.Thread.run(Thread.java:1474)
2025-12-30 12:18:57 [http-nio-8080-exec-2] INFO  p.controller.ParkingController - Creating new parking slot: B1
2025-12-30 12:18:57 [http-nio-8080-exec-2] INFO  parking.services.ParkingService - Creating new parking slot: B1
2025-12-30 12:18:57 [http-nio-8080-exec-2] DEBUG org.hibernate.SQL - 
    select
        ps1_0.id,
        ps1_0.current_vehicle_number,
        ps1_0.floor,
        ps1_0.last_updated,
        ps1_0.max_stay_minutes,
        ps1_0.occupied_since,
        ps1_0.reserved,
        ps1_0.slot_number,
        ps1_0.status,
        ps1_0.zone 
    from
        parking_slots ps1_0 
    where
        ps1_0.slot_number=?
2025-12-30 12:18:57 [http-nio-8080-exec-2] DEBUG org.hibernate.SQL - 
    insert 
    into
        parking_slots
        (current_vehicle_number, floor, last_updated, max_stay_minutes, occupied_since, reserved, slot_number, status, zone) 
    values
        (?, ?, ?, ?, ?, ?, ?, ?, ?)
2025-12-30 12:18:57 [http-nio-8080-exec-2] INFO  parking.services.ParkingService - Successfully created parking slot: B1 on floor: 2, zone: South
2025-12-30 12:18:57 [http-nio-8080-exec-2] INFO  p.controller.ParkingController - Slot created successfully: B1
2025-12-30 12:19:03 [http-nio-8080-exec-8] INFO  p.controller.ParkingController - Creating new parking slot: B2
2025-12-30 12:19:03 [http-nio-8080-exec-8] INFO  parking.services.ParkingService - Creating new parking slot: B2
2025-12-30 12:19:03 [http-nio-8080-exec-8] DEBUG org.hibernate.SQL - 
    select
        ps1_0.id,
        ps1_0.current_vehicle_number,
        ps1_0.floor,
        ps1_0.last_updated,
        ps1_0.max_stay_minutes,
        ps1_0.occupied_since,
        ps1_0.reserved,
        ps1_0.slot_number,
        ps1_0.status,
        ps1_0.zone 
    from
        parking_slots ps1_0 
    where
        ps1_0.slot_number=?
2025-12-30 12:19:03 [http-nio-8080-exec-8] DEBUG org.hibernate.SQL - 
    insert 
    into
        parking_slots
        (current_vehicle_number, floor, last_updated, max_stay_minutes, occupied_since, reserved, slot_number, status, zone) 
    values
        (?, ?, ?, ?, ?, ?, ?, ?, ?)
2025-12-30 12:19:03 [http-nio-8080-exec-8] INFO  parking.services.ParkingService - Successfully created parking slot: B2 on floor: 2, zone: South
2025-12-30 12:19:03 [http-nio-8080-exec-8] INFO  p.controller.ParkingController - Slot created successfully: B2
2025-12-30 12:19:12 [http-nio-8080-exec-7] INFO  p.controller.ParkingController - Creating new parking slot: B3
2025-12-30 12:19:12 [http-nio-8080-exec-7] INFO  parking.services.ParkingService - Creating new parking slot: B3
2025-12-30 12:19:12 [http-nio-8080-exec-7] DEBUG org.hibernate.SQL - 
    select
        ps1_0.id,
        ps1_0.current_vehicle_number,
        ps1_0.floor,
        ps1_0.last_updated,
        ps1_0.max_stay_minutes,
        ps1_0.occupied_since,
        ps1_0.reserved,
        ps1_0.slot_number,
        ps1_0.status,
        ps1_0.zone 
    from
        parking_slots ps1_0 
    where
        ps1_0.slot_number=?
2025-12-30 12:19:12 [http-nio-8080-exec-7] DEBUG org.hibernate.SQL - 
    insert 
    into
        parking_slots
        (current_vehicle_number, floor, last_updated, max_stay_minutes, occupied_since, reserved, slot_number, status, zone) 
    values
        (?, ?, ?, ?, ?, ?, ?, ?, ?)
2025-12-30 12:19:12 [http-nio-8080-exec-7] INFO  parking.services.ParkingService - Successfully created parking slot: B3 on floor: 2, zone: South
2025-12-30 12:19:12 [http-nio-8080-exec-7] INFO  p.controller.ParkingController - Slot created successfully: B3
2025-12-30 12:19:18 [http-nio-8080-exec-9] INFO  p.controller.ParkingController - Creating new parking slot: B4
2025-12-30 12:19:18 [http-nio-8080-exec-9] INFO  parking.services.ParkingService - Creating new parking slot: B4
2025-12-30 12:19:18 [http-nio-8080-exec-9] DEBUG org.hibernate.SQL - 
    select
        ps1_0.id,
        ps1_0.current_vehicle_number,
        ps1_0.floor,
        ps1_0.last_updated,
        ps1_0.max_stay_minutes,
        ps1_0.occupied_since,
        ps1_0.reserved,
        ps1_0.slot_number,
        ps1_0.status,
        ps1_0.zone 
    from
        parking_slots ps1_0 
    where
        ps1_0.slot_number=?
2025-12-30 12:19:18 [http-nio-8080-exec-9] DEBUG org.hibernate.SQL - 
    insert 
    into
        parking_slots
        (current_vehicle_number, floor, last_updated, max_stay_minutes, occupied_since, reserved, slot_number, status, zone) 
    values
        (?, ?, ?, ?, ?, ?, ?, ?, ?)
2025-12-30 12:19:18 [http-nio-8080-exec-9] INFO  parking.services.ParkingService - Successfully created parking slot: B4 on floor: 2, zone: South
2025-12-30 12:19:18 [http-nio-8080-exec-9] INFO  p.controller.ParkingController - Slot created successfully: B4
2025-12-30 12:19:23 [http-nio-8080-exec-4] INFO  p.controller.ParkingController - Fetching parking statistics
2025-12-30 12:19:23 [http-nio-8080-exec-1] INFO  p.controller.ViolationController - Fetching active violations
2025-12-30 12:19:23 [http-nio-8080-exec-3] DEBUG org.hibernate.SQL - 
    select
        ps1_0.id,
        ps1_0.current_vehicle_number,
        ps1_0.floor,
        ps1_0.last_updated,
        ps1_0.max_stay_minutes,
        ps1_0.occupied_since,
        ps1_0.reserved,
        ps1_0.slot_number,
        ps1_0.status,
        ps1_0.zone 
    from
        parking_slots ps1_0
2025-12-30 12:19:23 [http-nio-8080-exec-4] DEBUG org.hibernate.SQL - 
    select
        count(*) 
    from
        parking_slots ps1_0
2025-12-30 12:19:23 [http-nio-8080-exec-1] DEBUG org.hibernate.SQL - 
    select
        pv1_0.id,
        pv1_0.detected_at,
        pv1_0.entry_time,
        pv1_0.notes,
        pv1_0.overstay_minutes,
        pv1_0.resolved,
        pv1_0.resolved_at,
        pv1_0.slot_number,
        pv1_0.vehicle_number,
        pv1_0.violation_type 
    from
        parking_violations pv1_0 
    where
        pv1_0.resolved=false 
    order by
        pv1_0.detected_at desc
2025-12-30 12:19:23 [http-nio-8080-exec-10] DEBUG org.hibernate.SQL - 
    select
        pe1_0.id,
        pe1_0.additional_info,
        pe1_0.duration_minutes,
        pe1_0.event_type,
        pe1_0.slot_number,
        pe1_0.timestamp,
        pe1_0.vehicle_number 
    from
        parking_events pe1_0
2025-12-30 12:19:23 [http-nio-8080-exec-10] INFO  p.controller.ParkingController - Retrieved 0 parking events
2025-12-30 12:19:23 [http-nio-8080-exec-3] INFO  p.controller.ParkingController - Retrieved 8 parking slots
2025-12-30 12:19:23 [http-nio-8080-exec-4] DEBUG org.hibernate.SQL - 
    select
        count(ps1_0.id) 
    from
        parking_slots ps1_0 
    where
        ps1_0.status='VACANT'
2025-12-30 12:19:23 [http-nio-8080-exec-4] DEBUG org.hibernate.SQL - 
    select
        count(pv1_0.id) 
    from
        parking_violations pv1_0 
    where
        pv1_0.resolved=false
2025-12-30 12:19:23 [http-nio-8080-exec-4] INFO  parking.services.ParkingService - Parking Stats - Total: 8, Available: 8, Occupied: 0, Violations: 0, Occupancy Rate: 0.00%
2025-12-30 12:19:23 [http-nio-8080-exec-1] INFO  p.services.ViolationDetectionService - Found 0 active violations
2025-12-30 12:19:34 [http-nio-8080-exec-9] INFO  p.controller.ParkingController - === Received parking event request ===
2025-12-30 12:19:34 [http-nio-8080-exec-9] INFO  p.controller.ParkingController - Slot: B1, Vehicle: ABC-1234, Type: ENTRY
2025-12-30 12:19:34 [http-nio-8080-exec-9] INFO  p.services.KafkaProducerService - Sending parking event to Kafka topic: parking-events
2025-12-30 12:19:34 [http-nio-8080-exec-9] INFO  o.a.k.common.config.AbstractConfig - ProducerConfig values: 
	acks = -1
	batch.size = 16384
	bootstrap.servers = [localhost:9092]
	buffer.memory = 33554432
	client.dns.lookup = use_all_dns_ips
	client.id = smart parking-producer-1
	compression.gzip.level = -1
	compression.lz4.level = 9
	compression.type = none
	compression.zstd.level = 3
	connections.max.idle.ms = 540000
	delivery.timeout.ms = 120000
	enable.idempotence = true
	enable.metrics.push = true
	interceptor.classes = []
	key.serializer = class org.apache.kafka.common.serialization.StringSerializer
	linger.ms = 5
	max.block.ms = 60000
	max.in.flight.requests.per.connection = 5
	max.request.size = 1048576
	metadata.max.age.ms = 300000
	metadata.max.idle.ms = 300000
	metadata.recovery.rebootstrap.trigger.ms = 300000
	metadata.recovery.strategy = rebootstrap
	metric.reporters = [org.apache.kafka.common.metrics.JmxReporter]
	metrics.num.samples = 2
	metrics.recording.level = INFO
	metrics.sample.window.ms = 30000
	partitioner.adaptive.partitioning.enable = true
	partitioner.availability.timeout.ms = 0
	partitioner.class = null
	partitioner.ignore.keys = false
	receive.buffer.bytes = 32768
	reconnect.backoff.max.ms = 1000
	reconnect.backoff.ms = 50
	request.timeout.ms = 30000
	retries = 2147483647
	retry.backoff.max.ms = 1000
	retry.backoff.ms = 100
	sasl.client.callback.handler.class = null
	sasl.jaas.config = null
	sasl.kerberos.kinit.cmd = /usr/bin/kinit
	sasl.kerberos.min.time.before.relogin = 60000
	sasl.kerberos.service.name = null
	sasl.kerberos.ticket.renew.jitter = 0.05
	sasl.kerberos.ticket.renew.window.factor = 0.8
	sasl.login.callback.handler.class = null
	sasl.login.class = null
	sasl.login.connect.timeout.ms = null
	sasl.login.read.timeout.ms = null
	sasl.login.refresh.buffer.seconds = 300
	sasl.login.refresh.min.period.seconds = 60
	sasl.login.refresh.window.factor = 0.8
	sasl.login.refresh.window.jitter = 0.05
	sasl.login.retry.backoff.max.ms = 10000
	sasl.login.retry.backoff.ms = 100
	sasl.mechanism = GSSAPI
	sasl.oauthbearer.assertion.algorithm = RS256
	sasl.oauthbearer.assertion.claim.aud = null
	sasl.oauthbearer.assertion.claim.exp.seconds = 300
	sasl.oauthbearer.assertion.claim.iss = null
	sasl.oauthbearer.assertion.claim.jti.include = false
	sasl.oauthbearer.assertion.claim.nbf.seconds = 60
	sasl.oauthbearer.assertion.claim.sub = null
	sasl.oauthbearer.assertion.file = null
	sasl.oauthbearer.assertion.private.key.file = null
	sasl.oauthbearer.assertion.private.key.passphrase = null
	sasl.oauthbearer.assertion.template.file = null
	sasl.oauthbearer.client.credentials.client.id = null
	sasl.oauthbearer.client.credentials.client.secret = null
	sasl.oauthbearer.clock.skew.seconds = 30
	sasl.oauthbearer.expected.audience = null
	sasl.oauthbearer.expected.issuer = null
	sasl.oauthbearer.header.urlencode = false
	sasl.oauthbearer.jwks.endpoint.refresh.ms = 3600000
	sasl.oauthbearer.jwks.endpoint.retry.backoff.max.ms = 10000
	sasl.oauthbearer.jwks.endpoint.retry.backoff.ms = 100
	sasl.oauthbearer.jwks.endpoint.url = null
	sasl.oauthbearer.jwt.retriever.class = class org.apache.kafka.common.security.oauthbearer.DefaultJwtRetriever
	sasl.oauthbearer.jwt.validator.class = class org.apache.kafka.common.security.oauthbearer.DefaultJwtValidator
	sasl.oauthbearer.scope = null
	sasl.oauthbearer.scope.claim.name = scope
	sasl.oauthbearer.sub.claim.name = sub
	sasl.oauthbearer.token.endpoint.url = null
	security.protocol = PLAINTEXT
	security.providers = null
	send.buffer.bytes = 131072
	socket.connection.setup.timeout.max.ms = 30000
	socket.connection.setup.timeout.ms = 10000
	ssl.cipher.suites = null
	ssl.enabled.protocols = [TLSv1.2, TLSv1.3]
	ssl.endpoint.identification.algorithm = https
	ssl.engine.factory.class = null
	ssl.key.password = null
	ssl.keymanager.algorithm = SunX509
	ssl.keystore.certificate.chain = null
	ssl.keystore.key = null
	ssl.keystore.location = null
	ssl.keystore.password = null
	ssl.keystore.type = JKS
	ssl.protocol = TLSv1.3
	ssl.provider = null
	ssl.secure.random.implementation = null
	ssl.trustmanager.algorithm = PKIX
	ssl.truststore.certificates = null
	ssl.truststore.location = null
	ssl.truststore.password = null
	ssl.truststore.type = JKS
	transaction.timeout.ms = 60000
	transaction.two.phase.commit.enable = false
	transactional.id = null
	value.serializer = class com.fasterxml.jackson.databind.JsonSerializer

2025-12-30 12:19:34 [http-nio-8080-exec-9] INFO  o.a.k.c.t.i.KafkaMetricsCollector - initializing Kafka metrics collector
2025-12-30 12:19:34 [http-nio-8080-exec-9] INFO  o.a.k.clients.producer.KafkaProducer - [Producer clientId=smart parking-producer-1] Closing the Kafka producer with timeoutMillis = 0 ms.
2025-12-30 12:19:34 [http-nio-8080-exec-9] INFO  o.a.kafka.common.metrics.Metrics - Metrics scheduler closed
2025-12-30 12:19:34 [http-nio-8080-exec-9] INFO  o.a.kafka.common.metrics.Metrics - Closing reporter org.apache.kafka.common.metrics.JmxReporter
2025-12-30 12:19:34 [http-nio-8080-exec-9] INFO  o.a.kafka.common.metrics.Metrics - Closing reporter org.apache.kafka.common.telemetry.internals.ClientTelemetryReporter
2025-12-30 12:19:34 [http-nio-8080-exec-9] INFO  o.a.kafka.common.metrics.Metrics - Metrics reporters closed
2025-12-30 12:19:34 [http-nio-8080-exec-9] INFO  o.a.kafka.common.utils.AppInfoParser - App info kafka.producer for smart parking-producer-1 unregistered
2025-12-30 12:19:34 [http-nio-8080-exec-9] ERROR p.controller.ParkingController - Error processing parking event: Failed to construct kafka producer
org.apache.kafka.common.KafkaException: Failed to construct kafka producer
	at org.apache.kafka.clients.producer.KafkaProducer.<init>(KafkaProducer.java:465)
	at org.apache.kafka.clients.producer.KafkaProducer.<init>(KafkaProducer.java:301)
	at org.springframework.kafka.core.DefaultKafkaProducerFactory.createRawProducer(DefaultKafkaProducerFactory.java:964)
	at org.springframework.kafka.core.DefaultKafkaProducerFactory.createKafkaProducer(DefaultKafkaProducerFactory.java:834)
	at org.springframework.kafka.core.DefaultKafkaProducerFactory.doCreateProducer(DefaultKafkaProducerFactory.java:801)
	at org.springframework.kafka.core.DefaultKafkaProducerFactory.createProducer(DefaultKafkaProducerFactory.java:776)
	at org.springframework.kafka.core.DefaultKafkaProducerFactory.createProducer(DefaultKafkaProducerFactory.java:770)
	at org.springframework.kafka.core.KafkaTemplate.getTheProducer(KafkaTemplate.java:1001)
	at org.springframework.kafka.core.KafkaTemplate.doSend(KafkaTemplate.java:849)
	at org.springframework.kafka.core.KafkaTemplate.observeSend(KafkaTemplate.java:826)
	at org.springframework.kafka.core.KafkaTemplate.send(KafkaTemplate.java:601)
	at parking.services.KafkaProducerService.sendParkingEvent(KafkaProducerService.java:33)
	at parking.controller.ParkingController.createEvent(ParkingController.java:42)
	at java.base/jdk.internal.reflect.DirectMethodHandleAccessor.invoke(DirectMethodHandleAccessor.java:104)
	at java.base/java.lang.reflect.Method.invoke(Method.java:565)
	at org.springframework.web.method.support.InvocableHandlerMethod.doInvoke(InvocableHandlerMethod.java:258)
	at org.springframework.web.method.support.InvocableHandlerMethod.invokeForRequest(InvocableHandlerMethod.java:190)
	at org.springframework.web.servlet.mvc.method.annotation.ServletInvocableHandlerMethod.invokeAndHandle(ServletInvocableHandlerMethod.java:117)
	at org.springframework.web.servlet.mvc.method.annotation.RequestMappingHandlerAdapter.invokeHandlerMethod(RequestMappingHandlerAdapter.java:934)
	at org.springframework.web.servlet.mvc.method.annotation.RequestMappingHandlerAdapter.handleInternal(RequestMappingHandlerAdapter.java:853)
	at org.springframework.web.servlet.mvc.method.AbstractHandlerMethodAdapter.handle(AbstractHandlerMethodAdapter.java:86)
	at org.springframework.web.servlet.DispatcherServlet.doDispatch(DispatcherServlet.java:963)
	at org.springframework.web.servlet.DispatcherServlet.doService(DispatcherServlet.java:866)
	at org.springframework.web.servlet.FrameworkServlet.processRequest(FrameworkServlet.java:1003)
	at org.springframework.web.servlet.FrameworkServlet.doPost(FrameworkServlet.java:903)
	at jakarta.servlet.http.HttpServlet.service(HttpServlet.java:649)
	at org.springframework.web.servlet.FrameworkServlet.service(FrameworkServlet.java:874)
	at jakarta.servlet.http.HttpServlet.service(HttpServlet.java:710)
	at org.apache.catalina.core.ApplicationFilterChain.doFilter(ApplicationFilterChain.java:128)
	at org.apache.tomcat.websocket.server.WsFilter.doFilter(WsFilter.java:53)
	at org.apache.catalina.core.ApplicationFilterChain.doFilter(ApplicationFilterChain.java:107)
	at org.springframework.web.filter.RequestContextFilter.doFilterInternal(RequestContextFilter.java:100)
	at org.springframework.web.filter.OncePerRequestFilter.doFilter(OncePerRequestFilter.java:116)
	at org.apache.catalina.core.ApplicationFilterChain.doFilter(ApplicationFilterChain.java:107)
	at org.springframework.web.filter.FormContentFilter.doFilterInternal(FormContentFilter.java:93)
	at org.springframework.web.filter.OncePerRequestFilter.doFilter(OncePerRequestFilter.java:116)
	at org.apache.catalina.core.ApplicationFilterChain.doFilter(ApplicationFilterChain.java:107)
	at org.springframework.web.filter.CharacterEncodingFilter.doFilterInternal(CharacterEncodingFilter.java:199)
	at org.springframework.web.filter.OncePerRequestFilter.doFilter(OncePerRequestFilter.java:116)
	at org.apache.catalina.core.ApplicationFilterChain.doFilter(ApplicationFilterChain.java:107)
	at org.apache.catalina.core.StandardWrapperValve.invoke(StandardWrapperValve.java:165)
	at org.apache.catalina.core.StandardContextValve.invoke(StandardContextValve.java:77)
	at org.apache.catalina.authenticator.AuthenticatorBase.invoke(AuthenticatorBase.java:482)
	at org.apache.catalina.core.StandardHostValve.invoke(StandardHostValve.java:113)
	at org.apache.catalina.valves.ErrorReportValve.invoke(ErrorReportValve.java:83)
	at org.apache.catalina.core.StandardEngineValve.invoke(StandardEngineValve.java:72)
	at org.apache.catalina.connector.CoyoteAdapter.service(CoyoteAdapter.java:341)
	at org.apache.coyote.http11.Http11Processor.service(Http11Processor.java:397)
	at org.apache.coyote.AbstractProcessorLight.process(AbstractProcessorLight.java:63)
	at org.apache.coyote.AbstractProtocol$ConnectionHandler.process(AbstractProtocol.java:903)
	at org.apache.tomcat.util.net.NioEndpoint$SocketProcessor.doRun(NioEndpoint.java:1778)
	at org.apache.tomcat.util.net.SocketProcessorBase.run(SocketProcessorBase.java:52)
	at org.apache.tomcat.util.threads.ThreadPoolExecutor.runWorker(ThreadPoolExecutor.java:946)
	at org.apache.tomcat.util.threads.ThreadPoolExecutor$Worker.run(ThreadPoolExecutor.java:480)
	at org.apache.tomcat.util.threads.TaskThread$WrappingRunnable.run(TaskThread.java:57)
	at java.base/java.lang.Thread.run(Thread.java:1474)
Caused by: org.apache.kafka.common.KafkaException: Could not instantiate class com.fasterxml.jackson.databind.JsonSerializer
	at org.apache.kafka.common.utils.Utils.newInstance(Utils.java:405)
	at org.apache.kafka.common.config.AbstractConfig.getConfiguredInstance(AbstractConfig.java:405)
	at org.apache.kafka.common.config.AbstractConfig.getConfiguredInstance(AbstractConfig.java:444)
	at org.apache.kafka.common.config.AbstractConfig.getConfiguredInstance(AbstractConfig.java:429)
	at org.apache.kafka.clients.producer.KafkaProducer.<init>(KafkaProducer.java:388)
	... 55 common frames omitted
Caused by: java.lang.InstantiationException
	at java.base/jdk.internal.reflect.InstantiationExceptionConstructorAccessorImpl.newInstance(InstantiationExceptionConstructorAccessorImpl.java:48)
	at java.base/java.lang.reflect.Constructor.newInstanceWithCaller(Constructor.java:499)
	at java.base/java.lang.reflect.Constructor.newInstance(Constructor.java:483)
	at org.apache.kafka.common.utils.Utils.newInstance(Utils.java:401)
	... 59 common frames omitted
2025-12-30 12:19:34 [http-nio-8080-exec-9] ERROR o.a.c.c.C.[.[.[.[dispatcherServlet] - Servlet.service() for servlet [dispatcherServlet] in context with path [] threw exception [Request processing failed: org.apache.kafka.common.KafkaException: Failed to construct kafka producer] with root cause
java.lang.InstantiationException
	at java.base/jdk.internal.reflect.InstantiationExceptionConstructorAccessorImpl.newInstance(InstantiationExceptionConstructorAccessorImpl.java:48)
	at java.base/java.lang.reflect.Constructor.newInstanceWithCaller(Constructor.java:499)
	at java.base/java.lang.reflect.Constructor.newInstance(Constructor.java:483)
	at org.apache.kafka.common.utils.Utils.newInstance(Utils.java:401)
	at org.apache.kafka.common.config.AbstractConfig.getConfiguredInstance(AbstractConfig.java:405)
	at org.apache.kafka.common.config.AbstractConfig.getConfiguredInstance(AbstractConfig.java:444)
	at org.apache.kafka.common.config.AbstractConfig.getConfiguredInstance(AbstractConfig.java:429)
	at org.apache.kafka.clients.producer.KafkaProducer.<init>(KafkaProducer.java:388)
	at org.apache.kafka.clients.producer.KafkaProducer.<init>(KafkaProducer.java:301)
	at org.springframework.kafka.core.DefaultKafkaProducerFactory.createRawProducer(DefaultKafkaProducerFactory.java:964)
	at org.springframework.kafka.core.DefaultKafkaProducerFactory.createKafkaProducer(DefaultKafkaProducerFactory.java:834)
	at org.springframework.kafka.core.DefaultKafkaProducerFactory.doCreateProducer(DefaultKafkaProducerFactory.java:801)
	at org.springframework.kafka.core.DefaultKafkaProducerFactory.createProducer(DefaultKafkaProducerFactory.java:776)
	at org.springframework.kafka.core.DefaultKafkaProducerFactory.createProducer(DefaultKafkaProducerFactory.java:770)
	at org.springframework.kafka.core.KafkaTemplate.getTheProducer(KafkaTemplate.java:1001)
	at org.springframework.kafka.core.KafkaTemplate.doSend(KafkaTemplate.java:849)
	at org.springframework.kafka.core.KafkaTemplate.observeSend(KafkaTemplate.java:826)
	at org.springframework.kafka.core.KafkaTemplate.send(KafkaTemplate.java:601)
	at parking.services.KafkaProducerService.sendParkingEvent(KafkaProducerService.java:33)
	at parking.controller.ParkingController.createEvent(ParkingController.java:42)
	at java.base/jdk.internal.reflect.DirectMethodHandleAccessor.invoke(DirectMethodHandleAccessor.java:104)
	at java.base/java.lang.reflect.Method.invoke(Method.java:565)
	at org.springframework.web.method.support.InvocableHandlerMethod.doInvoke(InvocableHandlerMethod.java:258)
	at org.springframework.web.method.support.InvocableHandlerMethod.invokeForRequest(InvocableHandlerMethod.java:190)
	at org.springframework.web.servlet.mvc.method.annotation.ServletInvocableHandlerMethod.invokeAndHandle(ServletInvocableHandlerMethod.java:117)
	at org.springframework.web.servlet.mvc.method.annotation.RequestMappingHandlerAdapter.invokeHandlerMethod(RequestMappingHandlerAdapter.java:934)
	at org.springframework.web.servlet.mvc.method.annotation.RequestMappingHandlerAdapter.handleInternal(RequestMappingHandlerAdapter.java:853)
	at org.springframework.web.servlet.mvc.method.AbstractHandlerMethodAdapter.handle(AbstractHandlerMethodAdapter.java:86)
	at org.springframework.web.servlet.DispatcherServlet.doDispatch(DispatcherServlet.java:963)
	at org.springframework.web.servlet.DispatcherServlet.doService(DispatcherServlet.java:866)
	at org.springframework.web.servlet.FrameworkServlet.processRequest(FrameworkServlet.java:1003)
	at org.springframework.web.servlet.FrameworkServlet.doPost(FrameworkServlet.java:903)
	at jakarta.servlet.http.HttpServlet.service(HttpServlet.java:649)
	at org.springframework.web.servlet.FrameworkServlet.service(FrameworkServlet.java:874)
	at jakarta.servlet.http.HttpServlet.service(HttpServlet.java:710)
	at org.apache.catalina.core.ApplicationFilterChain.doFilter(ApplicationFilterChain.java:128)
	at org.apache.tomcat.websocket.server.WsFilter.doFilter(WsFilter.java:53)
	at org.apache.catalina.core.ApplicationFilterChain.doFilter(ApplicationFilterChain.java:107)
	at org.springframework.web.filter.RequestContextFilter.doFilterInternal(RequestContextFilter.java:100)
	at org.springframework.web.filter.OncePerRequestFilter.doFilter(OncePerRequestFilter.java:116)
	at org.apache.catalina.core.ApplicationFilterChain.doFilter(ApplicationFilterChain.java:107)
	at org.springframework.web.filter.FormContentFilter.doFilterInternal(FormContentFilter.java:93)
	at org.springframework.web.filter.OncePerRequestFilter.doFilter(OncePerRequestFilter.java:116)
	at org.apache.catalina.core.ApplicationFilterChain.doFilter(ApplicationFilterChain.java:107)
	at org.springframework.web.filter.CharacterEncodingFilter.doFilterInternal(CharacterEncodingFilter.java:199)
	at org.springframework.web.filter.OncePerRequestFilter.doFilter(OncePerRequestFilter.java:116)
	at org.apache.catalina.core.ApplicationFilterChain.doFilter(ApplicationFilterChain.java:107)
	at org.apache.catalina.core.StandardWrapperValve.invoke(StandardWrapperValve.java:165)
	at org.apache.catalina.core.StandardContextValve.invoke(StandardContextValve.java:77)
	at org.apache.catalina.authenticator.AuthenticatorBase.invoke(AuthenticatorBase.java:482)
	at org.apache.catalina.core.StandardHostValve.invoke(StandardHostValve.java:113)
	at org.apache.catalina.valves.ErrorReportValve.invoke(ErrorReportValve.java:83)
	at org.apache.catalina.core.StandardEngineValve.invoke(StandardEngineValve.java:72)
	at org.apache.catalina.connector.CoyoteAdapter.service(CoyoteAdapter.java:341)
	at org.apache.coyote.http11.Http11Processor.service(Http11Processor.java:397)
	at org.apache.coyote.AbstractProcessorLight.process(AbstractProcessorLight.java:63)
	at org.apache.coyote.AbstractProtocol$ConnectionHandler.process(AbstractProtocol.java:903)
	at org.apache.tomcat.util.net.NioEndpoint$SocketProcessor.doRun(NioEndpoint.java:1778)
	at org.apache.tomcat.util.net.SocketProcessorBase.run(SocketProcessorBase.java:52)
	at org.apache.tomcat.util.threads.ThreadPoolExecutor.runWorker(ThreadPoolExecutor.java:946)
	at org.apache.tomcat.util.threads.ThreadPoolExecutor$Worker.run(ThreadPoolExecutor.java:480)
	at org.apache.tomcat.util.threads.TaskThread$WrappingRunnable.run(TaskThread.java:57)
	at java.base/java.lang.Thread.run(Thread.java:1474)
2025-12-30 12:19:46 [http-nio-8080-exec-3] INFO  p.controller.ParkingController - === Received parking event request ===
2025-12-30 12:19:46 [http-nio-8080-exec-3] INFO  p.controller.ParkingController - Slot: A1, Vehicle: ABC-1234, Type: ENTRY
2025-12-30 12:19:46 [http-nio-8080-exec-3] INFO  p.services.KafkaProducerService - Sending parking event to Kafka topic: parking-events
2025-12-30 12:19:46 [http-nio-8080-exec-3] INFO  o.a.k.common.config.AbstractConfig - ProducerConfig values: 
	acks = -1
	batch.size = 16384
	bootstrap.servers = [localhost:9092]
	buffer.memory = 33554432
	client.dns.lookup = use_all_dns_ips
	client.id = smart parking-producer-2
	compression.gzip.level = -1
	compression.lz4.level = 9
	compression.type = none
	compression.zstd.level = 3
	connections.max.idle.ms = 540000
	delivery.timeout.ms = 120000
	enable.idempotence = true
	enable.metrics.push = true
	interceptor.classes = []
	key.serializer = class org.apache.kafka.common.serialization.StringSerializer
	linger.ms = 5
	max.block.ms = 60000
	max.in.flight.requests.per.connection = 5
	max.request.size = 1048576
	metadata.max.age.ms = 300000
	metadata.max.idle.ms = 300000
	metadata.recovery.rebootstrap.trigger.ms = 300000
	metadata.recovery.strategy = rebootstrap
	metric.reporters = [org.apache.kafka.common.metrics.JmxReporter]
	metrics.num.samples = 2
	metrics.recording.level = INFO
	metrics.sample.window.ms = 30000
	partitioner.adaptive.partitioning.enable = true
	partitioner.availability.timeout.ms = 0
	partitioner.class = null
	partitioner.ignore.keys = false
	receive.buffer.bytes = 32768
	reconnect.backoff.max.ms = 1000
	reconnect.backoff.ms = 50
	request.timeout.ms = 30000
	retries = 2147483647
	retry.backoff.max.ms = 1000
	retry.backoff.ms = 100
	sasl.client.callback.handler.class = null
	sasl.jaas.config = null
	sasl.kerberos.kinit.cmd = /usr/bin/kinit
	sasl.kerberos.min.time.before.relogin = 60000
	sasl.kerberos.service.name = null
	sasl.kerberos.ticket.renew.jitter = 0.05
	sasl.kerberos.ticket.renew.window.factor = 0.8
	sasl.login.callback.handler.class = null
	sasl.login.class = null
	sasl.login.connect.timeout.ms = null
	sasl.login.read.timeout.ms = null
	sasl.login.refresh.buffer.seconds = 300
	sasl.login.refresh.min.period.seconds = 60
	sasl.login.refresh.window.factor = 0.8
	sasl.login.refresh.window.jitter = 0.05
	sasl.login.retry.backoff.max.ms = 10000
	sasl.login.retry.backoff.ms = 100
	sasl.mechanism = GSSAPI
	sasl.oauthbearer.assertion.algorithm = RS256
	sasl.oauthbearer.assertion.claim.aud = null
	sasl.oauthbearer.assertion.claim.exp.seconds = 300
	sasl.oauthbearer.assertion.claim.iss = null
	sasl.oauthbearer.assertion.claim.jti.include = false
	sasl.oauthbearer.assertion.claim.nbf.seconds = 60
	sasl.oauthbearer.assertion.claim.sub = null
	sasl.oauthbearer.assertion.file = null
	sasl.oauthbearer.assertion.private.key.file = null
	sasl.oauthbearer.assertion.private.key.passphrase = null
	sasl.oauthbearer.assertion.template.file = null
	sasl.oauthbearer.client.credentials.client.id = null
	sasl.oauthbearer.client.credentials.client.secret = null
	sasl.oauthbearer.clock.skew.seconds = 30
	sasl.oauthbearer.expected.audience = null
	sasl.oauthbearer.expected.issuer = null
	sasl.oauthbearer.header.urlencode = false
	sasl.oauthbearer.jwks.endpoint.refresh.ms = 3600000
	sasl.oauthbearer.jwks.endpoint.retry.backoff.max.ms = 10000
	sasl.oauthbearer.jwks.endpoint.retry.backoff.ms = 100
	sasl.oauthbearer.jwks.endpoint.url = null
	sasl.oauthbearer.jwt.retriever.class = class org.apache.kafka.common.security.oauthbearer.DefaultJwtRetriever
	sasl.oauthbearer.jwt.validator.class = class org.apache.kafka.common.security.oauthbearer.DefaultJwtValidator
	sasl.oauthbearer.scope = null
	sasl.oauthbearer.scope.claim.name = scope
	sasl.oauthbearer.sub.claim.name = sub
	sasl.oauthbearer.token.endpoint.url = null
	security.protocol = PLAINTEXT
	security.providers = null
	send.buffer.bytes = 131072
	socket.connection.setup.timeout.max.ms = 30000
	socket.connection.setup.timeout.ms = 10000
	ssl.cipher.suites = null
	ssl.enabled.protocols = [TLSv1.2, TLSv1.3]
	ssl.endpoint.identification.algorithm = https
	ssl.engine.factory.class = null
	ssl.key.password = null
	ssl.keymanager.algorithm = SunX509
	ssl.keystore.certificate.chain = null
	ssl.keystore.key = null
	ssl.keystore.location = null
	ssl.keystore.password = null
	ssl.keystore.type = JKS
	ssl.protocol = TLSv1.3
	ssl.provider = null
	ssl.secure.random.implementation = null
	ssl.trustmanager.algorithm = PKIX
	ssl.truststore.certificates = null
	ssl.truststore.location = null
	ssl.truststore.password = null
	ssl.truststore.type = JKS
	transaction.timeout.ms = 60000
	transaction.two.phase.commit.enable = false
	transactional.id = null
	value.serializer = class com.fasterxml.jackson.databind.JsonSerializer

2025-12-30 12:19:46 [http-nio-8080-exec-3] INFO  o.a.k.c.t.i.KafkaMetricsCollector - initializing Kafka metrics collector
2025-12-30 12:19:46 [http-nio-8080-exec-3] INFO  o.a.k.clients.producer.KafkaProducer - [Producer clientId=smart parking-producer-2] Closing the Kafka producer with timeoutMillis = 0 ms.
2025-12-30 12:19:46 [http-nio-8080-exec-3] INFO  o.a.kafka.common.metrics.Metrics - Metrics scheduler closed
2025-12-30 12:19:46 [http-nio-8080-exec-3] INFO  o.a.kafka.common.metrics.Metrics - Closing reporter org.apache.kafka.common.metrics.JmxReporter
2025-12-30 12:19:46 [http-nio-8080-exec-3] INFO  o.a.kafka.common.metrics.Metrics - Closing reporter org.apache.kafka.common.telemetry.internals.ClientTelemetryReporter
2025-12-30 12:19:46 [http-nio-8080-exec-3] INFO  o.a.kafka.common.metrics.Metrics - Metrics reporters closed
2025-12-30 12:19:46 [http-nio-8080-exec-3] INFO  o.a.kafka.common.utils.AppInfoParser - App info kafka.producer for smart parking-producer-2 unregistered
2025-12-30 12:19:46 [http-nio-8080-exec-3] ERROR p.controller.ParkingController - Error processing parking event: Failed to construct kafka producer
org.apache.kafka.common.KafkaException: Failed to construct kafka producer
	at org.apache.kafka.clients.producer.KafkaProducer.<init>(KafkaProducer.java:465)
	at org.apache.kafka.clients.producer.KafkaProducer.<init>(KafkaProducer.java:301)
	at org.springframework.kafka.core.DefaultKafkaProducerFactory.createRawProducer(DefaultKafkaProducerFactory.java:964)
	at org.springframework.kafka.core.DefaultKafkaProducerFactory.createKafkaProducer(DefaultKafkaProducerFactory.java:834)
	at org.springframework.kafka.core.DefaultKafkaProducerFactory.doCreateProducer(DefaultKafkaProducerFactory.java:801)
	at org.springframework.kafka.core.DefaultKafkaProducerFactory.createProducer(DefaultKafkaProducerFactory.java:776)
	at org.springframework.kafka.core.DefaultKafkaProducerFactory.createProducer(DefaultKafkaProducerFactory.java:770)
	at org.springframework.kafka.core.KafkaTemplate.getTheProducer(KafkaTemplate.java:1001)
	at org.springframework.kafka.core.KafkaTemplate.doSend(KafkaTemplate.java:849)
	at org.springframework.kafka.core.KafkaTemplate.observeSend(KafkaTemplate.java:826)
	at org.springframework.kafka.core.KafkaTemplate.send(KafkaTemplate.java:601)
	at parking.services.KafkaProducerService.sendParkingEvent(KafkaProducerService.java:33)
	at parking.controller.ParkingController.createEvent(ParkingController.java:42)
	at java.base/jdk.internal.reflect.DirectMethodHandleAccessor.invoke(DirectMethodHandleAccessor.java:104)
	at java.base/java.lang.reflect.Method.invoke(Method.java:565)
	at org.springframework.web.method.support.InvocableHandlerMethod.doInvoke(InvocableHandlerMethod.java:258)
	at org.springframework.web.method.support.InvocableHandlerMethod.invokeForRequest(InvocableHandlerMethod.java:190)
	at org.springframework.web.servlet.mvc.method.annotation.ServletInvocableHandlerMethod.invokeAndHandle(ServletInvocableHandlerMethod.java:117)
	at org.springframework.web.servlet.mvc.method.annotation.RequestMappingHandlerAdapter.invokeHandlerMethod(RequestMappingHandlerAdapter.java:934)
	at org.springframework.web.servlet.mvc.method.annotation.RequestMappingHandlerAdapter.handleInternal(RequestMappingHandlerAdapter.java:853)
	at org.springframework.web.servlet.mvc.method.AbstractHandlerMethodAdapter.handle(AbstractHandlerMethodAdapter.java:86)
	at org.springframework.web.servlet.DispatcherServlet.doDispatch(DispatcherServlet.java:963)
	at org.springframework.web.servlet.DispatcherServlet.doService(DispatcherServlet.java:866)
	at org.springframework.web.servlet.FrameworkServlet.processRequest(FrameworkServlet.java:1003)
	at org.springframework.web.servlet.FrameworkServlet.doPost(FrameworkServlet.java:903)
	at jakarta.servlet.http.HttpServlet.service(HttpServlet.java:649)
	at org.springframework.web.servlet.FrameworkServlet.service(FrameworkServlet.java:874)
	at jakarta.servlet.http.HttpServlet.service(HttpServlet.java:710)
	at org.apache.catalina.core.ApplicationFilterChain.doFilter(ApplicationFilterChain.java:128)
	at org.apache.tomcat.websocket.server.WsFilter.doFilter(WsFilter.java:53)
	at org.apache.catalina.core.ApplicationFilterChain.doFilter(ApplicationFilterChain.java:107)
	at org.springframework.web.filter.RequestContextFilter.doFilterInternal(RequestContextFilter.java:100)
	at org.springframework.web.filter.OncePerRequestFilter.doFilter(OncePerRequestFilter.java:116)
	at org.apache.catalina.core.ApplicationFilterChain.doFilter(ApplicationFilterChain.java:107)
	at org.springframework.web.filter.FormContentFilter.doFilterInternal(FormContentFilter.java:93)
	at org.springframework.web.filter.OncePerRequestFilter.doFilter(OncePerRequestFilter.java:116)
	at org.apache.catalina.core.ApplicationFilterChain.doFilter(ApplicationFilterChain.java:107)
	at org.springframework.web.filter.CharacterEncodingFilter.doFilterInternal(CharacterEncodingFilter.java:199)
	at org.springframework.web.filter.OncePerRequestFilter.doFilter(OncePerRequestFilter.java:116)
	at org.apache.catalina.core.ApplicationFilterChain.doFilter(ApplicationFilterChain.java:107)
	at org.apache.catalina.core.StandardWrapperValve.invoke(StandardWrapperValve.java:165)
	at org.apache.catalina.core.StandardContextValve.invoke(StandardContextValve.java:77)
	at org.apache.catalina.authenticator.AuthenticatorBase.invoke(AuthenticatorBase.java:482)
	at org.apache.catalina.core.StandardHostValve.invoke(StandardHostValve.java:113)
	at org.apache.catalina.valves.ErrorReportValve.invoke(ErrorReportValve.java:83)
	at org.apache.catalina.core.StandardEngineValve.invoke(StandardEngineValve.java:72)
	at org.apache.catalina.connector.CoyoteAdapter.service(CoyoteAdapter.java:341)
	at org.apache.coyote.http11.Http11Processor.service(Http11Processor.java:397)
	at org.apache.coyote.AbstractProcessorLight.process(AbstractProcessorLight.java:63)
	at org.apache.coyote.AbstractProtocol$ConnectionHandler.process(AbstractProtocol.java:903)
	at org.apache.tomcat.util.net.NioEndpoint$SocketProcessor.doRun(NioEndpoint.java:1778)
	at org.apache.tomcat.util.net.SocketProcessorBase.run(SocketProcessorBase.java:52)
	at org.apache.tomcat.util.threads.ThreadPoolExecutor.runWorker(ThreadPoolExecutor.java:946)
	at org.apache.tomcat.util.threads.ThreadPoolExecutor$Worker.run(ThreadPoolExecutor.java:480)
	at org.apache.tomcat.util.threads.TaskThread$WrappingRunnable.run(TaskThread.java:57)
	at java.base/java.lang.Thread.run(Thread.java:1474)
Caused by: org.apache.kafka.common.KafkaException: Could not instantiate class com.fasterxml.jackson.databind.JsonSerializer
	at org.apache.kafka.common.utils.Utils.newInstance(Utils.java:405)
	at org.apache.kafka.common.config.AbstractConfig.getConfiguredInstance(AbstractConfig.java:405)
	at org.apache.kafka.common.config.AbstractConfig.getConfiguredInstance(AbstractConfig.java:444)
	at org.apache.kafka.common.config.AbstractConfig.getConfiguredInstance(AbstractConfig.java:429)
	at org.apache.kafka.clients.producer.KafkaProducer.<init>(KafkaProducer.java:388)
	... 55 common frames omitted
Caused by: java.lang.InstantiationException
	at java.base/jdk.internal.reflect.InstantiationExceptionConstructorAccessorImpl.newInstance(InstantiationExceptionConstructorAccessorImpl.java:48)
	at java.base/java.lang.reflect.Constructor.newInstanceWithCaller(Constructor.java:499)
	at java.base/java.lang.reflect.Constructor.newInstance(Constructor.java:483)
	at org.apache.kafka.common.utils.Utils.newInstance(Utils.java:401)
	... 59 common frames omitted
2025-12-30 12:19:46 [http-nio-8080-exec-3] ERROR o.a.c.c.C.[.[.[.[dispatcherServlet] - Servlet.service() for servlet [dispatcherServlet] in context with path [] threw exception [Request processing failed: org.apache.kafka.common.KafkaException: Failed to construct kafka producer] with root cause
java.lang.InstantiationException
	at java.base/jdk.internal.reflect.InstantiationExceptionConstructorAccessorImpl.newInstance(InstantiationExceptionConstructorAccessorImpl.java:48)
	at java.base/java.lang.reflect.Constructor.newInstanceWithCaller(Constructor.java:499)
	at java.base/java.lang.reflect.Constructor.newInstance(Constructor.java:483)
	at org.apache.kafka.common.utils.Utils.newInstance(Utils.java:401)
	at org.apache.kafka.common.config.AbstractConfig.getConfiguredInstance(AbstractConfig.java:405)
	at org.apache.kafka.common.config.AbstractConfig.getConfiguredInstance(AbstractConfig.java:444)
	at org.apache.kafka.common.config.AbstractConfig.getConfiguredInstance(AbstractConfig.java:429)
	at org.apache.kafka.clients.producer.KafkaProducer.<init>(KafkaProducer.java:388)
	at org.apache.kafka.clients.producer.KafkaProducer.<init>(KafkaProducer.java:301)
	at org.springframework.kafka.core.DefaultKafkaProducerFactory.createRawProducer(DefaultKafkaProducerFactory.java:964)
	at org.springframework.kafka.core.DefaultKafkaProducerFactory.createKafkaProducer(DefaultKafkaProducerFactory.java:834)
	at org.springframework.kafka.core.DefaultKafkaProducerFactory.doCreateProducer(DefaultKafkaProducerFactory.java:801)
	at org.springframework.kafka.core.DefaultKafkaProducerFactory.createProducer(DefaultKafkaProducerFactory.java:776)
	at org.springframework.kafka.core.DefaultKafkaProducerFactory.createProducer(DefaultKafkaProducerFactory.java:770)
	at org.springframework.kafka.core.KafkaTemplate.getTheProducer(KafkaTemplate.java:1001)
	at org.springframework.kafka.core.KafkaTemplate.doSend(KafkaTemplate.java:849)
	at org.springframework.kafka.core.KafkaTemplate.observeSend(KafkaTemplate.java:826)
	at org.springframework.kafka.core.KafkaTemplate.send(KafkaTemplate.java:601)
	at parking.services.KafkaProducerService.sendParkingEvent(KafkaProducerService.java:33)
	at parking.controller.ParkingController.createEvent(ParkingController.java:42)
	at java.base/jdk.internal.reflect.DirectMethodHandleAccessor.invoke(DirectMethodHandleAccessor.java:104)
	at java.base/java.lang.reflect.Method.invoke(Method.java:565)
	at org.springframework.web.method.support.InvocableHandlerMethod.doInvoke(InvocableHandlerMethod.java:258)
	at org.springframework.web.method.support.InvocableHandlerMethod.invokeForRequest(InvocableHandlerMethod.java:190)
	at org.springframework.web.servlet.mvc.method.annotation.ServletInvocableHandlerMethod.invokeAndHandle(ServletInvocableHandlerMethod.java:117)
	at org.springframework.web.servlet.mvc.method.annotation.RequestMappingHandlerAdapter.invokeHandlerMethod(RequestMappingHandlerAdapter.java:934)
	at org.springframework.web.servlet.mvc.method.annotation.RequestMappingHandlerAdapter.handleInternal(RequestMappingHandlerAdapter.java:853)
	at org.springframework.web.servlet.mvc.method.AbstractHandlerMethodAdapter.handle(AbstractHandlerMethodAdapter.java:86)
	at org.springframework.web.servlet.DispatcherServlet.doDispatch(DispatcherServlet.java:963)
	at org.springframework.web.servlet.DispatcherServlet.doService(DispatcherServlet.java:866)
	at org.springframework.web.servlet.FrameworkServlet.processRequest(FrameworkServlet.java:1003)
	at org.springframework.web.servlet.FrameworkServlet.doPost(FrameworkServlet.java:903)
	at jakarta.servlet.http.HttpServlet.service(HttpServlet.java:649)
	at org.springframework.web.servlet.FrameworkServlet.service(FrameworkServlet.java:874)
	at jakarta.servlet.http.HttpServlet.service(HttpServlet.java:710)
	at org.apache.catalina.core.ApplicationFilterChain.doFilter(ApplicationFilterChain.java:128)
	at org.apache.tomcat.websocket.server.WsFilter.doFilter(WsFilter.java:53)
	at org.apache.catalina.core.ApplicationFilterChain.doFilter(ApplicationFilterChain.java:107)
	at org.springframework.web.filter.RequestContextFilter.doFilterInternal(RequestContextFilter.java:100)
	at org.springframework.web.filter.OncePerRequestFilter.doFilter(OncePerRequestFilter.java:116)
	at org.apache.catalina.core.ApplicationFilterChain.doFilter(ApplicationFilterChain.java:107)
	at org.springframework.web.filter.FormContentFilter.doFilterInternal(FormContentFilter.java:93)
	at org.springframework.web.filter.OncePerRequestFilter.doFilter(OncePerRequestFilter.java:116)
	at org.apache.catalina.core.ApplicationFilterChain.doFilter(ApplicationFilterChain.java:107)
	at org.springframework.web.filter.CharacterEncodingFilter.doFilterInternal(CharacterEncodingFilter.java:199)
	at org.springframework.web.filter.OncePerRequestFilter.doFilter(OncePerRequestFilter.java:116)
	at org.apache.catalina.core.ApplicationFilterChain.doFilter(ApplicationFilterChain.java:107)
	at org.apache.catalina.core.StandardWrapperValve.invoke(StandardWrapperValve.java:165)
	at org.apache.catalina.core.StandardContextValve.invoke(StandardContextValve.java:77)
	at org.apache.catalina.authenticator.AuthenticatorBase.invoke(AuthenticatorBase.java:482)
	at org.apache.catalina.core.StandardHostValve.invoke(StandardHostValve.java:113)
	at org.apache.catalina.valves.ErrorReportValve.invoke(ErrorReportValve.java:83)
	at org.apache.catalina.core.StandardEngineValve.invoke(StandardEngineValve.java:72)
	at org.apache.catalina.connector.CoyoteAdapter.service(CoyoteAdapter.java:341)
	at org.apache.coyote.http11.Http11Processor.service(Http11Processor.java:397)
	at org.apache.coyote.AbstractProcessorLight.process(AbstractProcessorLight.java:63)
	at org.apache.coyote.AbstractProtocol$ConnectionHandler.process(AbstractProtocol.java:903)
	at org.apache.tomcat.util.net.NioEndpoint$SocketProcessor.doRun(NioEndpoint.java:1778)
	at org.apache.tomcat.util.net.SocketProcessorBase.run(SocketProcessorBase.java:52)
	at org.apache.tomcat.util.threads.ThreadPoolExecutor.runWorker(ThreadPoolExecutor.java:946)
	at org.apache.tomcat.util.threads.ThreadPoolExecutor$Worker.run(ThreadPoolExecutor.java:480)
	at org.apache.tomcat.util.threads.TaskThread$WrappingRunnable.run(TaskThread.java:57)
	at java.base/java.lang.Thread.run(Thread.java:1474)
2025-12-30 12:20:54 [http-nio-8080-exec-8] INFO  p.controller.ParkingController - === Received parking event request ===
2025-12-30 12:20:54 [http-nio-8080-exec-8] INFO  p.controller.ParkingController - Slot: A1, Vehicle: ABC-1234, Type: ENTRY
2025-12-30 12:20:54 [http-nio-8080-exec-8] INFO  p.services.KafkaProducerService - Sending parking event to Kafka topic: parking-events
2025-12-30 12:20:54 [http-nio-8080-exec-8] INFO  o.a.k.common.config.AbstractConfig - ProducerConfig values: 
	acks = -1
	batch.size = 16384
	bootstrap.servers = [localhost:9092]
	buffer.memory = 33554432
	client.dns.lookup = use_all_dns_ips
	client.id = smart parking-producer-3
	compression.gzip.level = -1
	compression.lz4.level = 9
	compression.type = none
	compression.zstd.level = 3
	connections.max.idle.ms = 540000
	delivery.timeout.ms = 120000
	enable.idempotence = true
	enable.metrics.push = true
	interceptor.classes = []
	key.serializer = class org.apache.kafka.common.serialization.StringSerializer
	linger.ms = 5
	max.block.ms = 60000
	max.in.flight.requests.per.connection = 5
	max.request.size = 1048576
	metadata.max.age.ms = 300000
	metadata.max.idle.ms = 300000
	metadata.recovery.rebootstrap.trigger.ms = 300000
	metadata.recovery.strategy = rebootstrap
	metric.reporters = [org.apache.kafka.common.metrics.JmxReporter]
	metrics.num.samples = 2
	metrics.recording.level = INFO
	metrics.sample.window.ms = 30000
	partitioner.adaptive.partitioning.enable = true
	partitioner.availability.timeout.ms = 0
	partitioner.class = null
	partitioner.ignore.keys = false
	receive.buffer.bytes = 32768
	reconnect.backoff.max.ms = 1000
	reconnect.backoff.ms = 50
	request.timeout.ms = 30000
	retries = 2147483647
	retry.backoff.max.ms = 1000
	retry.backoff.ms = 100
	sasl.client.callback.handler.class = null
	sasl.jaas.config = null
	sasl.kerberos.kinit.cmd = /usr/bin/kinit
	sasl.kerberos.min.time.before.relogin = 60000
	sasl.kerberos.service.name = null
	sasl.kerberos.ticket.renew.jitter = 0.05
	sasl.kerberos.ticket.renew.window.factor = 0.8
	sasl.login.callback.handler.class = null
	sasl.login.class = null
	sasl.login.connect.timeout.ms = null
	sasl.login.read.timeout.ms = null
	sasl.login.refresh.buffer.seconds = 300
	sasl.login.refresh.min.period.seconds = 60
	sasl.login.refresh.window.factor = 0.8
	sasl.login.refresh.window.jitter = 0.05
	sasl.login.retry.backoff.max.ms = 10000
	sasl.login.retry.backoff.ms = 100
	sasl.mechanism = GSSAPI
	sasl.oauthbearer.assertion.algorithm = RS256
	sasl.oauthbearer.assertion.claim.aud = null
	sasl.oauthbearer.assertion.claim.exp.seconds = 300
	sasl.oauthbearer.assertion.claim.iss = null
	sasl.oauthbearer.assertion.claim.jti.include = false
	sasl.oauthbearer.assertion.claim.nbf.seconds = 60
	sasl.oauthbearer.assertion.claim.sub = null
	sasl.oauthbearer.assertion.file = null
	sasl.oauthbearer.assertion.private.key.file = null
	sasl.oauthbearer.assertion.private.key.passphrase = null
	sasl.oauthbearer.assertion.template.file = null
	sasl.oauthbearer.client.credentials.client.id = null
	sasl.oauthbearer.client.credentials.client.secret = null
	sasl.oauthbearer.clock.skew.seconds = 30
	sasl.oauthbearer.expected.audience = null
	sasl.oauthbearer.expected.issuer = null
	sasl.oauthbearer.header.urlencode = false
	sasl.oauthbearer.jwks.endpoint.refresh.ms = 3600000
	sasl.oauthbearer.jwks.endpoint.retry.backoff.max.ms = 10000
	sasl.oauthbearer.jwks.endpoint.retry.backoff.ms = 100
	sasl.oauthbearer.jwks.endpoint.url = null
	sasl.oauthbearer.jwt.retriever.class = class org.apache.kafka.common.security.oauthbearer.DefaultJwtRetriever
	sasl.oauthbearer.jwt.validator.class = class org.apache.kafka.common.security.oauthbearer.DefaultJwtValidator
	sasl.oauthbearer.scope = null
	sasl.oauthbearer.scope.claim.name = scope
	sasl.oauthbearer.sub.claim.name = sub
	sasl.oauthbearer.token.endpoint.url = null
	security.protocol = PLAINTEXT
	security.providers = null
	send.buffer.bytes = 131072
	socket.connection.setup.timeout.max.ms = 30000
	socket.connection.setup.timeout.ms = 10000
	ssl.cipher.suites = null
	ssl.enabled.protocols = [TLSv1.2, TLSv1.3]
	ssl.endpoint.identification.algorithm = https
	ssl.engine.factory.class = null
	ssl.key.password = null
	ssl.keymanager.algorithm = SunX509
	ssl.keystore.certificate.chain = null
	ssl.keystore.key = null
	ssl.keystore.location = null
	ssl.keystore.password = null
	ssl.keystore.type = JKS
	ssl.protocol = TLSv1.3
	ssl.provider = null
	ssl.secure.random.implementation = null
	ssl.trustmanager.algorithm = PKIX
	ssl.truststore.certificates = null
	ssl.truststore.location = null
	ssl.truststore.password = null
	ssl.truststore.type = JKS
	transaction.timeout.ms = 60000
	transaction.two.phase.commit.enable = false
	transactional.id = null
	value.serializer = class com.fasterxml.jackson.databind.JsonSerializer

2025-12-30 12:20:54 [http-nio-8080-exec-8] INFO  o.a.k.c.t.i.KafkaMetricsCollector - initializing Kafka metrics collector
2025-12-30 12:20:54 [http-nio-8080-exec-8] INFO  o.a.k.clients.producer.KafkaProducer - [Producer clientId=smart parking-producer-3] Closing the Kafka producer with timeoutMillis = 0 ms.
2025-12-30 12:20:54 [http-nio-8080-exec-8] INFO  o.a.kafka.common.metrics.Metrics - Metrics scheduler closed
2025-12-30 12:20:54 [http-nio-8080-exec-8] INFO  o.a.kafka.common.metrics.Metrics - Closing reporter org.apache.kafka.common.metrics.JmxReporter
2025-12-30 12:20:54 [http-nio-8080-exec-8] INFO  o.a.kafka.common.metrics.Metrics - Closing reporter org.apache.kafka.common.telemetry.internals.ClientTelemetryReporter
2025-12-30 12:20:54 [http-nio-8080-exec-8] INFO  o.a.kafka.common.metrics.Metrics - Metrics reporters closed
2025-12-30 12:20:54 [http-nio-8080-exec-8] INFO  o.a.kafka.common.utils.AppInfoParser - App info kafka.producer for smart parking-producer-3 unregistered
2025-12-30 12:20:54 [http-nio-8080-exec-8] ERROR p.controller.ParkingController - Error processing parking event: Failed to construct kafka producer
org.apache.kafka.common.KafkaException: Failed to construct kafka producer
	at org.apache.kafka.clients.producer.KafkaProducer.<init>(KafkaProducer.java:465)
	at org.apache.kafka.clients.producer.KafkaProducer.<init>(KafkaProducer.java:301)
	at org.springframework.kafka.core.DefaultKafkaProducerFactory.createRawProducer(DefaultKafkaProducerFactory.java:964)
	at org.springframework.kafka.core.DefaultKafkaProducerFactory.createKafkaProducer(DefaultKafkaProducerFactory.java:834)
	at org.springframework.kafka.core.DefaultKafkaProducerFactory.doCreateProducer(DefaultKafkaProducerFactory.java:801)
	at org.springframework.kafka.core.DefaultKafkaProducerFactory.createProducer(DefaultKafkaProducerFactory.java:776)
	at org.springframework.kafka.core.DefaultKafkaProducerFactory.createProducer(DefaultKafkaProducerFactory.java:770)
	at org.springframework.kafka.core.KafkaTemplate.getTheProducer(KafkaTemplate.java:1001)
	at org.springframework.kafka.core.KafkaTemplate.doSend(KafkaTemplate.java:849)
	at org.springframework.kafka.core.KafkaTemplate.observeSend(KafkaTemplate.java:826)
	at org.springframework.kafka.core.KafkaTemplate.send(KafkaTemplate.java:601)
	at parking.services.KafkaProducerService.sendParkingEvent(KafkaProducerService.java:33)
	at parking.controller.ParkingController.createEvent(ParkingController.java:42)
	at java.base/jdk.internal.reflect.DirectMethodHandleAccessor.invoke(DirectMethodHandleAccessor.java:104)
	at java.base/java.lang.reflect.Method.invoke(Method.java:565)
	at org.springframework.web.method.support.InvocableHandlerMethod.doInvoke(InvocableHandlerMethod.java:258)
	at org.springframework.web.method.support.InvocableHandlerMethod.invokeForRequest(InvocableHandlerMethod.java:190)
	at org.springframework.web.servlet.mvc.method.annotation.ServletInvocableHandlerMethod.invokeAndHandle(ServletInvocableHandlerMethod.java:117)
	at org.springframework.web.servlet.mvc.method.annotation.RequestMappingHandlerAdapter.invokeHandlerMethod(RequestMappingHandlerAdapter.java:934)
	at org.springframework.web.servlet.mvc.method.annotation.RequestMappingHandlerAdapter.handleInternal(RequestMappingHandlerAdapter.java:853)
	at org.springframework.web.servlet.mvc.method.AbstractHandlerMethodAdapter.handle(AbstractHandlerMethodAdapter.java:86)
	at org.springframework.web.servlet.DispatcherServlet.doDispatch(DispatcherServlet.java:963)
	at org.springframework.web.servlet.DispatcherServlet.doService(DispatcherServlet.java:866)
	at org.springframework.web.servlet.FrameworkServlet.processRequest(FrameworkServlet.java:1003)
	at org.springframework.web.servlet.FrameworkServlet.doPost(FrameworkServlet.java:903)
	at jakarta.servlet.http.HttpServlet.service(HttpServlet.java:649)
	at org.springframework.web.servlet.FrameworkServlet.service(FrameworkServlet.java:874)
	at jakarta.servlet.http.HttpServlet.service(HttpServlet.java:710)
	at org.apache.catalina.core.ApplicationFilterChain.doFilter(ApplicationFilterChain.java:128)
	at org.apache.tomcat.websocket.server.WsFilter.doFilter(WsFilter.java:53)
	at org.apache.catalina.core.ApplicationFilterChain.doFilter(ApplicationFilterChain.java:107)
	at org.springframework.web.filter.RequestContextFilter.doFilterInternal(RequestContextFilter.java:100)
	at org.springframework.web.filter.OncePerRequestFilter.doFilter(OncePerRequestFilter.java:116)
	at org.apache.catalina.core.ApplicationFilterChain.doFilter(ApplicationFilterChain.java:107)
	at org.springframework.web.filter.FormContentFilter.doFilterInternal(FormContentFilter.java:93)
	at org.springframework.web.filter.OncePerRequestFilter.doFilter(OncePerRequestFilter.java:116)
	at org.apache.catalina.core.ApplicationFilterChain.doFilter(ApplicationFilterChain.java:107)
	at org.springframework.web.filter.CharacterEncodingFilter.doFilterInternal(CharacterEncodingFilter.java:199)
	at org.springframework.web.filter.OncePerRequestFilter.doFilter(OncePerRequestFilter.java:116)
	at org.apache.catalina.core.ApplicationFilterChain.doFilter(ApplicationFilterChain.java:107)
	at org.apache.catalina.core.StandardWrapperValve.invoke(StandardWrapperValve.java:165)
	at org.apache.catalina.core.StandardContextValve.invoke(StandardContextValve.java:77)
	at org.apache.catalina.authenticator.AuthenticatorBase.invoke(AuthenticatorBase.java:482)
	at org.apache.catalina.core.StandardHostValve.invoke(StandardHostValve.java:113)
	at org.apache.catalina.valves.ErrorReportValve.invoke(ErrorReportValve.java:83)
	at org.apache.catalina.core.StandardEngineValve.invoke(StandardEngineValve.java:72)
	at org.apache.catalina.connector.CoyoteAdapter.service(CoyoteAdapter.java:341)
	at org.apache.coyote.http11.Http11Processor.service(Http11Processor.java:397)
	at org.apache.coyote.AbstractProcessorLight.process(AbstractProcessorLight.java:63)
	at org.apache.coyote.AbstractProtocol$ConnectionHandler.process(AbstractProtocol.java:903)
	at org.apache.tomcat.util.net.NioEndpoint$SocketProcessor.doRun(NioEndpoint.java:1778)
	at org.apache.tomcat.util.net.SocketProcessorBase.run(SocketProcessorBase.java:52)
	at org.apache.tomcat.util.threads.ThreadPoolExecutor.runWorker(ThreadPoolExecutor.java:946)
	at org.apache.tomcat.util.threads.ThreadPoolExecutor$Worker.run(ThreadPoolExecutor.java:480)
	at org.apache.tomcat.util.threads.TaskThread$WrappingRunnable.run(TaskThread.java:57)
	at java.base/java.lang.Thread.run(Thread.java:1474)
Caused by: org.apache.kafka.common.KafkaException: Could not instantiate class com.fasterxml.jackson.databind.JsonSerializer
	at org.apache.kafka.common.utils.Utils.newInstance(Utils.java:405)
	at org.apache.kafka.common.config.AbstractConfig.getConfiguredInstance(AbstractConfig.java:405)
	at org.apache.kafka.common.config.AbstractConfig.getConfiguredInstance(AbstractConfig.java:444)
	at org.apache.kafka.common.config.AbstractConfig.getConfiguredInstance(AbstractConfig.java:429)
	at org.apache.kafka.clients.producer.KafkaProducer.<init>(KafkaProducer.java:388)
	... 55 common frames omitted
Caused by: java.lang.InstantiationException
	at java.base/jdk.internal.reflect.InstantiationExceptionConstructorAccessorImpl.newInstance(InstantiationExceptionConstructorAccessorImpl.java:48)
	at java.base/java.lang.reflect.Constructor.newInstanceWithCaller(Constructor.java:499)
	at java.base/java.lang.reflect.Constructor.newInstance(Constructor.java:483)
	at org.apache.kafka.common.utils.Utils.newInstance(Utils.java:401)
	... 59 common frames omitted
2025-12-30 12:20:54 [http-nio-8080-exec-8] ERROR o.a.c.c.C.[.[.[.[dispatcherServlet] - Servlet.service() for servlet [dispatcherServlet] in context with path [] threw exception [Request processing failed: org.apache.kafka.common.KafkaException: Failed to construct kafka producer] with root cause
java.lang.InstantiationException
	at java.base/jdk.internal.reflect.InstantiationExceptionConstructorAccessorImpl.newInstance(InstantiationExceptionConstructorAccessorImpl.java:48)
	at java.base/java.lang.reflect.Constructor.newInstanceWithCaller(Constructor.java:499)
	at java.base/java.lang.reflect.Constructor.newInstance(Constructor.java:483)
	at org.apache.kafka.common.utils.Utils.newInstance(Utils.java:401)
	at org.apache.kafka.common.config.AbstractConfig.getConfiguredInstance(AbstractConfig.java:405)
	at org.apache.kafka.common.config.AbstractConfig.getConfiguredInstance(AbstractConfig.java:444)
	at org.apache.kafka.common.config.AbstractConfig.getConfiguredInstance(AbstractConfig.java:429)
	at org.apache.kafka.clients.producer.KafkaProducer.<init>(KafkaProducer.java:388)
	at org.apache.kafka.clients.producer.KafkaProducer.<init>(KafkaProducer.java:301)
	at org.springframework.kafka.core.DefaultKafkaProducerFactory.createRawProducer(DefaultKafkaProducerFactory.java:964)
	at org.springframework.kafka.core.DefaultKafkaProducerFactory.createKafkaProducer(DefaultKafkaProducerFactory.java:834)
	at org.springframework.kafka.core.DefaultKafkaProducerFactory.doCreateProducer(DefaultKafkaProducerFactory.java:801)
	at org.springframework.kafka.core.DefaultKafkaProducerFactory.createProducer(DefaultKafkaProducerFactory.java:776)
	at org.springframework.kafka.core.DefaultKafkaProducerFactory.createProducer(DefaultKafkaProducerFactory.java:770)
	at org.springframework.kafka.core.KafkaTemplate.getTheProducer(KafkaTemplate.java:1001)
	at org.springframework.kafka.core.KafkaTemplate.doSend(KafkaTemplate.java:849)
	at org.springframework.kafka.core.KafkaTemplate.observeSend(KafkaTemplate.java:826)
	at org.springframework.kafka.core.KafkaTemplate.send(KafkaTemplate.java:601)
	at parking.services.KafkaProducerService.sendParkingEvent(KafkaProducerService.java:33)
	at parking.controller.ParkingController.createEvent(ParkingController.java:42)
	at java.base/jdk.internal.reflect.DirectMethodHandleAccessor.invoke(DirectMethodHandleAccessor.java:104)
	at java.base/java.lang.reflect.Method.invoke(Method.java:565)
	at org.springframework.web.method.support.InvocableHandlerMethod.doInvoke(InvocableHandlerMethod.java:258)
	at org.springframework.web.method.support.InvocableHandlerMethod.invokeForRequest(InvocableHandlerMethod.java:190)
	at org.springframework.web.servlet.mvc.method.annotation.ServletInvocableHandlerMethod.invokeAndHandle(ServletInvocableHandlerMethod.java:117)
	at org.springframework.web.servlet.mvc.method.annotation.RequestMappingHandlerAdapter.invokeHandlerMethod(RequestMappingHandlerAdapter.java:934)
	at org.springframework.web.servlet.mvc.method.annotation.RequestMappingHandlerAdapter.handleInternal(RequestMappingHandlerAdapter.java:853)
	at org.springframework.web.servlet.mvc.method.AbstractHandlerMethodAdapter.handle(AbstractHandlerMethodAdapter.java:86)
	at org.springframework.web.servlet.DispatcherServlet.doDispatch(DispatcherServlet.java:963)
	at org.springframework.web.servlet.DispatcherServlet.doService(DispatcherServlet.java:866)
	at org.springframework.web.servlet.FrameworkServlet.processRequest(FrameworkServlet.java:1003)
	at org.springframework.web.servlet.FrameworkServlet.doPost(FrameworkServlet.java:903)
	at jakarta.servlet.http.HttpServlet.service(HttpServlet.java:649)
	at org.springframework.web.servlet.FrameworkServlet.service(FrameworkServlet.java:874)
	at jakarta.servlet.http.HttpServlet.service(HttpServlet.java:710)
	at org.apache.catalina.core.ApplicationFilterChain.doFilter(ApplicationFilterChain.java:128)
	at org.apache.tomcat.websocket.server.WsFilter.doFilter(WsFilter.java:53)
	at org.apache.catalina.core.ApplicationFilterChain.doFilter(ApplicationFilterChain.java:107)
	at org.springframework.web.filter.RequestContextFilter.doFilterInternal(RequestContextFilter.java:100)
	at org.springframework.web.filter.OncePerRequestFilter.doFilter(OncePerRequestFilter.java:116)
	at org.apache.catalina.core.ApplicationFilterChain.doFilter(ApplicationFilterChain.java:107)
	at org.springframework.web.filter.FormContentFilter.doFilterInternal(FormContentFilter.java:93)
	at org.springframework.web.filter.OncePerRequestFilter.doFilter(OncePerRequestFilter.java:116)
	at org.apache.catalina.core.ApplicationFilterChain.doFilter(ApplicationFilterChain.java:107)
	at org.springframework.web.filter.CharacterEncodingFilter.doFilterInternal(CharacterEncodingFilter.java:199)
	at org.springframework.web.filter.OncePerRequestFilter.doFilter(OncePerRequestFilter.java:116)
	at org.apache.catalina.core.ApplicationFilterChain.doFilter(ApplicationFilterChain.java:107)
	at org.apache.catalina.core.StandardWrapperValve.invoke(StandardWrapperValve.java:165)
	at org.apache.catalina.core.StandardContextValve.invoke(StandardContextValve.java:77)
	at org.apache.catalina.authenticator.AuthenticatorBase.invoke(AuthenticatorBase.java:482)
	at org.apache.catalina.core.StandardHostValve.invoke(StandardHostValve.java:113)
	at org.apache.catalina.valves.ErrorReportValve.invoke(ErrorReportValve.java:83)
	at org.apache.catalina.core.StandardEngineValve.invoke(StandardEngineValve.java:72)
	at org.apache.catalina.connector.CoyoteAdapter.service(CoyoteAdapter.java:341)
	at org.apache.coyote.http11.Http11Processor.service(Http11Processor.java:397)
	at org.apache.coyote.AbstractProcessorLight.process(AbstractProcessorLight.java:63)
	at org.apache.coyote.AbstractProtocol$ConnectionHandler.process(AbstractProtocol.java:903)
	at org.apache.tomcat.util.net.NioEndpoint$SocketProcessor.doRun(NioEndpoint.java:1778)
	at org.apache.tomcat.util.net.SocketProcessorBase.run(SocketProcessorBase.java:52)
	at org.apache.tomcat.util.threads.ThreadPoolExecutor.runWorker(ThreadPoolExecutor.java:946)
	at org.apache.tomcat.util.threads.ThreadPoolExecutor$Worker.run(ThreadPoolExecutor.java:480)
	at org.apache.tomcat.util.threads.TaskThread$WrappingRunnable.run(TaskThread.java:57)
	at java.base/java.lang.Thread.run(Thread.java:1474)
2025-12-30 12:21:20 [org.springframework.kafka.KafkaListenerEndpointContainer#1-2-C-1] INFO  o.a.k.c.c.i.ConsumerRebalanceListenerInvoker - [Consumer clientId=consumer-parking-consumer-group-9, groupId=parking-consumer-group] Revoke previously assigned partitions [slot-updates-2]
2025-12-30 12:21:20 [org.springframework.kafka.KafkaListenerEndpointContainer#2-1-C-1] INFO  o.a.k.c.c.i.ConsumerRebalanceListenerInvoker - [Consumer clientId=consumer-parking-consumer-group-2, groupId=parking-consumer-group] Revoke previously assigned partitions [parking-violations-1]
2025-12-30 12:21:20 [org.springframework.kafka.KafkaListenerEndpointContainer#1-1-C-1] INFO  o.a.k.c.c.i.ConsumerRebalanceListenerInvoker - [Consumer clientId=consumer-parking-consumer-group-8, groupId=parking-consumer-group] Revoke previously assigned partitions [slot-updates-1]
2025-12-30 12:21:20 [org.springframework.kafka.KafkaListenerEndpointContainer#0-0-C-1] INFO  o.a.k.c.c.i.ConsumerRebalanceListenerInvoker - [Consumer clientId=consumer-parking-consumer-group-4, groupId=parking-consumer-group] Revoke previously assigned partitions [parking-events-0]
2025-12-30 12:21:20 [org.springframework.kafka.KafkaListenerEndpointContainer#2-2-C-1] INFO  o.a.k.c.c.i.ConsumerRebalanceListenerInvoker - [Consumer clientId=consumer-parking-consumer-group-3, groupId=parking-consumer-group] Revoke previously assigned partitions [parking-violations-2]
2025-12-30 12:21:20 [org.springframework.kafka.KafkaListenerEndpointContainer#2-0-C-1] INFO  o.a.k.c.c.i.ConsumerRebalanceListenerInvoker - [Consumer clientId=consumer-parking-consumer-group-1, groupId=parking-consumer-group] Revoke previously assigned partitions [parking-violations-0]
2025-12-30 12:21:20 [org.springframework.kafka.KafkaListenerEndpointContainer#0-2-C-1] INFO  o.a.k.c.c.i.ConsumerRebalanceListenerInvoker - [Consumer clientId=consumer-parking-consumer-group-6, groupId=parking-consumer-group] Revoke previously assigned partitions [parking-events-2]
2025-12-30 12:21:20 [org.springframework.kafka.KafkaListenerEndpointContainer#1-0-C-1] INFO  o.a.k.c.c.i.ConsumerRebalanceListenerInvoker - [Consumer clientId=consumer-parking-consumer-group-7, groupId=parking-consumer-group] Revoke previously assigned partitions [slot-updates-0]
2025-12-30 12:21:20 [org.springframework.kafka.KafkaListenerEndpointContainer#0-1-C-1] INFO  o.a.k.c.c.i.ConsumerRebalanceListenerInvoker - [Consumer clientId=consumer-parking-consumer-group-5, groupId=parking-consumer-group] Revoke previously assigned partitions [parking-events-1]
2025-12-30 12:21:20 [org.springframework.kafka.KafkaListenerEndpointContainer#0-2-C-1] INFO  o.s.k.l.KafkaMessageListenerContainer - parking-consumer-group: partitions revoked: [parking-events-2]
2025-12-30 12:21:20 [org.springframework.kafka.KafkaListenerEndpointContainer#0-0-C-1] INFO  o.s.k.l.KafkaMessageListenerContainer - parking-consumer-group: partitions revoked: [parking-events-0]
2025-12-30 12:21:20 [org.springframework.kafka.KafkaListenerEndpointContainer#1-1-C-1] INFO  o.s.k.l.KafkaMessageListenerContainer - parking-consumer-group: partitions revoked: [slot-updates-1]
2025-12-30 12:21:20 [org.springframework.kafka.KafkaListenerEndpointContainer#1-2-C-1] INFO  o.s.k.l.KafkaMessageListenerContainer - parking-consumer-group: partitions revoked: [slot-updates-2]
2025-12-30 12:21:20 [org.springframework.kafka.KafkaListenerEndpointContainer#2-2-C-1] INFO  o.s.k.l.KafkaMessageListenerContainer - parking-consumer-group: partitions revoked: [parking-violations-2]
2025-12-30 12:21:20 [org.springframework.kafka.KafkaListenerEndpointContainer#1-0-C-1] INFO  o.s.k.l.KafkaMessageListenerContainer - parking-consumer-group: partitions revoked: [slot-updates-0]
2025-12-30 12:21:20 [org.springframework.kafka.KafkaListenerEndpointContainer#2-1-C-1] INFO  o.s.k.l.KafkaMessageListenerContainer - parking-consumer-group: partitions revoked: [parking-violations-1]
2025-12-30 12:21:20 [org.springframework.kafka.KafkaListenerEndpointContainer#0-1-C-1] INFO  o.s.k.l.KafkaMessageListenerContainer - parking-consumer-group: partitions revoked: [parking-events-1]
2025-12-30 12:21:20 [org.springframework.kafka.KafkaListenerEndpointContainer#2-0-C-1] INFO  o.s.k.l.KafkaMessageListenerContainer - parking-consumer-group: partitions revoked: [parking-violations-0]
2025-12-30 12:21:20 [org.springframework.kafka.KafkaListenerEndpointContainer#2-0-C-1] INFO  o.a.k.c.c.i.ConsumerCoordinator - [Consumer clientId=consumer-parking-consumer-group-1, groupId=parking-consumer-group] Member consumer-parking-consumer-group-1-5b85e456-fd61-476a-8358-5438246bb646 sending LeaveGroup request to coordinator localhost:9092 (id: 2147483646 rack: null isFenced: false) due to the consumer unsubscribed from all topics
2025-12-30 12:21:20 [org.springframework.kafka.KafkaListenerEndpointContainer#2-2-C-1] INFO  o.a.k.c.c.i.ConsumerCoordinator - [Consumer clientId=consumer-parking-consumer-group-3, groupId=parking-consumer-group] Member consumer-parking-consumer-group-3-4ececb94-7ae5-4e67-92eb-053305cd828c sending LeaveGroup request to coordinator localhost:9092 (id: 2147483646 rack: null isFenced: false) due to the consumer unsubscribed from all topics
2025-12-30 12:21:20 [org.springframework.kafka.KafkaListenerEndpointContainer#0-1-C-1] INFO  o.a.k.c.c.i.ConsumerCoordinator - [Consumer clientId=consumer-parking-consumer-group-5, groupId=parking-consumer-group] Member consumer-parking-consumer-group-5-93c53064-e428-4e77-8fb9-e87744d8e1fb sending LeaveGroup request to coordinator localhost:9092 (id: 2147483646 rack: null isFenced: false) due to the consumer unsubscribed from all topics
2025-12-30 12:21:20 [org.springframework.kafka.KafkaListenerEndpointContainer#0-0-C-1] INFO  o.a.k.c.c.i.ConsumerCoordinator - [Consumer clientId=consumer-parking-consumer-group-4, groupId=parking-consumer-group] Member consumer-parking-consumer-group-4-3211a056-43e6-4e9c-b892-6f5c774f1bed sending LeaveGroup request to coordinator localhost:9092 (id: 2147483646 rack: null isFenced: false) due to the consumer unsubscribed from all topics
2025-12-30 12:21:20 [org.springframework.kafka.KafkaListenerEndpointContainer#2-1-C-1] INFO  o.a.k.c.c.i.ConsumerCoordinator - [Consumer clientId=consumer-parking-consumer-group-2, groupId=parking-consumer-group] Member consumer-parking-consumer-group-2-86337ff3-4cf8-4b35-9475-f815265a02f4 sending LeaveGroup request to coordinator localhost:9092 (id: 2147483646 rack: null isFenced: false) due to the consumer unsubscribed from all topics
2025-12-30 12:21:20 [org.springframework.kafka.KafkaListenerEndpointContainer#1-1-C-1] INFO  o.a.k.c.c.i.ConsumerCoordinator - [Consumer clientId=consumer-parking-consumer-group-8, groupId=parking-consumer-group] Member consumer-parking-consumer-group-8-9ee52739-ef03-45d3-a3ac-06b5145fbf5e sending LeaveGroup request to coordinator localhost:9092 (id: 2147483646 rack: null isFenced: false) due to the consumer unsubscribed from all topics
2025-12-30 12:21:20 [org.springframework.kafka.KafkaListenerEndpointContainer#0-2-C-1] INFO  o.a.k.c.c.i.ConsumerCoordinator - [Consumer clientId=consumer-parking-consumer-group-6, groupId=parking-consumer-group] Member consumer-parking-consumer-group-6-4e93e8c4-01ff-4aed-97a4-e8ec72a8984d sending LeaveGroup request to coordinator localhost:9092 (id: 2147483646 rack: null isFenced: false) due to the consumer unsubscribed from all topics
2025-12-30 12:21:20 [org.springframework.kafka.KafkaListenerEndpointContainer#1-0-C-1] INFO  o.a.k.c.c.i.ConsumerCoordinator - [Consumer clientId=consumer-parking-consumer-group-7, groupId=parking-consumer-group] Member consumer-parking-consumer-group-7-44fba2bb-762d-40b2-9325-2fe74d23da7a sending LeaveGroup request to coordinator localhost:9092 (id: 2147483646 rack: null isFenced: false) due to the consumer unsubscribed from all topics
2025-12-30 12:21:20 [org.springframework.kafka.KafkaListenerEndpointContainer#1-2-C-1] INFO  o.a.k.c.c.i.ConsumerCoordinator - [Consumer clientId=consumer-parking-consumer-group-9, groupId=parking-consumer-group] Member consumer-parking-consumer-group-9-b6a48000-84e2-4e36-a3d9-691193a3983c sending LeaveGroup request to coordinator localhost:9092 (id: 2147483646 rack: null isFenced: false) due to the consumer unsubscribed from all topics
2025-12-30 12:21:20 [org.springframework.kafka.KafkaListenerEndpointContainer#0-0-C-1] INFO  o.a.k.c.c.i.ConsumerCoordinator - [Consumer clientId=consumer-parking-consumer-group-4, groupId=parking-consumer-group] Resetting generation and member id due to: consumer pro-actively leaving the group
2025-12-30 12:21:20 [org.springframework.kafka.KafkaListenerEndpointContainer#0-1-C-1] INFO  o.a.k.c.c.i.ConsumerCoordinator - [Consumer clientId=consumer-parking-consumer-group-5, groupId=parking-consumer-group] Resetting generation and member id due to: consumer pro-actively leaving the group
2025-12-30 12:21:20 [org.springframework.kafka.KafkaListenerEndpointContainer#2-1-C-1] INFO  o.a.k.c.c.i.ConsumerCoordinator - [Consumer clientId=consumer-parking-consumer-group-2, groupId=parking-consumer-group] Resetting generation and member id due to: consumer pro-actively leaving the group
2025-12-30 12:21:20 [org.springframework.kafka.KafkaListenerEndpointContainer#1-0-C-1] INFO  o.a.k.c.c.i.ConsumerCoordinator - [Consumer clientId=consumer-parking-consumer-group-7, groupId=parking-consumer-group] Resetting generation and member id due to: consumer pro-actively leaving the group
2025-12-30 12:21:20 [org.springframework.kafka.KafkaListenerEndpointContainer#2-0-C-1] INFO  o.a.k.c.c.i.ConsumerCoordinator - [Consumer clientId=consumer-parking-consumer-group-1, groupId=parking-consumer-group] Resetting generation and member id due to: consumer pro-actively leaving the group
2025-12-30 12:21:20 [org.springframework.kafka.KafkaListenerEndpointContainer#0-2-C-1] INFO  o.a.k.c.c.i.ConsumerCoordinator - [Consumer clientId=consumer-parking-consumer-group-6, groupId=parking-consumer-group] Resetting generation and member id due to: consumer pro-actively leaving the group
2025-12-30 12:21:20 [org.springframework.kafka.KafkaListenerEndpointContainer#2-0-C-1] INFO  o.a.k.c.c.i.ConsumerCoordinator - [Consumer clientId=consumer-parking-consumer-group-1, groupId=parking-consumer-group] Request joining group due to: consumer pro-actively leaving the group
2025-12-30 12:21:20 [org.springframework.kafka.KafkaListenerEndpointContainer#1-2-C-1] INFO  o.a.k.c.c.i.ConsumerCoordinator - [Consumer clientId=consumer-parking-consumer-group-9, groupId=parking-consumer-group] Resetting generation and member id due to: consumer pro-actively leaving the group
2025-12-30 12:21:20 [org.springframework.kafka.KafkaListenerEndpointContainer#0-1-C-1] INFO  o.a.k.c.c.i.ConsumerCoordinator - [Consumer clientId=consumer-parking-consumer-group-5, groupId=parking-consumer-group] Request joining group due to: consumer pro-actively leaving the group
2025-12-30 12:21:20 [org.springframework.kafka.KafkaListenerEndpointContainer#1-1-C-1] INFO  o.a.k.c.c.i.ConsumerCoordinator - [Consumer clientId=consumer-parking-consumer-group-8, groupId=parking-consumer-group] Resetting generation and member id due to: consumer pro-actively leaving the group
2025-12-30 12:21:20 [org.springframework.kafka.KafkaListenerEndpointContainer#1-2-C-1] INFO  o.a.k.c.c.i.ConsumerCoordinator - [Consumer clientId=consumer-parking-consumer-group-9, groupId=parking-consumer-group] Request joining group due to: consumer pro-actively leaving the group
2025-12-30 12:21:20 [org.springframework.kafka.KafkaListenerEndpointContainer#2-2-C-1] INFO  o.a.k.c.c.i.ConsumerCoordinator - [Consumer clientId=consumer-parking-consumer-group-3, groupId=parking-consumer-group] Resetting generation and member id due to: consumer pro-actively leaving the group
2025-12-30 12:21:20 [org.springframework.kafka.KafkaListenerEndpointContainer#2-1-C-1] INFO  o.a.k.c.c.i.ConsumerCoordinator - [Consumer clientId=consumer-parking-consumer-group-2, groupId=parking-consumer-group] Request joining group due to: consumer pro-actively leaving the group
2025-12-30 12:21:20 [org.springframework.kafka.KafkaListenerEndpointContainer#0-2-C-1] INFO  o.a.k.c.c.i.ConsumerCoordinator - [Consumer clientId=consumer-parking-consumer-group-6, groupId=parking-consumer-group] Request joining group due to: consumer pro-actively leaving the group
2025-12-30 12:21:20 [org.springframework.kafka.KafkaListenerEndpointContainer#0-0-C-1] INFO  o.a.k.c.c.i.ConsumerCoordinator - [Consumer clientId=consumer-parking-consumer-group-4, groupId=parking-consumer-group] Request joining group due to: consumer pro-actively leaving the group
2025-12-30 12:21:20 [org.springframework.kafka.KafkaListenerEndpointContainer#1-0-C-1] INFO  o.a.k.c.c.i.ConsumerCoordinator - [Consumer clientId=consumer-parking-consumer-group-7, groupId=parking-consumer-group] Request joining group due to: consumer pro-actively leaving the group
2025-12-30 12:21:20 [org.springframework.kafka.KafkaListenerEndpointContainer#1-1-C-1] INFO  o.a.k.c.c.i.ConsumerCoordinator - [Consumer clientId=consumer-parking-consumer-group-8, groupId=parking-consumer-group] Request joining group due to: consumer pro-actively leaving the group
2025-12-30 12:21:20 [org.springframework.kafka.KafkaListenerEndpointContainer#0-0-C-1] INFO  o.a.k.c.c.i.ClassicKafkaConsumer - [Consumer clientId=consumer-parking-consumer-group-4, groupId=parking-consumer-group] Unsubscribed all topics or patterns and assigned partitions
2025-12-30 12:21:20 [org.springframework.kafka.KafkaListenerEndpointContainer#2-2-C-1] INFO  o.a.k.c.c.i.ConsumerCoordinator - [Consumer clientId=consumer-parking-consumer-group-3, groupId=parking-consumer-group] Request joining group due to: consumer pro-actively leaving the group
2025-12-30 12:21:20 [org.springframework.kafka.KafkaListenerEndpointContainer#0-2-C-1] INFO  o.a.k.c.c.i.ClassicKafkaConsumer - [Consumer clientId=consumer-parking-consumer-group-6, groupId=parking-consumer-group] Unsubscribed all topics or patterns and assigned partitions
2025-12-30 12:21:20 [org.springframework.kafka.KafkaListenerEndpointContainer#2-2-C-1] INFO  o.a.k.c.c.i.ClassicKafkaConsumer - [Consumer clientId=consumer-parking-consumer-group-3, groupId=parking-consumer-group] Unsubscribed all topics or patterns and assigned partitions
2025-12-30 12:21:20 [org.springframework.kafka.KafkaListenerEndpointContainer#2-1-C-1] INFO  o.a.k.c.c.i.ClassicKafkaConsumer - [Consumer clientId=consumer-parking-consumer-group-2, groupId=parking-consumer-group] Unsubscribed all topics or patterns and assigned partitions
2025-12-30 12:21:20 [org.springframework.kafka.KafkaListenerEndpointContainer#1-0-C-1] INFO  o.a.k.c.c.i.ClassicKafkaConsumer - [Consumer clientId=consumer-parking-consumer-group-7, groupId=parking-consumer-group] Unsubscribed all topics or patterns and assigned partitions
2025-12-30 12:21:20 [org.springframework.kafka.KafkaListenerEndpointContainer#1-2-C-1] INFO  o.a.k.c.c.i.ClassicKafkaConsumer - [Consumer clientId=consumer-parking-consumer-group-9, groupId=parking-consumer-group] Unsubscribed all topics or patterns and assigned partitions
2025-12-30 12:21:20 [org.springframework.kafka.KafkaListenerEndpointContainer#1-1-C-1] INFO  o.a.k.c.c.i.ClassicKafkaConsumer - [Consumer clientId=consumer-parking-consumer-group-8, groupId=parking-consumer-group] Unsubscribed all topics or patterns and assigned partitions
2025-12-30 12:21:20 [org.springframework.kafka.KafkaListenerEndpointContainer#0-1-C-1] INFO  o.a.k.c.c.i.ClassicKafkaConsumer - [Consumer clientId=consumer-parking-consumer-group-5, groupId=parking-consumer-group] Unsubscribed all topics or patterns and assigned partitions
2025-12-30 12:21:20 [org.springframework.kafka.KafkaListenerEndpointContainer#2-0-C-1] INFO  o.a.k.c.c.i.ClassicKafkaConsumer - [Consumer clientId=consumer-parking-consumer-group-1, groupId=parking-consumer-group] Unsubscribed all topics or patterns and assigned partitions
2025-12-30 12:21:20 [org.springframework.kafka.KafkaListenerEndpointContainer#0-0-C-1] INFO  o.a.k.c.c.i.ConsumerCoordinator - [Consumer clientId=consumer-parking-consumer-group-4, groupId=parking-consumer-group] Resetting generation and member id due to: consumer pro-actively leaving the group
2025-12-30 12:21:20 [org.springframework.kafka.KafkaListenerEndpointContainer#1-2-C-1] INFO  o.a.k.c.c.i.ConsumerCoordinator - [Consumer clientId=consumer-parking-consumer-group-9, groupId=parking-consumer-group] Resetting generation and member id due to: consumer pro-actively leaving the group
2025-12-30 12:21:20 [org.springframework.kafka.KafkaListenerEndpointContainer#0-2-C-1] INFO  o.a.k.c.c.i.ConsumerCoordinator - [Consumer clientId=consumer-parking-consumer-group-6, groupId=parking-consumer-group] Resetting generation and member id due to: consumer pro-actively leaving the group
2025-12-30 12:21:20 [org.springframework.kafka.KafkaListenerEndpointContainer#2-2-C-1] INFO  o.a.k.c.c.i.ConsumerCoordinator - [Consumer clientId=consumer-parking-consumer-group-3, groupId=parking-consumer-group] Resetting generation and member id due to: consumer pro-actively leaving the group
2025-12-30 12:21:20 [org.springframework.kafka.KafkaListenerEndpointContainer#0-2-C-1] INFO  o.a.k.c.c.i.ConsumerCoordinator - [Consumer clientId=consumer-parking-consumer-group-6, groupId=parking-consumer-group] Request joining group due to: consumer pro-actively leaving the group
2025-12-30 12:21:20 [org.springframework.kafka.KafkaListenerEndpointContainer#1-0-C-1] INFO  o.a.k.c.c.i.ConsumerCoordinator - [Consumer clientId=consumer-parking-consumer-group-7, groupId=parking-consumer-group] Resetting generation and member id due to: consumer pro-actively leaving the group
2025-12-30 12:21:20 [org.springframework.kafka.KafkaListenerEndpointContainer#2-1-C-1] INFO  o.a.k.c.c.i.ConsumerCoordinator - [Consumer clientId=consumer-parking-consumer-group-2, groupId=parking-consumer-group] Resetting generation and member id due to: consumer pro-actively leaving the group
2025-12-30 12:21:20 [org.springframework.kafka.KafkaListenerEndpointContainer#0-1-C-1] INFO  o.a.k.c.c.i.ConsumerCoordinator - [Consumer clientId=consumer-parking-consumer-group-5, groupId=parking-consumer-group] Resetting generation and member id due to: consumer pro-actively leaving the group
2025-12-30 12:21:20 [org.springframework.kafka.KafkaListenerEndpointContainer#0-0-C-1] INFO  o.a.k.c.c.i.ConsumerCoordinator - [Consumer clientId=consumer-parking-consumer-group-4, groupId=parking-consumer-group] Request joining group due to: consumer pro-actively leaving the group
2025-12-30 12:21:20 [org.springframework.kafka.KafkaListenerEndpointContainer#2-0-C-1] INFO  o.a.k.c.c.i.ConsumerCoordinator - [Consumer clientId=consumer-parking-consumer-group-1, groupId=parking-consumer-group] Resetting generation and member id due to: consumer pro-actively leaving the group
2025-12-30 12:21:20 [org.springframework.kafka.KafkaListenerEndpointContainer#1-1-C-1] INFO  o.a.k.c.c.i.ConsumerCoordinator - [Consumer clientId=consumer-parking-consumer-group-8, groupId=parking-consumer-group] Resetting generation and member id due to: consumer pro-actively leaving the group
2025-12-30 12:21:20 [org.springframework.kafka.KafkaListenerEndpointContainer#2-0-C-1] INFO  o.a.k.c.c.i.ConsumerCoordinator - [Consumer clientId=consumer-parking-consumer-group-1, groupId=parking-consumer-group] Request joining group due to: consumer pro-actively leaving the group
2025-12-30 12:21:20 [org.springframework.kafka.KafkaListenerEndpointContainer#1-2-C-1] INFO  o.a.k.c.c.i.ConsumerCoordinator - [Consumer clientId=consumer-parking-consumer-group-9, groupId=parking-consumer-group] Request joining group due to: consumer pro-actively leaving the group
2025-12-30 12:21:20 [org.springframework.kafka.KafkaListenerEndpointContainer#1-1-C-1] INFO  o.a.k.c.c.i.ConsumerCoordinator - [Consumer clientId=consumer-parking-consumer-group-8, groupId=parking-consumer-group] Request joining group due to: consumer pro-actively leaving the group
2025-12-30 12:21:20 [org.springframework.kafka.KafkaListenerEndpointContainer#2-2-C-1] INFO  o.a.k.c.c.i.ConsumerCoordinator - [Consumer clientId=consumer-parking-consumer-group-3, groupId=parking-consumer-group] Request joining group due to: consumer pro-actively leaving the group
2025-12-30 12:21:20 [org.springframework.kafka.KafkaListenerEndpointContainer#1-0-C-1] INFO  o.a.k.c.c.i.ConsumerCoordinator - [Consumer clientId=consumer-parking-consumer-group-7, groupId=parking-consumer-group] Request joining group due to: consumer pro-actively leaving the group
2025-12-30 12:21:20 [org.springframework.kafka.KafkaListenerEndpointContainer#2-1-C-1] INFO  o.a.k.c.c.i.ConsumerCoordinator - [Consumer clientId=consumer-parking-consumer-group-2, groupId=parking-consumer-group] Request joining group due to: consumer pro-actively leaving the group
2025-12-30 12:21:20 [org.springframework.kafka.KafkaListenerEndpointContainer#0-1-C-1] INFO  o.a.k.c.c.i.ConsumerCoordinator - [Consumer clientId=consumer-parking-consumer-group-5, groupId=parking-consumer-group] Request joining group due to: consumer pro-actively leaving the group
2025-12-30 12:21:20 [org.springframework.kafka.KafkaListenerEndpointContainer#1-2-C-1] INFO  o.a.kafka.common.metrics.Metrics - Metrics scheduler closed
2025-12-30 12:21:20 [org.springframework.kafka.KafkaListenerEndpointContainer#2-1-C-1] INFO  o.a.kafka.common.metrics.Metrics - Metrics scheduler closed
2025-12-30 12:21:20 [org.springframework.kafka.KafkaListenerEndpointContainer#0-2-C-1] INFO  o.a.kafka.common.metrics.Metrics - Metrics scheduler closed
2025-12-30 12:21:20 [org.springframework.kafka.KafkaListenerEndpointContainer#1-2-C-1] INFO  o.a.kafka.common.metrics.Metrics - Closing reporter org.apache.kafka.common.metrics.JmxReporter
2025-12-30 12:21:20 [org.springframework.kafka.KafkaListenerEndpointContainer#2-1-C-1] INFO  o.a.kafka.common.metrics.Metrics - Closing reporter org.apache.kafka.common.metrics.JmxReporter
2025-12-30 12:21:20 [org.springframework.kafka.KafkaListenerEndpointContainer#0-2-C-1] INFO  o.a.kafka.common.metrics.Metrics - Closing reporter org.apache.kafka.common.metrics.JmxReporter
2025-12-30 12:21:20 [org.springframework.kafka.KafkaListenerEndpointContainer#2-1-C-1] INFO  o.a.kafka.common.metrics.Metrics - Closing reporter org.apache.kafka.common.telemetry.internals.ClientTelemetryReporter
2025-12-30 12:21:20 [org.springframework.kafka.KafkaListenerEndpointContainer#2-1-C-1] INFO  o.a.kafka.common.metrics.Metrics - Metrics reporters closed
2025-12-30 12:21:20 [org.springframework.kafka.KafkaListenerEndpointContainer#1-0-C-1] INFO  o.a.kafka.common.metrics.Metrics - Metrics scheduler closed
2025-12-30 12:21:20 [org.springframework.kafka.KafkaListenerEndpointContainer#1-0-C-1] INFO  o.a.kafka.common.metrics.Metrics - Closing reporter org.apache.kafka.common.metrics.JmxReporter
2025-12-30 12:21:20 [org.springframework.kafka.KafkaListenerEndpointContainer#0-0-C-1] INFO  o.a.kafka.common.metrics.Metrics - Metrics scheduler closed
2025-12-30 12:21:20 [org.springframework.kafka.KafkaListenerEndpointContainer#0-0-C-1] INFO  o.a.kafka.common.metrics.Metrics - Closing reporter org.apache.kafka.common.metrics.JmxReporter
2025-12-30 12:21:20 [org.springframework.kafka.KafkaListenerEndpointContainer#1-2-C-1] INFO  o.a.kafka.common.metrics.Metrics - Closing reporter org.apache.kafka.common.telemetry.internals.ClientTelemetryReporter
2025-12-30 12:21:20 [org.springframework.kafka.KafkaListenerEndpointContainer#1-2-C-1] INFO  o.a.kafka.common.metrics.Metrics - Metrics reporters closed
2025-12-30 12:21:20 [org.springframework.kafka.KafkaListenerEndpointContainer#2-2-C-1] INFO  o.a.kafka.common.metrics.Metrics - Metrics scheduler closed
2025-12-30 12:21:20 [org.springframework.kafka.KafkaListenerEndpointContainer#0-2-C-1] INFO  o.a.kafka.common.metrics.Metrics - Closing reporter org.apache.kafka.common.telemetry.internals.ClientTelemetryReporter
2025-12-30 12:21:20 [org.springframework.kafka.KafkaListenerEndpointContainer#2-2-C-1] INFO  o.a.kafka.common.metrics.Metrics - Closing reporter org.apache.kafka.common.metrics.JmxReporter
2025-12-30 12:21:20 [org.springframework.kafka.KafkaListenerEndpointContainer#0-2-C-1] INFO  o.a.kafka.common.metrics.Metrics - Metrics reporters closed
2025-12-30 12:21:20 [org.springframework.kafka.KafkaListenerEndpointContainer#1-0-C-1] INFO  o.a.kafka.common.metrics.Metrics - Closing reporter org.apache.kafka.common.telemetry.internals.ClientTelemetryReporter
2025-12-30 12:21:20 [org.springframework.kafka.KafkaListenerEndpointContainer#0-1-C-1] INFO  o.a.kafka.common.metrics.Metrics - Metrics scheduler closed
2025-12-30 12:21:20 [org.springframework.kafka.KafkaListenerEndpointContainer#1-0-C-1] INFO  o.a.kafka.common.metrics.Metrics - Metrics reporters closed
2025-12-30 12:21:20 [org.springframework.kafka.KafkaListenerEndpointContainer#0-1-C-1] INFO  o.a.kafka.common.metrics.Metrics - Closing reporter org.apache.kafka.common.metrics.JmxReporter
2025-12-30 12:21:20 [org.springframework.kafka.KafkaListenerEndpointContainer#1-1-C-1] INFO  o.a.kafka.common.metrics.Metrics - Metrics scheduler closed
2025-12-30 12:21:20 [org.springframework.kafka.KafkaListenerEndpointContainer#0-0-C-1] INFO  o.a.kafka.common.metrics.Metrics - Closing reporter org.apache.kafka.common.telemetry.internals.ClientTelemetryReporter
2025-12-30 12:21:20 [org.springframework.kafka.KafkaListenerEndpointContainer#1-1-C-1] INFO  o.a.kafka.common.metrics.Metrics - Closing reporter org.apache.kafka.common.metrics.JmxReporter
2025-12-30 12:21:20 [org.springframework.kafka.KafkaListenerEndpointContainer#0-0-C-1] INFO  o.a.kafka.common.metrics.Metrics - Metrics reporters closed
2025-12-30 12:21:20 [org.springframework.kafka.KafkaListenerEndpointContainer#2-2-C-1] INFO  o.a.kafka.common.metrics.Metrics - Closing reporter org.apache.kafka.common.telemetry.internals.ClientTelemetryReporter
2025-12-30 12:21:20 [org.springframework.kafka.KafkaListenerEndpointContainer#2-2-C-1] INFO  o.a.kafka.common.metrics.Metrics - Metrics reporters closed
2025-12-30 12:21:20 [org.springframework.kafka.KafkaListenerEndpointContainer#0-1-C-1] INFO  o.a.kafka.common.metrics.Metrics - Closing reporter org.apache.kafka.common.telemetry.internals.ClientTelemetryReporter
2025-12-30 12:21:20 [org.springframework.kafka.KafkaListenerEndpointContainer#1-1-C-1] INFO  o.a.kafka.common.metrics.Metrics - Closing reporter org.apache.kafka.common.telemetry.internals.ClientTelemetryReporter
2025-12-30 12:21:20 [org.springframework.kafka.KafkaListenerEndpointContainer#0-1-C-1] INFO  o.a.kafka.common.metrics.Metrics - Metrics reporters closed
2025-12-30 12:21:20 [org.springframework.kafka.KafkaListenerEndpointContainer#1-1-C-1] INFO  o.a.kafka.common.metrics.Metrics - Metrics reporters closed
2025-12-30 12:21:20 [org.springframework.kafka.KafkaListenerEndpointContainer#2-0-C-1] INFO  o.a.kafka.common.metrics.Metrics - Metrics scheduler closed
2025-12-30 12:21:20 [org.springframework.kafka.KafkaListenerEndpointContainer#2-0-C-1] INFO  o.a.kafka.common.metrics.Metrics - Closing reporter org.apache.kafka.common.metrics.JmxReporter
2025-12-30 12:21:20 [org.springframework.kafka.KafkaListenerEndpointContainer#2-0-C-1] INFO  o.a.kafka.common.metrics.Metrics - Closing reporter org.apache.kafka.common.telemetry.internals.ClientTelemetryReporter
2025-12-30 12:21:20 [org.springframework.kafka.KafkaListenerEndpointContainer#2-0-C-1] INFO  o.a.kafka.common.metrics.Metrics - Metrics reporters closed
2025-12-30 12:21:20 [org.springframework.kafka.KafkaListenerEndpointContainer#0-1-C-1] INFO  o.a.kafka.common.utils.AppInfoParser - App info kafka.consumer for consumer-parking-consumer-group-5 unregistered
2025-12-30 12:21:20 [org.springframework.kafka.KafkaListenerEndpointContainer#0-0-C-1] INFO  o.a.kafka.common.utils.AppInfoParser - App info kafka.consumer for consumer-parking-consumer-group-4 unregistered
2025-12-30 12:21:20 [org.springframework.kafka.KafkaListenerEndpointContainer#2-1-C-1] INFO  o.a.kafka.common.utils.AppInfoParser - App info kafka.consumer for consumer-parking-consumer-group-2 unregistered
2025-12-30 12:21:20 [org.springframework.kafka.KafkaListenerEndpointContainer#1-1-C-1] INFO  o.a.kafka.common.utils.AppInfoParser - App info kafka.consumer for consumer-parking-consumer-group-8 unregistered
2025-12-30 12:21:20 [org.springframework.kafka.KafkaListenerEndpointContainer#0-0-C-1] INFO  o.s.k.l.KafkaMessageListenerContainer - parking-consumer-group: Consumer stopped
2025-12-30 12:21:20 [org.springframework.kafka.KafkaListenerEndpointContainer#0-1-C-1] INFO  o.s.k.l.KafkaMessageListenerContainer - parking-consumer-group: Consumer stopped
2025-12-30 12:21:20 [org.springframework.kafka.KafkaListenerEndpointContainer#1-1-C-1] INFO  o.s.k.l.KafkaMessageListenerContainer - parking-consumer-group: Consumer stopped
2025-12-30 12:21:20 [org.springframework.kafka.KafkaListenerEndpointContainer#2-0-C-1] INFO  o.a.kafka.common.utils.AppInfoParser - App info kafka.consumer for consumer-parking-consumer-group-1 unregistered
2025-12-30 12:21:20 [org.springframework.kafka.KafkaListenerEndpointContainer#2-0-C-1] INFO  o.s.k.l.KafkaMessageListenerContainer - parking-consumer-group: Consumer stopped
2025-12-30 12:21:20 [org.springframework.kafka.KafkaListenerEndpointContainer#2-1-C-1] INFO  o.s.k.l.KafkaMessageListenerContainer - parking-consumer-group: Consumer stopped
2025-12-30 12:21:20 [org.springframework.kafka.KafkaListenerEndpointContainer#0-2-C-1] INFO  o.a.kafka.common.utils.AppInfoParser - App info kafka.consumer for consumer-parking-consumer-group-6 unregistered
2025-12-30 12:21:20 [org.springframework.kafka.KafkaListenerEndpointContainer#0-2-C-1] INFO  o.s.k.l.KafkaMessageListenerContainer - parking-consumer-group: Consumer stopped
2025-12-30 12:21:20 [org.springframework.kafka.KafkaListenerEndpointContainer#1-2-C-1] INFO  o.a.kafka.common.utils.AppInfoParser - App info kafka.consumer for consumer-parking-consumer-group-9 unregistered
2025-12-30 12:21:20 [org.springframework.kafka.KafkaListenerEndpointContainer#1-2-C-1] INFO  o.s.k.l.KafkaMessageListenerContainer - parking-consumer-group: Consumer stopped
2025-12-30 12:21:20 [org.springframework.kafka.KafkaListenerEndpointContainer#1-0-C-1] INFO  o.a.kafka.common.utils.AppInfoParser - App info kafka.consumer for consumer-parking-consumer-group-7 unregistered
2025-12-30 12:21:20 [org.springframework.kafka.KafkaListenerEndpointContainer#1-0-C-1] INFO  o.s.k.l.KafkaMessageListenerContainer - parking-consumer-group: Consumer stopped
2025-12-30 12:21:20 [org.springframework.kafka.KafkaListenerEndpointContainer#2-2-C-1] INFO  o.a.kafka.common.utils.AppInfoParser - App info kafka.consumer for consumer-parking-consumer-group-3 unregistered
2025-12-30 12:21:20 [org.springframework.kafka.KafkaListenerEndpointContainer#2-2-C-1] INFO  o.s.k.l.KafkaMessageListenerContainer - parking-consumer-group: Consumer stopped
2025-12-30 12:21:20 [SpringApplicationShutdownHook] INFO  o.s.boot.tomcat.GracefulShutdown - Commencing graceful shutdown. Waiting for active requests to complete
2025-12-30 12:21:50 [main] INFO  parking.SmartParkingApplication - Starting SmartParkingApplication using Java 25 with PID 28440 (C:\Users\PMLS\Downloads\parking\parking\target\classes started by PMYLS in C:\Users\PMLS\Downloads\parking)
2025-12-30 12:21:50 [main] INFO  parking.SmartParkingApplication - No active profile set, falling back to 1 default profile: "default"
2025-12-30 12:21:50 [main] INFO  o.s.d.r.c.RepositoryConfigurationDelegate - Bootstrapping Spring Data JPA repositories in DEFAULT mode.
2025-12-30 12:21:51 [main] INFO  o.s.d.r.c.RepositoryConfigurationDelegate - Finished Spring Data repository scanning in 89 ms. Found 3 JPA repository interfaces.
2025-12-30 12:21:51 [main] INFO  o.s.boot.tomcat.TomcatWebServer - Tomcat initialized with port 8080 (http)
2025-12-30 12:21:51 [main] INFO  o.a.catalina.core.StandardService - Starting service [Tomcat]
2025-12-30 12:21:51 [main] INFO  o.a.catalina.core.StandardEngine - Starting Servlet engine: [Apache Tomcat/11.0.15]
2025-12-30 12:21:52 [main] INFO  o.s.b.w.c.s.WebApplicationContextInitializer - Root WebApplicationContext: initialization completed in 1968 ms
2025-12-30 12:21:52 [main] INFO  org.hibernate.orm.jpa - HHH008540: Processing PersistenceUnitInfo [name: default]
2025-12-30 12:21:52 [main] INFO  org.hibernate.orm.core - HHH000001: Hibernate ORM core version 7.2.0.Final
2025-12-30 12:21:52 [main] INFO  o.s.o.j.p.SpringPersistenceUnitInfo - No LoadTimeWeaver setup: ignoring JPA class transformer
2025-12-30 12:21:52 [main] INFO  com.zaxxer.hikari.HikariDataSource - HikariPool-1 - Starting...
2025-12-30 12:21:53 [main] INFO  com.zaxxer.hikari.pool.HikariPool - HikariPool-1 - Added connection org.postgresql.jdbc.PgConnection@4e3ee457
2025-12-30 12:21:53 [main] INFO  com.zaxxer.hikari.HikariDataSource - HikariPool-1 - Start completed.
2025-12-30 12:21:54 [main] WARN  org.hibernate.orm.deprecation - HHH90000025: PostgreSQLDialect does not need to be specified explicitly using 'hibernate.dialect' (remove the property setting and it will be selected by default)
2025-12-30 12:21:54 [main] INFO  o.hibernate.orm.connections.pooling - HHH10001005: Database info:
	Database JDBC URL [jdbc:postgresql://localhost:5432/parking]
	Database driver: PostgreSQL JDBC Driver
	Database dialect: PostgreSQLDialect
	Database version: 17.7
	Default catalog/schema: parking/public
	Autocommit mode: undefined/unknown
	Isolation level: READ_COMMITTED [default READ_COMMITTED]
	JDBC fetch size: none
	Pool: DataSourceConnectionProvider
	Minimum pool size: undefined/unknown
	Maximum pool size: undefined/unknown
2025-12-30 12:21:56 [main] INFO  org.hibernate.orm.core - HHH000489: No JTA platform available (set 'hibernate.transaction.jta.platform' to enable JTA platform integration)
2025-12-30 12:21:56 [main] INFO  o.s.o.j.LocalContainerEntityManagerFactoryBean - Initialized JPA EntityManagerFactory for persistence unit 'default'
2025-12-30 12:21:56 [main] INFO  o.s.d.j.r.q.QueryEnhancerFactories - Hibernate is in classpath; If applicable, HQL parser will be used.
2025-12-30 12:21:57 [main] INFO  parking.config.KafkaConfig - Creating Kafka Template for message production
2025-12-30 12:21:57 [main] INFO  parking.config.KafkaConfig - Configuring Kafka Producer with bootstrap servers: localhost:9092
2025-12-30 12:21:57 [main] INFO  parking.config.KafkaConfig - Configuring Kafka Consumer with bootstrap servers: localhost:9092
2025-12-30 12:21:57 [main] INFO  parking.config.KafkaConfig - Creating Kafka Listener Container Factory
2025-12-30 12:21:57 [main] INFO  parking.config.KafkaConfig - Creating Kafka topic: parking-events
2025-12-30 12:21:57 [main] INFO  parking.config.KafkaConfig - Creating Kafka topic: slot-updates
2025-12-30 12:21:57 [main] INFO  parking.config.KafkaConfig - Creating Kafka topic: parking-violations
2025-12-30 12:21:57 [main] INFO  o.s.boot.tomcat.TomcatWebServer - Tomcat started on port 8080 (http) with context path '/'
2025-12-30 12:21:57 [main] INFO  o.a.k.common.config.AbstractConfig - ConsumerConfig values: 
	allow.auto.create.topics = true
	auto.commit.interval.ms = 5000
	auto.offset.reset = earliest
	bootstrap.servers = [localhost:9092]
	check.crcs = true
	client.dns.lookup = use_all_dns_ips
	client.id = consumer-parking-consumer-group-1
	client.rack = 
	connections.max.idle.ms = 540000
	default.api.timeout.ms = 60000
	enable.auto.commit = true
	enable.metrics.push = true
	exclude.internal.topics = true
	fetch.max.bytes = 52428800
	fetch.max.wait.ms = 500
	fetch.min.bytes = 1
	group.id = parking-consumer-group
	group.instance.id = null
	group.protocol = classic
	group.remote.assignor = null
	heartbeat.interval.ms = 3000
	interceptor.classes = []
	internal.leave.group.on.close = true
	internal.throw.on.fetch.stable.offset.unsupported = false
	isolation.level = read_uncommitted
	key.deserializer = class org.apache.kafka.common.serialization.StringDeserializer
	max.partition.fetch.bytes = 1048576
	max.poll.interval.ms = 300000
	max.poll.records = 500
	metadata.max.age.ms = 300000
	metadata.recovery.rebootstrap.trigger.ms = 300000
	metadata.recovery.strategy = rebootstrap
	metric.reporters = [org.apache.kafka.common.metrics.JmxReporter]
	metrics.num.samples = 2
	metrics.recording.level = INFO
	metrics.sample.window.ms = 30000
	partition.assignment.strategy = [class org.apache.kafka.clients.consumer.RangeAssignor, class org.apache.kafka.clients.consumer.CooperativeStickyAssignor]
	receive.buffer.bytes = 65536
	reconnect.backoff.max.ms = 1000
	reconnect.backoff.ms = 50
	request.timeout.ms = 30000
	retry.backoff.max.ms = 1000
	retry.backoff.ms = 100
	sasl.client.callback.handler.class = null
	sasl.jaas.config = null
	sasl.kerberos.kinit.cmd = /usr/bin/kinit
	sasl.kerberos.min.time.before.relogin = 60000
	sasl.kerberos.service.name = null
	sasl.kerberos.ticket.renew.jitter = 0.05
	sasl.kerberos.ticket.renew.window.factor = 0.8
	sasl.login.callback.handler.class = null
	sasl.login.class = null
	sasl.login.connect.timeout.ms = null
	sasl.login.read.timeout.ms = null
	sasl.login.refresh.buffer.seconds = 300
	sasl.login.refresh.min.period.seconds = 60
	sasl.login.refresh.window.factor = 0.8
	sasl.login.refresh.window.jitter = 0.05
	sasl.login.retry.backoff.max.ms = 10000
	sasl.login.retry.backoff.ms = 100
	sasl.mechanism = GSSAPI
	sasl.oauthbearer.assertion.algorithm = RS256
	sasl.oauthbearer.assertion.claim.aud = null
	sasl.oauthbearer.assertion.claim.exp.seconds = 300
	sasl.oauthbearer.assertion.claim.iss = null
	sasl.oauthbearer.assertion.claim.jti.include = false
	sasl.oauthbearer.assertion.claim.nbf.seconds = 60
	sasl.oauthbearer.assertion.claim.sub = null
	sasl.oauthbearer.assertion.file = null
	sasl.oauthbearer.assertion.private.key.file = null
	sasl.oauthbearer.assertion.private.key.passphrase = null
	sasl.oauthbearer.assertion.template.file = null
	sasl.oauthbearer.client.credentials.client.id = null
	sasl.oauthbearer.client.credentials.client.secret = null
	sasl.oauthbearer.clock.skew.seconds = 30
	sasl.oauthbearer.expected.audience = null
	sasl.oauthbearer.expected.issuer = null
	sasl.oauthbearer.header.urlencode = false
	sasl.oauthbearer.jwks.endpoint.refresh.ms = 3600000
	sasl.oauthbearer.jwks.endpoint.retry.backoff.max.ms = 10000
	sasl.oauthbearer.jwks.endpoint.retry.backoff.ms = 100
	sasl.oauthbearer.jwks.endpoint.url = null
	sasl.oauthbearer.jwt.retriever.class = class org.apache.kafka.common.security.oauthbearer.DefaultJwtRetriever
	sasl.oauthbearer.jwt.validator.class = class org.apache.kafka.common.security.oauthbearer.DefaultJwtValidator
	sasl.oauthbearer.scope = null
	sasl.oauthbearer.scope.claim.name = scope
	sasl.oauthbearer.sub.claim.name = sub
	sasl.oauthbearer.token.endpoint.url = null
	security.protocol = PLAINTEXT
	security.providers = null
	send.buffer.bytes = 131072
	session.timeout.ms = 45000
	share.acknowledgement.mode = implicit
	socket.connection.setup.timeout.max.ms = 30000
	socket.connection.setup.timeout.ms = 10000
	ssl.cipher.suites = null
	ssl.enabled.protocols = [TLSv1.2, TLSv1.3]
	ssl.endpoint.identification.algorithm = https
	ssl.engine.factory.class = null
	ssl.key.password = null
	ssl.keymanager.algorithm = SunX509
	ssl.keystore.certificate.chain = null
	ssl.keystore.key = null
	ssl.keystore.location = null
	ssl.keystore.password = null
	ssl.keystore.type = JKS
	ssl.protocol = TLSv1.3
	ssl.provider = null
	ssl.secure.random.implementation = null
	ssl.trustmanager.algorithm = PKIX
	ssl.truststore.certificates = null
	ssl.truststore.location = null
	ssl.truststore.password = null
	ssl.truststore.type = JKS
	value.deserializer = class org.apache.kafka.common.serialization.StringDeserializer

2025-12-30 12:21:57 [http-nio-8080-exec-1] INFO  o.a.c.c.C.[Tomcat].[localhost].[/] - Initializing Spring DispatcherServlet 'dispatcherServlet'
2025-12-30 12:21:57 [http-nio-8080-exec-1] INFO  o.s.web.servlet.DispatcherServlet - Initializing Servlet 'dispatcherServlet'
2025-12-30 12:21:57 [http-nio-8080-exec-1] INFO  o.s.web.servlet.DispatcherServlet - Completed initialization in 2 ms
2025-12-30 12:21:57 [main] INFO  o.a.k.c.t.i.KafkaMetricsCollector - initializing Kafka metrics collector
2025-12-30 12:21:57 [http-nio-8080-exec-1] INFO  p.controller.ViolationController - Fetching active violations
2025-12-30 12:21:58 [http-nio-8080-exec-2] DEBUG org.hibernate.SQL - 
    select
        ps1_0.id,
        ps1_0.current_vehicle_number,
        ps1_0.floor,
        ps1_0.last_updated,
        ps1_0.max_stay_minutes,
        ps1_0.occupied_since,
        ps1_0.reserved,
        ps1_0.slot_number,
        ps1_0.status,
        ps1_0.zone 
    from
        parking_slots ps1_0
2025-12-30 12:21:58 [http-nio-8080-exec-1] DEBUG org.hibernate.SQL - 
    select
        pv1_0.id,
        pv1_0.detected_at,
        pv1_0.entry_time,
        pv1_0.notes,
        pv1_0.overstay_minutes,
        pv1_0.resolved,
        pv1_0.resolved_at,
        pv1_0.slot_number,
        pv1_0.vehicle_number,
        pv1_0.violation_type 
    from
        parking_violations pv1_0 
    where
        pv1_0.resolved=false 
    order by
        pv1_0.detected_at desc
2025-12-30 12:21:58 [http-nio-8080-exec-1] INFO  p.services.ViolationDetectionService - Found 0 active violations
2025-12-30 12:21:58 [http-nio-8080-exec-2] INFO  p.controller.ParkingController - Retrieved 8 parking slots
2025-12-30 12:21:58 [http-nio-8080-exec-3] INFO  p.controller.ParkingController - Fetching parking statistics
2025-12-30 12:21:58 [http-nio-8080-exec-3] DEBUG org.hibernate.SQL - 
    select
        count(*) 
    from
        parking_slots ps1_0
2025-12-30 12:21:58 [http-nio-8080-exec-3] DEBUG org.hibernate.SQL - 
    select
        count(ps1_0.id) 
    from
        parking_slots ps1_0 
    where
        ps1_0.status='VACANT'
2025-12-30 12:21:58 [http-nio-8080-exec-3] DEBUG org.hibernate.SQL - 
    select
        count(pv1_0.id) 
    from
        parking_violations pv1_0 
    where
        pv1_0.resolved=false
2025-12-30 12:21:58 [http-nio-8080-exec-3] INFO  parking.services.ParkingService - Parking Stats - Total: 8, Available: 8, Occupied: 0, Violations: 0, Occupancy Rate: 0.00%
2025-12-30 12:21:58 [main] INFO  o.a.k.common.config.AbstractConfig - These configurations '[spring.deserializer.value.delegate.class, spring.deserializer.key.delegate.class]' were supplied but are not used yet.
2025-12-30 12:21:58 [main] INFO  o.a.kafka.common.utils.AppInfoParser - Kafka version: 4.1.1
2025-12-30 12:21:58 [main] INFO  o.a.kafka.common.utils.AppInfoParser - Kafka commitId: be816b82d25370ce
2025-12-30 12:21:58 [main] INFO  o.a.kafka.common.utils.AppInfoParser - Kafka startTimeMs: 1767079318242
2025-12-30 12:21:58 [http-nio-8080-exec-4] INFO  p.controller.ViolationController - Fetching active violations
2025-12-30 12:21:58 [main] INFO  o.a.k.c.c.i.ClassicKafkaConsumer - [Consumer clientId=consumer-parking-consumer-group-1, groupId=parking-consumer-group] Subscribed to topic(s): parking-events
2025-12-30 12:21:58 [http-nio-8080-exec-4] DEBUG org.hibernate.SQL - 
    select
        pv1_0.id,
        pv1_0.detected_at,
        pv1_0.entry_time,
        pv1_0.notes,
        pv1_0.overstay_minutes,
        pv1_0.resolved,
        pv1_0.resolved_at,
        pv1_0.slot_number,
        pv1_0.vehicle_number,
        pv1_0.violation_type 
    from
        parking_violations pv1_0 
    where
        pv1_0.resolved=false 
    order by
        pv1_0.detected_at desc
2025-12-30 12:21:58 [http-nio-8080-exec-4] INFO  p.services.ViolationDetectionService - Found 0 active violations
2025-12-30 12:21:58 [main] INFO  o.a.k.common.config.AbstractConfig - ConsumerConfig values: 
	allow.auto.create.topics = true
	auto.commit.interval.ms = 5000
	auto.offset.reset = earliest
	bootstrap.servers = [localhost:9092]
	check.crcs = true
	client.dns.lookup = use_all_dns_ips
	client.id = consumer-parking-consumer-group-2
	client.rack = 
	connections.max.idle.ms = 540000
	default.api.timeout.ms = 60000
	enable.auto.commit = true
	enable.metrics.push = true
	exclude.internal.topics = true
	fetch.max.bytes = 52428800
	fetch.max.wait.ms = 500
	fetch.min.bytes = 1
	group.id = parking-consumer-group
	group.instance.id = null
	group.protocol = classic
	group.remote.assignor = null
	heartbeat.interval.ms = 3000
	interceptor.classes = []
	internal.leave.group.on.close = true
	internal.throw.on.fetch.stable.offset.unsupported = false
	isolation.level = read_uncommitted
	key.deserializer = class org.apache.kafka.common.serialization.StringDeserializer
	max.partition.fetch.bytes = 1048576
	max.poll.interval.ms = 300000
	max.poll.records = 500
	metadata.max.age.ms = 300000
	metadata.recovery.rebootstrap.trigger.ms = 300000
	metadata.recovery.strategy = rebootstrap
	metric.reporters = [org.apache.kafka.common.metrics.JmxReporter]
	metrics.num.samples = 2
	metrics.recording.level = INFO
	metrics.sample.window.ms = 30000
	partition.assignment.strategy = [class org.apache.kafka.clients.consumer.RangeAssignor, class org.apache.kafka.clients.consumer.CooperativeStickyAssignor]
	receive.buffer.bytes = 65536
	reconnect.backoff.max.ms = 1000
	reconnect.backoff.ms = 50
	request.timeout.ms = 30000
	retry.backoff.max.ms = 1000
	retry.backoff.ms = 100
	sasl.client.callback.handler.class = null
	sasl.jaas.config = null
	sasl.kerberos.kinit.cmd = /usr/bin/kinit
	sasl.kerberos.min.time.before.relogin = 60000
	sasl.kerberos.service.name = null
	sasl.kerberos.ticket.renew.jitter = 0.05
	sasl.kerberos.ticket.renew.window.factor = 0.8
	sasl.login.callback.handler.class = null
	sasl.login.class = null
	sasl.login.connect.timeout.ms = null
	sasl.login.read.timeout.ms = null
	sasl.login.refresh.buffer.seconds = 300
	sasl.login.refresh.min.period.seconds = 60
	sasl.login.refresh.window.factor = 0.8
	sasl.login.refresh.window.jitter = 0.05
	sasl.login.retry.backoff.max.ms = 10000
	sasl.login.retry.backoff.ms = 100
	sasl.mechanism = GSSAPI
	sasl.oauthbearer.assertion.algorithm = RS256
	sasl.oauthbearer.assertion.claim.aud = null
	sasl.oauthbearer.assertion.claim.exp.seconds = 300
	sasl.oauthbearer.assertion.claim.iss = null
	sasl.oauthbearer.assertion.claim.jti.include = false
	sasl.oauthbearer.assertion.claim.nbf.seconds = 60
	sasl.oauthbearer.assertion.claim.sub = null
	sasl.oauthbearer.assertion.file = null
	sasl.oauthbearer.assertion.private.key.file = null
	sasl.oauthbearer.assertion.private.key.passphrase = null
	sasl.oauthbearer.assertion.template.file = null
	sasl.oauthbearer.client.credentials.client.id = null
	sasl.oauthbearer.client.credentials.client.secret = null
	sasl.oauthbearer.clock.skew.seconds = 30
	sasl.oauthbearer.expected.audience = null
	sasl.oauthbearer.expected.issuer = null
	sasl.oauthbearer.header.urlencode = false
	sasl.oauthbearer.jwks.endpoint.refresh.ms = 3600000
	sasl.oauthbearer.jwks.endpoint.retry.backoff.max.ms = 10000
	sasl.oauthbearer.jwks.endpoint.retry.backoff.ms = 100
	sasl.oauthbearer.jwks.endpoint.url = null
	sasl.oauthbearer.jwt.retriever.class = class org.apache.kafka.common.security.oauthbearer.DefaultJwtRetriever
	sasl.oauthbearer.jwt.validator.class = class org.apache.kafka.common.security.oauthbearer.DefaultJwtValidator
	sasl.oauthbearer.scope = null
	sasl.oauthbearer.scope.claim.name = scope
	sasl.oauthbearer.sub.claim.name = sub
	sasl.oauthbearer.token.endpoint.url = null
	security.protocol = PLAINTEXT
	security.providers = null
	send.buffer.bytes = 131072
	session.timeout.ms = 45000
	share.acknowledgement.mode = implicit
	socket.connection.setup.timeout.max.ms = 30000
	socket.connection.setup.timeout.ms = 10000
	ssl.cipher.suites = null
	ssl.enabled.protocols = [TLSv1.2, TLSv1.3]
	ssl.endpoint.identification.algorithm = https
	ssl.engine.factory.class = null
	ssl.key.password = null
	ssl.keymanager.algorithm = SunX509
	ssl.keystore.certificate.chain = null
	ssl.keystore.key = null
	ssl.keystore.location = null
	ssl.keystore.password = null
	ssl.keystore.type = JKS
	ssl.protocol = TLSv1.3
	ssl.provider = null
	ssl.secure.random.implementation = null
	ssl.trustmanager.algorithm = PKIX
	ssl.truststore.certificates = null
	ssl.truststore.location = null
	ssl.truststore.password = null
	ssl.truststore.type = JKS
	value.deserializer = class org.apache.kafka.common.serialization.StringDeserializer

2025-12-30 12:21:58 [main] INFO  o.a.k.c.t.i.KafkaMetricsCollector - initializing Kafka metrics collector
2025-12-30 12:21:58 [main] INFO  o.a.k.common.config.AbstractConfig - These configurations '[spring.deserializer.value.delegate.class, spring.deserializer.key.delegate.class]' were supplied but are not used yet.
2025-12-30 12:21:58 [main] INFO  o.a.kafka.common.utils.AppInfoParser - Kafka version: 4.1.1
2025-12-30 12:21:58 [main] INFO  o.a.kafka.common.utils.AppInfoParser - Kafka commitId: be816b82d25370ce
2025-12-30 12:21:58 [main] INFO  o.a.kafka.common.utils.AppInfoParser - Kafka startTimeMs: 1767079318265
2025-12-30 12:21:58 [main] INFO  o.a.k.c.c.i.ClassicKafkaConsumer - [Consumer clientId=consumer-parking-consumer-group-2, groupId=parking-consumer-group] Subscribed to topic(s): parking-events
2025-12-30 12:21:58 [main] INFO  o.a.k.common.config.AbstractConfig - ConsumerConfig values: 
	allow.auto.create.topics = true
	auto.commit.interval.ms = 5000
	auto.offset.reset = earliest
	bootstrap.servers = [localhost:9092]
	check.crcs = true
	client.dns.lookup = use_all_dns_ips
	client.id = consumer-parking-consumer-group-3
	client.rack = 
	connections.max.idle.ms = 540000
	default.api.timeout.ms = 60000
	enable.auto.commit = true
	enable.metrics.push = true
	exclude.internal.topics = true
	fetch.max.bytes = 52428800
	fetch.max.wait.ms = 500
	fetch.min.bytes = 1
	group.id = parking-consumer-group
	group.instance.id = null
	group.protocol = classic
	group.remote.assignor = null
	heartbeat.interval.ms = 3000
	interceptor.classes = []
	internal.leave.group.on.close = true
	internal.throw.on.fetch.stable.offset.unsupported = false
	isolation.level = read_uncommitted
	key.deserializer = class org.apache.kafka.common.serialization.StringDeserializer
	max.partition.fetch.bytes = 1048576
	max.poll.interval.ms = 300000
	max.poll.records = 500
	metadata.max.age.ms = 300000
	metadata.recovery.rebootstrap.trigger.ms = 300000
	metadata.recovery.strategy = rebootstrap
	metric.reporters = [org.apache.kafka.common.metrics.JmxReporter]
	metrics.num.samples = 2
	metrics.recording.level = INFO
	metrics.sample.window.ms = 30000
	partition.assignment.strategy = [class org.apache.kafka.clients.consumer.RangeAssignor, class org.apache.kafka.clients.consumer.CooperativeStickyAssignor]
	receive.buffer.bytes = 65536
	reconnect.backoff.max.ms = 1000
	reconnect.backoff.ms = 50
	request.timeout.ms = 30000
	retry.backoff.max.ms = 1000
	retry.backoff.ms = 100
	sasl.client.callback.handler.class = null
	sasl.jaas.config = null
	sasl.kerberos.kinit.cmd = /usr/bin/kinit
	sasl.kerberos.min.time.before.relogin = 60000
	sasl.kerberos.service.name = null
	sasl.kerberos.ticket.renew.jitter = 0.05
	sasl.kerberos.ticket.renew.window.factor = 0.8
	sasl.login.callback.handler.class = null
	sasl.login.class = null
	sasl.login.connect.timeout.ms = null
	sasl.login.read.timeout.ms = null
	sasl.login.refresh.buffer.seconds = 300
	sasl.login.refresh.min.period.seconds = 60
	sasl.login.refresh.window.factor = 0.8
	sasl.login.refresh.window.jitter = 0.05
	sasl.login.retry.backoff.max.ms = 10000
	sasl.login.retry.backoff.ms = 100
	sasl.mechanism = GSSAPI
	sasl.oauthbearer.assertion.algorithm = RS256
	sasl.oauthbearer.assertion.claim.aud = null
	sasl.oauthbearer.assertion.claim.exp.seconds = 300
	sasl.oauthbearer.assertion.claim.iss = null
	sasl.oauthbearer.assertion.claim.jti.include = false
	sasl.oauthbearer.assertion.claim.nbf.seconds = 60
	sasl.oauthbearer.assertion.claim.sub = null
	sasl.oauthbearer.assertion.file = null
	sasl.oauthbearer.assertion.private.key.file = null
	sasl.oauthbearer.assertion.private.key.passphrase = null
	sasl.oauthbearer.assertion.template.file = null
	sasl.oauthbearer.client.credentials.client.id = null
	sasl.oauthbearer.client.credentials.client.secret = null
	sasl.oauthbearer.clock.skew.seconds = 30
	sasl.oauthbearer.expected.audience = null
	sasl.oauthbearer.expected.issuer = null
	sasl.oauthbearer.header.urlencode = false
	sasl.oauthbearer.jwks.endpoint.refresh.ms = 3600000
	sasl.oauthbearer.jwks.endpoint.retry.backoff.max.ms = 10000
	sasl.oauthbearer.jwks.endpoint.retry.backoff.ms = 100
	sasl.oauthbearer.jwks.endpoint.url = null
	sasl.oauthbearer.jwt.retriever.class = class org.apache.kafka.common.security.oauthbearer.DefaultJwtRetriever
	sasl.oauthbearer.jwt.validator.class = class org.apache.kafka.common.security.oauthbearer.DefaultJwtValidator
	sasl.oauthbearer.scope = null
	sasl.oauthbearer.scope.claim.name = scope
	sasl.oauthbearer.sub.claim.name = sub
	sasl.oauthbearer.token.endpoint.url = null
	security.protocol = PLAINTEXT
	security.providers = null
	send.buffer.bytes = 131072
	session.timeout.ms = 45000
	share.acknowledgement.mode = implicit
	socket.connection.setup.timeout.max.ms = 30000
	socket.connection.setup.timeout.ms = 10000
	ssl.cipher.suites = null
	ssl.enabled.protocols = [TLSv1.2, TLSv1.3]
	ssl.endpoint.identification.algorithm = https
	ssl.engine.factory.class = null
	ssl.key.password = null
	ssl.keymanager.algorithm = SunX509
	ssl.keystore.certificate.chain = null
	ssl.keystore.key = null
	ssl.keystore.location = null
	ssl.keystore.password = null
	ssl.keystore.type = JKS
	ssl.protocol = TLSv1.3
	ssl.provider = null
	ssl.secure.random.implementation = null
	ssl.trustmanager.algorithm = PKIX
	ssl.truststore.certificates = null
	ssl.truststore.location = null
	ssl.truststore.password = null
	ssl.truststore.type = JKS
	value.deserializer = class org.apache.kafka.common.serialization.StringDeserializer

2025-12-30 12:21:58 [main] INFO  o.a.k.c.t.i.KafkaMetricsCollector - initializing Kafka metrics collector
2025-12-30 12:21:58 [main] INFO  o.a.k.common.config.AbstractConfig - These configurations '[spring.deserializer.value.delegate.class, spring.deserializer.key.delegate.class]' were supplied but are not used yet.
2025-12-30 12:21:58 [main] INFO  o.a.kafka.common.utils.AppInfoParser - Kafka version: 4.1.1
2025-12-30 12:21:58 [main] INFO  o.a.kafka.common.utils.AppInfoParser - Kafka commitId: be816b82d25370ce
2025-12-30 12:21:58 [main] INFO  o.a.kafka.common.utils.AppInfoParser - Kafka startTimeMs: 1767079318271
2025-12-30 12:21:58 [main] INFO  o.a.k.c.c.i.ClassicKafkaConsumer - [Consumer clientId=consumer-parking-consumer-group-3, groupId=parking-consumer-group] Subscribed to topic(s): parking-events
2025-12-30 12:21:58 [main] INFO  o.a.k.common.config.AbstractConfig - ConsumerConfig values: 
	allow.auto.create.topics = true
	auto.commit.interval.ms = 5000
	auto.offset.reset = earliest
	bootstrap.servers = [localhost:9092]
	check.crcs = true
	client.dns.lookup = use_all_dns_ips
	client.id = consumer-parking-consumer-group-4
	client.rack = 
	connections.max.idle.ms = 540000
	default.api.timeout.ms = 60000
	enable.auto.commit = true
	enable.metrics.push = true
	exclude.internal.topics = true
	fetch.max.bytes = 52428800
	fetch.max.wait.ms = 500
	fetch.min.bytes = 1
	group.id = parking-consumer-group
	group.instance.id = null
	group.protocol = classic
	group.remote.assignor = null
	heartbeat.interval.ms = 3000
	interceptor.classes = []
	internal.leave.group.on.close = true
	internal.throw.on.fetch.stable.offset.unsupported = false
	isolation.level = read_uncommitted
	key.deserializer = class org.apache.kafka.common.serialization.StringDeserializer
	max.partition.fetch.bytes = 1048576
	max.poll.interval.ms = 300000
	max.poll.records = 500
	metadata.max.age.ms = 300000
	metadata.recovery.rebootstrap.trigger.ms = 300000
	metadata.recovery.strategy = rebootstrap
	metric.reporters = [org.apache.kafka.common.metrics.JmxReporter]
	metrics.num.samples = 2
	metrics.recording.level = INFO
	metrics.sample.window.ms = 30000
	partition.assignment.strategy = [class org.apache.kafka.clients.consumer.RangeAssignor, class org.apache.kafka.clients.consumer.CooperativeStickyAssignor]
	receive.buffer.bytes = 65536
	reconnect.backoff.max.ms = 1000
	reconnect.backoff.ms = 50
	request.timeout.ms = 30000
	retry.backoff.max.ms = 1000
	retry.backoff.ms = 100
	sasl.client.callback.handler.class = null
	sasl.jaas.config = null
	sasl.kerberos.kinit.cmd = /usr/bin/kinit
	sasl.kerberos.min.time.before.relogin = 60000
	sasl.kerberos.service.name = null
	sasl.kerberos.ticket.renew.jitter = 0.05
	sasl.kerberos.ticket.renew.window.factor = 0.8
	sasl.login.callback.handler.class = null
	sasl.login.class = null
	sasl.login.connect.timeout.ms = null
	sasl.login.read.timeout.ms = null
	sasl.login.refresh.buffer.seconds = 300
	sasl.login.refresh.min.period.seconds = 60
	sasl.login.refresh.window.factor = 0.8
	sasl.login.refresh.window.jitter = 0.05
	sasl.login.retry.backoff.max.ms = 10000
	sasl.login.retry.backoff.ms = 100
	sasl.mechanism = GSSAPI
	sasl.oauthbearer.assertion.algorithm = RS256
	sasl.oauthbearer.assertion.claim.aud = null
	sasl.oauthbearer.assertion.claim.exp.seconds = 300
	sasl.oauthbearer.assertion.claim.iss = null
	sasl.oauthbearer.assertion.claim.jti.include = false
	sasl.oauthbearer.assertion.claim.nbf.seconds = 60
	sasl.oauthbearer.assertion.claim.sub = null
	sasl.oauthbearer.assertion.file = null
	sasl.oauthbearer.assertion.private.key.file = null
	sasl.oauthbearer.assertion.private.key.passphrase = null
	sasl.oauthbearer.assertion.template.file = null
	sasl.oauthbearer.client.credentials.client.id = null
	sasl.oauthbearer.client.credentials.client.secret = null
	sasl.oauthbearer.clock.skew.seconds = 30
	sasl.oauthbearer.expected.audience = null
	sasl.oauthbearer.expected.issuer = null
	sasl.oauthbearer.header.urlencode = false
	sasl.oauthbearer.jwks.endpoint.refresh.ms = 3600000
	sasl.oauthbearer.jwks.endpoint.retry.backoff.max.ms = 10000
	sasl.oauthbearer.jwks.endpoint.retry.backoff.ms = 100
	sasl.oauthbearer.jwks.endpoint.url = null
	sasl.oauthbearer.jwt.retriever.class = class org.apache.kafka.common.security.oauthbearer.DefaultJwtRetriever
	sasl.oauthbearer.jwt.validator.class = class org.apache.kafka.common.security.oauthbearer.DefaultJwtValidator
	sasl.oauthbearer.scope = null
	sasl.oauthbearer.scope.claim.name = scope
	sasl.oauthbearer.sub.claim.name = sub
	sasl.oauthbearer.token.endpoint.url = null
	security.protocol = PLAINTEXT
	security.providers = null
	send.buffer.bytes = 131072
	session.timeout.ms = 45000
	share.acknowledgement.mode = implicit
	socket.connection.setup.timeout.max.ms = 30000
	socket.connection.setup.timeout.ms = 10000
	ssl.cipher.suites = null
	ssl.enabled.protocols = [TLSv1.2, TLSv1.3]
	ssl.endpoint.identification.algorithm = https
	ssl.engine.factory.class = null
	ssl.key.password = null
	ssl.keymanager.algorithm = SunX509
	ssl.keystore.certificate.chain = null
	ssl.keystore.key = null
	ssl.keystore.location = null
	ssl.keystore.password = null
	ssl.keystore.type = JKS
	ssl.protocol = TLSv1.3
	ssl.provider = null
	ssl.secure.random.implementation = null
	ssl.trustmanager.algorithm = PKIX
	ssl.truststore.certificates = null
	ssl.truststore.location = null
	ssl.truststore.password = null
	ssl.truststore.type = JKS
	value.deserializer = class org.apache.kafka.common.serialization.StringDeserializer

2025-12-30 12:21:58 [main] INFO  o.a.k.c.t.i.KafkaMetricsCollector - initializing Kafka metrics collector
2025-12-30 12:21:58 [main] INFO  o.a.k.common.config.AbstractConfig - These configurations '[spring.deserializer.value.delegate.class, spring.deserializer.key.delegate.class]' were supplied but are not used yet.
2025-12-30 12:21:58 [main] INFO  o.a.kafka.common.utils.AppInfoParser - Kafka version: 4.1.1
2025-12-30 12:21:58 [main] INFO  o.a.kafka.common.utils.AppInfoParser - Kafka commitId: be816b82d25370ce
2025-12-30 12:21:58 [main] INFO  o.a.kafka.common.utils.AppInfoParser - Kafka startTimeMs: 1767079318282
2025-12-30 12:21:58 [main] INFO  o.a.k.c.c.i.ClassicKafkaConsumer - [Consumer clientId=consumer-parking-consumer-group-4, groupId=parking-consumer-group] Subscribed to topic(s): slot-updates
2025-12-30 12:21:58 [main] INFO  o.a.k.common.config.AbstractConfig - ConsumerConfig values: 
	allow.auto.create.topics = true
	auto.commit.interval.ms = 5000
	auto.offset.reset = earliest
	bootstrap.servers = [localhost:9092]
	check.crcs = true
	client.dns.lookup = use_all_dns_ips
	client.id = consumer-parking-consumer-group-5
	client.rack = 
	connections.max.idle.ms = 540000
	default.api.timeout.ms = 60000
	enable.auto.commit = true
	enable.metrics.push = true
	exclude.internal.topics = true
	fetch.max.bytes = 52428800
	fetch.max.wait.ms = 500
	fetch.min.bytes = 1
	group.id = parking-consumer-group
	group.instance.id = null
	group.protocol = classic
	group.remote.assignor = null
	heartbeat.interval.ms = 3000
	interceptor.classes = []
	internal.leave.group.on.close = true
	internal.throw.on.fetch.stable.offset.unsupported = false
	isolation.level = read_uncommitted
	key.deserializer = class org.apache.kafka.common.serialization.StringDeserializer
	max.partition.fetch.bytes = 1048576
	max.poll.interval.ms = 300000
	max.poll.records = 500
	metadata.max.age.ms = 300000
	metadata.recovery.rebootstrap.trigger.ms = 300000
	metadata.recovery.strategy = rebootstrap
	metric.reporters = [org.apache.kafka.common.metrics.JmxReporter]
	metrics.num.samples = 2
	metrics.recording.level = INFO
	metrics.sample.window.ms = 30000
	partition.assignment.strategy = [class org.apache.kafka.clients.consumer.RangeAssignor, class org.apache.kafka.clients.consumer.CooperativeStickyAssignor]
	receive.buffer.bytes = 65536
	reconnect.backoff.max.ms = 1000
	reconnect.backoff.ms = 50
	request.timeout.ms = 30000
	retry.backoff.max.ms = 1000
	retry.backoff.ms = 100
	sasl.client.callback.handler.class = null
	sasl.jaas.config = null
	sasl.kerberos.kinit.cmd = /usr/bin/kinit
	sasl.kerberos.min.time.before.relogin = 60000
	sasl.kerberos.service.name = null
	sasl.kerberos.ticket.renew.jitter = 0.05
	sasl.kerberos.ticket.renew.window.factor = 0.8
	sasl.login.callback.handler.class = null
	sasl.login.class = null
	sasl.login.connect.timeout.ms = null
	sasl.login.read.timeout.ms = null
	sasl.login.refresh.buffer.seconds = 300
	sasl.login.refresh.min.period.seconds = 60
	sasl.login.refresh.window.factor = 0.8
	sasl.login.refresh.window.jitter = 0.05
	sasl.login.retry.backoff.max.ms = 10000
	sasl.login.retry.backoff.ms = 100
	sasl.mechanism = GSSAPI
	sasl.oauthbearer.assertion.algorithm = RS256
	sasl.oauthbearer.assertion.claim.aud = null
	sasl.oauthbearer.assertion.claim.exp.seconds = 300
	sasl.oauthbearer.assertion.claim.iss = null
	sasl.oauthbearer.assertion.claim.jti.include = false
	sasl.oauthbearer.assertion.claim.nbf.seconds = 60
	sasl.oauthbearer.assertion.claim.sub = null
	sasl.oauthbearer.assertion.file = null
	sasl.oauthbearer.assertion.private.key.file = null
	sasl.oauthbearer.assertion.private.key.passphrase = null
	sasl.oauthbearer.assertion.template.file = null
	sasl.oauthbearer.client.credentials.client.id = null
	sasl.oauthbearer.client.credentials.client.secret = null
	sasl.oauthbearer.clock.skew.seconds = 30
	sasl.oauthbearer.expected.audience = null
	sasl.oauthbearer.expected.issuer = null
	sasl.oauthbearer.header.urlencode = false
	sasl.oauthbearer.jwks.endpoint.refresh.ms = 3600000
	sasl.oauthbearer.jwks.endpoint.retry.backoff.max.ms = 10000
	sasl.oauthbearer.jwks.endpoint.retry.backoff.ms = 100
	sasl.oauthbearer.jwks.endpoint.url = null
	sasl.oauthbearer.jwt.retriever.class = class org.apache.kafka.common.security.oauthbearer.DefaultJwtRetriever
	sasl.oauthbearer.jwt.validator.class = class org.apache.kafka.common.security.oauthbearer.DefaultJwtValidator
	sasl.oauthbearer.scope = null
	sasl.oauthbearer.scope.claim.name = scope
	sasl.oauthbearer.sub.claim.name = sub
	sasl.oauthbearer.token.endpoint.url = null
	security.protocol = PLAINTEXT
	security.providers = null
	send.buffer.bytes = 131072
	session.timeout.ms = 45000
	share.acknowledgement.mode = implicit
	socket.connection.setup.timeout.max.ms = 30000
	socket.connection.setup.timeout.ms = 10000
	ssl.cipher.suites = null
	ssl.enabled.protocols = [TLSv1.2, TLSv1.3]
	ssl.endpoint.identification.algorithm = https
	ssl.engine.factory.class = null
	ssl.key.password = null
	ssl.keymanager.algorithm = SunX509
	ssl.keystore.certificate.chain = null
	ssl.keystore.key = null
	ssl.keystore.location = null
	ssl.keystore.password = null
	ssl.keystore.type = JKS
	ssl.protocol = TLSv1.3
	ssl.provider = null
	ssl.secure.random.implementation = null
	ssl.trustmanager.algorithm = PKIX
	ssl.truststore.certificates = null
	ssl.truststore.location = null
	ssl.truststore.password = null
	ssl.truststore.type = JKS
	value.deserializer = class org.apache.kafka.common.serialization.StringDeserializer

2025-12-30 12:21:58 [main] INFO  o.a.k.c.t.i.KafkaMetricsCollector - initializing Kafka metrics collector
2025-12-30 12:21:58 [main] INFO  o.a.k.common.config.AbstractConfig - These configurations '[spring.deserializer.value.delegate.class, spring.deserializer.key.delegate.class]' were supplied but are not used yet.
2025-12-30 12:21:58 [main] INFO  o.a.kafka.common.utils.AppInfoParser - Kafka version: 4.1.1
2025-12-30 12:21:58 [main] INFO  o.a.kafka.common.utils.AppInfoParser - Kafka commitId: be816b82d25370ce
2025-12-30 12:21:58 [main] INFO  o.a.kafka.common.utils.AppInfoParser - Kafka startTimeMs: 1767079318297
2025-12-30 12:21:58 [main] INFO  o.a.k.c.c.i.ClassicKafkaConsumer - [Consumer clientId=consumer-parking-consumer-group-5, groupId=parking-consumer-group] Subscribed to topic(s): slot-updates
2025-12-30 12:21:58 [main] INFO  o.a.k.common.config.AbstractConfig - ConsumerConfig values: 
	allow.auto.create.topics = true
	auto.commit.interval.ms = 5000
	auto.offset.reset = earliest
	bootstrap.servers = [localhost:9092]
	check.crcs = true
	client.dns.lookup = use_all_dns_ips
	client.id = consumer-parking-consumer-group-6
	client.rack = 
	connections.max.idle.ms = 540000
	default.api.timeout.ms = 60000
	enable.auto.commit = true
	enable.metrics.push = true
	exclude.internal.topics = true
	fetch.max.bytes = 52428800
	fetch.max.wait.ms = 500
	fetch.min.bytes = 1
	group.id = parking-consumer-group
	group.instance.id = null
	group.protocol = classic
	group.remote.assignor = null
	heartbeat.interval.ms = 3000
	interceptor.classes = []
	internal.leave.group.on.close = true
	internal.throw.on.fetch.stable.offset.unsupported = false
	isolation.level = read_uncommitted
	key.deserializer = class org.apache.kafka.common.serialization.StringDeserializer
	max.partition.fetch.bytes = 1048576
	max.poll.interval.ms = 300000
	max.poll.records = 500
	metadata.max.age.ms = 300000
	metadata.recovery.rebootstrap.trigger.ms = 300000
	metadata.recovery.strategy = rebootstrap
	metric.reporters = [org.apache.kafka.common.metrics.JmxReporter]
	metrics.num.samples = 2
	metrics.recording.level = INFO
	metrics.sample.window.ms = 30000
	partition.assignment.strategy = [class org.apache.kafka.clients.consumer.RangeAssignor, class org.apache.kafka.clients.consumer.CooperativeStickyAssignor]
	receive.buffer.bytes = 65536
	reconnect.backoff.max.ms = 1000
	reconnect.backoff.ms = 50
	request.timeout.ms = 30000
	retry.backoff.max.ms = 1000
	retry.backoff.ms = 100
	sasl.client.callback.handler.class = null
	sasl.jaas.config = null
	sasl.kerberos.kinit.cmd = /usr/bin/kinit
	sasl.kerberos.min.time.before.relogin = 60000
	sasl.kerberos.service.name = null
	sasl.kerberos.ticket.renew.jitter = 0.05
	sasl.kerberos.ticket.renew.window.factor = 0.8
	sasl.login.callback.handler.class = null
	sasl.login.class = null
	sasl.login.connect.timeout.ms = null
	sasl.login.read.timeout.ms = null
	sasl.login.refresh.buffer.seconds = 300
	sasl.login.refresh.min.period.seconds = 60
	sasl.login.refresh.window.factor = 0.8
	sasl.login.refresh.window.jitter = 0.05
	sasl.login.retry.backoff.max.ms = 10000
	sasl.login.retry.backoff.ms = 100
	sasl.mechanism = GSSAPI
	sasl.oauthbearer.assertion.algorithm = RS256
	sasl.oauthbearer.assertion.claim.aud = null
	sasl.oauthbearer.assertion.claim.exp.seconds = 300
	sasl.oauthbearer.assertion.claim.iss = null
	sasl.oauthbearer.assertion.claim.jti.include = false
	sasl.oauthbearer.assertion.claim.nbf.seconds = 60
	sasl.oauthbearer.assertion.claim.sub = null
	sasl.oauthbearer.assertion.file = null
	sasl.oauthbearer.assertion.private.key.file = null
	sasl.oauthbearer.assertion.private.key.passphrase = null
	sasl.oauthbearer.assertion.template.file = null
	sasl.oauthbearer.client.credentials.client.id = null
	sasl.oauthbearer.client.credentials.client.secret = null
	sasl.oauthbearer.clock.skew.seconds = 30
	sasl.oauthbearer.expected.audience = null
	sasl.oauthbearer.expected.issuer = null
	sasl.oauthbearer.header.urlencode = false
	sasl.oauthbearer.jwks.endpoint.refresh.ms = 3600000
	sasl.oauthbearer.jwks.endpoint.retry.backoff.max.ms = 10000
	sasl.oauthbearer.jwks.endpoint.retry.backoff.ms = 100
	sasl.oauthbearer.jwks.endpoint.url = null
	sasl.oauthbearer.jwt.retriever.class = class org.apache.kafka.common.security.oauthbearer.DefaultJwtRetriever
	sasl.oauthbearer.jwt.validator.class = class org.apache.kafka.common.security.oauthbearer.DefaultJwtValidator
	sasl.oauthbearer.scope = null
	sasl.oauthbearer.scope.claim.name = scope
	sasl.oauthbearer.sub.claim.name = sub
	sasl.oauthbearer.token.endpoint.url = null
	security.protocol = PLAINTEXT
	security.providers = null
	send.buffer.bytes = 131072
	session.timeout.ms = 45000
	share.acknowledgement.mode = implicit
	socket.connection.setup.timeout.max.ms = 30000
	socket.connection.setup.timeout.ms = 10000
	ssl.cipher.suites = null
	ssl.enabled.protocols = [TLSv1.2, TLSv1.3]
	ssl.endpoint.identification.algorithm = https
	ssl.engine.factory.class = null
	ssl.key.password = null
	ssl.keymanager.algorithm = SunX509
	ssl.keystore.certificate.chain = null
	ssl.keystore.key = null
	ssl.keystore.location = null
	ssl.keystore.password = null
	ssl.keystore.type = JKS
	ssl.protocol = TLSv1.3
	ssl.provider = null
	ssl.secure.random.implementation = null
	ssl.trustmanager.algorithm = PKIX
	ssl.truststore.certificates = null
	ssl.truststore.location = null
	ssl.truststore.password = null
	ssl.truststore.type = JKS
	value.deserializer = class org.apache.kafka.common.serialization.StringDeserializer

2025-12-30 12:21:58 [main] INFO  o.a.k.c.t.i.KafkaMetricsCollector - initializing Kafka metrics collector
2025-12-30 12:21:58 [main] INFO  o.a.k.common.config.AbstractConfig - These configurations '[spring.deserializer.value.delegate.class, spring.deserializer.key.delegate.class]' were supplied but are not used yet.
2025-12-30 12:21:58 [main] INFO  o.a.kafka.common.utils.AppInfoParser - Kafka version: 4.1.1
2025-12-30 12:21:58 [main] INFO  o.a.kafka.common.utils.AppInfoParser - Kafka commitId: be816b82d25370ce
2025-12-30 12:21:58 [main] INFO  o.a.kafka.common.utils.AppInfoParser - Kafka startTimeMs: 1767079318314
2025-12-30 12:21:58 [main] INFO  o.a.k.c.c.i.ClassicKafkaConsumer - [Consumer clientId=consumer-parking-consumer-group-6, groupId=parking-consumer-group] Subscribed to topic(s): slot-updates
2025-12-30 12:21:58 [main] INFO  o.a.k.common.config.AbstractConfig - ConsumerConfig values: 
	allow.auto.create.topics = true
	auto.commit.interval.ms = 5000
	auto.offset.reset = earliest
	bootstrap.servers = [localhost:9092]
	check.crcs = true
	client.dns.lookup = use_all_dns_ips
	client.id = consumer-parking-consumer-group-7
	client.rack = 
	connections.max.idle.ms = 540000
	default.api.timeout.ms = 60000
	enable.auto.commit = true
	enable.metrics.push = true
	exclude.internal.topics = true
	fetch.max.bytes = 52428800
	fetch.max.wait.ms = 500
	fetch.min.bytes = 1
	group.id = parking-consumer-group
	group.instance.id = null
	group.protocol = classic
	group.remote.assignor = null
	heartbeat.interval.ms = 3000
	interceptor.classes = []
	internal.leave.group.on.close = true
	internal.throw.on.fetch.stable.offset.unsupported = false
	isolation.level = read_uncommitted
	key.deserializer = class org.apache.kafka.common.serialization.StringDeserializer
	max.partition.fetch.bytes = 1048576
	max.poll.interval.ms = 300000
	max.poll.records = 500
	metadata.max.age.ms = 300000
	metadata.recovery.rebootstrap.trigger.ms = 300000
	metadata.recovery.strategy = rebootstrap
	metric.reporters = [org.apache.kafka.common.metrics.JmxReporter]
	metrics.num.samples = 2
	metrics.recording.level = INFO
	metrics.sample.window.ms = 30000
	partition.assignment.strategy = [class org.apache.kafka.clients.consumer.RangeAssignor, class org.apache.kafka.clients.consumer.CooperativeStickyAssignor]
	receive.buffer.bytes = 65536
	reconnect.backoff.max.ms = 1000
	reconnect.backoff.ms = 50
	request.timeout.ms = 30000
	retry.backoff.max.ms = 1000
	retry.backoff.ms = 100
	sasl.client.callback.handler.class = null
	sasl.jaas.config = null
	sasl.kerberos.kinit.cmd = /usr/bin/kinit
	sasl.kerberos.min.time.before.relogin = 60000
	sasl.kerberos.service.name = null
	sasl.kerberos.ticket.renew.jitter = 0.05
	sasl.kerberos.ticket.renew.window.factor = 0.8
	sasl.login.callback.handler.class = null
	sasl.login.class = null
	sasl.login.connect.timeout.ms = null
	sasl.login.read.timeout.ms = null
	sasl.login.refresh.buffer.seconds = 300
	sasl.login.refresh.min.period.seconds = 60
	sasl.login.refresh.window.factor = 0.8
	sasl.login.refresh.window.jitter = 0.05
	sasl.login.retry.backoff.max.ms = 10000
	sasl.login.retry.backoff.ms = 100
	sasl.mechanism = GSSAPI
	sasl.oauthbearer.assertion.algorithm = RS256
	sasl.oauthbearer.assertion.claim.aud = null
	sasl.oauthbearer.assertion.claim.exp.seconds = 300
	sasl.oauthbearer.assertion.claim.iss = null
	sasl.oauthbearer.assertion.claim.jti.include = false
	sasl.oauthbearer.assertion.claim.nbf.seconds = 60
	sasl.oauthbearer.assertion.claim.sub = null
	sasl.oauthbearer.assertion.file = null
	sasl.oauthbearer.assertion.private.key.file = null
	sasl.oauthbearer.assertion.private.key.passphrase = null
	sasl.oauthbearer.assertion.template.file = null
	sasl.oauthbearer.client.credentials.client.id = null
	sasl.oauthbearer.client.credentials.client.secret = null
	sasl.oauthbearer.clock.skew.seconds = 30
	sasl.oauthbearer.expected.audience = null
	sasl.oauthbearer.expected.issuer = null
	sasl.oauthbearer.header.urlencode = false
	sasl.oauthbearer.jwks.endpoint.refresh.ms = 3600000
	sasl.oauthbearer.jwks.endpoint.retry.backoff.max.ms = 10000
	sasl.oauthbearer.jwks.endpoint.retry.backoff.ms = 100
	sasl.oauthbearer.jwks.endpoint.url = null
	sasl.oauthbearer.jwt.retriever.class = class org.apache.kafka.common.security.oauthbearer.DefaultJwtRetriever
	sasl.oauthbearer.jwt.validator.class = class org.apache.kafka.common.security.oauthbearer.DefaultJwtValidator
	sasl.oauthbearer.scope = null
	sasl.oauthbearer.scope.claim.name = scope
	sasl.oauthbearer.sub.claim.name = sub
	sasl.oauthbearer.token.endpoint.url = null
	security.protocol = PLAINTEXT
	security.providers = null
	send.buffer.bytes = 131072
	session.timeout.ms = 45000
	share.acknowledgement.mode = implicit
	socket.connection.setup.timeout.max.ms = 30000
	socket.connection.setup.timeout.ms = 10000
	ssl.cipher.suites = null
	ssl.enabled.protocols = [TLSv1.2, TLSv1.3]
	ssl.endpoint.identification.algorithm = https
	ssl.engine.factory.class = null
	ssl.key.password = null
	ssl.keymanager.algorithm = SunX509
	ssl.keystore.certificate.chain = null
	ssl.keystore.key = null
	ssl.keystore.location = null
	ssl.keystore.password = null
	ssl.keystore.type = JKS
	ssl.protocol = TLSv1.3
	ssl.provider = null
	ssl.secure.random.implementation = null
	ssl.trustmanager.algorithm = PKIX
	ssl.truststore.certificates = null
	ssl.truststore.location = null
	ssl.truststore.password = null
	ssl.truststore.type = JKS
	value.deserializer = class org.apache.kafka.common.serialization.StringDeserializer

2025-12-30 12:21:58 [main] INFO  o.a.k.c.t.i.KafkaMetricsCollector - initializing Kafka metrics collector
2025-12-30 12:21:58 [main] INFO  o.a.k.common.config.AbstractConfig - These configurations '[spring.deserializer.value.delegate.class, spring.deserializer.key.delegate.class]' were supplied but are not used yet.
2025-12-30 12:21:58 [main] INFO  o.a.kafka.common.utils.AppInfoParser - Kafka version: 4.1.1
2025-12-30 12:21:58 [main] INFO  o.a.kafka.common.utils.AppInfoParser - Kafka commitId: be816b82d25370ce
2025-12-30 12:21:58 [main] INFO  o.a.kafka.common.utils.AppInfoParser - Kafka startTimeMs: 1767079318328
2025-12-30 12:21:58 [main] INFO  o.a.k.c.c.i.ClassicKafkaConsumer - [Consumer clientId=consumer-parking-consumer-group-7, groupId=parking-consumer-group] Subscribed to topic(s): parking-violations
2025-12-30 12:21:58 [main] INFO  o.a.k.common.config.AbstractConfig - ConsumerConfig values: 
	allow.auto.create.topics = true
	auto.commit.interval.ms = 5000
	auto.offset.reset = earliest
	bootstrap.servers = [localhost:9092]
	check.crcs = true
	client.dns.lookup = use_all_dns_ips
	client.id = consumer-parking-consumer-group-8
	client.rack = 
	connections.max.idle.ms = 540000
	default.api.timeout.ms = 60000
	enable.auto.commit = true
	enable.metrics.push = true
	exclude.internal.topics = true
	fetch.max.bytes = 52428800
	fetch.max.wait.ms = 500
	fetch.min.bytes = 1
	group.id = parking-consumer-group
	group.instance.id = null
	group.protocol = classic
	group.remote.assignor = null
	heartbeat.interval.ms = 3000
	interceptor.classes = []
	internal.leave.group.on.close = true
	internal.throw.on.fetch.stable.offset.unsupported = false
	isolation.level = read_uncommitted
	key.deserializer = class org.apache.kafka.common.serialization.StringDeserializer
	max.partition.fetch.bytes = 1048576
	max.poll.interval.ms = 300000
	max.poll.records = 500
	metadata.max.age.ms = 300000
	metadata.recovery.rebootstrap.trigger.ms = 300000
	metadata.recovery.strategy = rebootstrap
	metric.reporters = [org.apache.kafka.common.metrics.JmxReporter]
	metrics.num.samples = 2
	metrics.recording.level = INFO
	metrics.sample.window.ms = 30000
	partition.assignment.strategy = [class org.apache.kafka.clients.consumer.RangeAssignor, class org.apache.kafka.clients.consumer.CooperativeStickyAssignor]
	receive.buffer.bytes = 65536
	reconnect.backoff.max.ms = 1000
	reconnect.backoff.ms = 50
	request.timeout.ms = 30000
	retry.backoff.max.ms = 1000
	retry.backoff.ms = 100
	sasl.client.callback.handler.class = null
	sasl.jaas.config = null
	sasl.kerberos.kinit.cmd = /usr/bin/kinit
	sasl.kerberos.min.time.before.relogin = 60000
	sasl.kerberos.service.name = null
	sasl.kerberos.ticket.renew.jitter = 0.05
	sasl.kerberos.ticket.renew.window.factor = 0.8
	sasl.login.callback.handler.class = null
	sasl.login.class = null
	sasl.login.connect.timeout.ms = null
	sasl.login.read.timeout.ms = null
	sasl.login.refresh.buffer.seconds = 300
	sasl.login.refresh.min.period.seconds = 60
	sasl.login.refresh.window.factor = 0.8
	sasl.login.refresh.window.jitter = 0.05
	sasl.login.retry.backoff.max.ms = 10000
	sasl.login.retry.backoff.ms = 100
	sasl.mechanism = GSSAPI
	sasl.oauthbearer.assertion.algorithm = RS256
	sasl.oauthbearer.assertion.claim.aud = null
	sasl.oauthbearer.assertion.claim.exp.seconds = 300
	sasl.oauthbearer.assertion.claim.iss = null
	sasl.oauthbearer.assertion.claim.jti.include = false
	sasl.oauthbearer.assertion.claim.nbf.seconds = 60
	sasl.oauthbearer.assertion.claim.sub = null
	sasl.oauthbearer.assertion.file = null
	sasl.oauthbearer.assertion.private.key.file = null
	sasl.oauthbearer.assertion.private.key.passphrase = null
	sasl.oauthbearer.assertion.template.file = null
	sasl.oauthbearer.client.credentials.client.id = null
	sasl.oauthbearer.client.credentials.client.secret = null
	sasl.oauthbearer.clock.skew.seconds = 30
	sasl.oauthbearer.expected.audience = null
	sasl.oauthbearer.expected.issuer = null
	sasl.oauthbearer.header.urlencode = false
	sasl.oauthbearer.jwks.endpoint.refresh.ms = 3600000
	sasl.oauthbearer.jwks.endpoint.retry.backoff.max.ms = 10000
	sasl.oauthbearer.jwks.endpoint.retry.backoff.ms = 100
	sasl.oauthbearer.jwks.endpoint.url = null
	sasl.oauthbearer.jwt.retriever.class = class org.apache.kafka.common.security.oauthbearer.DefaultJwtRetriever
	sasl.oauthbearer.jwt.validator.class = class org.apache.kafka.common.security.oauthbearer.DefaultJwtValidator
	sasl.oauthbearer.scope = null
	sasl.oauthbearer.scope.claim.name = scope
	sasl.oauthbearer.sub.claim.name = sub
	sasl.oauthbearer.token.endpoint.url = null
	security.protocol = PLAINTEXT
	security.providers = null
	send.buffer.bytes = 131072
	session.timeout.ms = 45000
	share.acknowledgement.mode = implicit
	socket.connection.setup.timeout.max.ms = 30000
	socket.connection.setup.timeout.ms = 10000
	ssl.cipher.suites = null
	ssl.enabled.protocols = [TLSv1.2, TLSv1.3]
	ssl.endpoint.identification.algorithm = https
	ssl.engine.factory.class = null
	ssl.key.password = null
	ssl.keymanager.algorithm = SunX509
	ssl.keystore.certificate.chain = null
	ssl.keystore.key = null
	ssl.keystore.location = null
	ssl.keystore.password = null
	ssl.keystore.type = JKS
	ssl.protocol = TLSv1.3
	ssl.provider = null
	ssl.secure.random.implementation = null
	ssl.trustmanager.algorithm = PKIX
	ssl.truststore.certificates = null
	ssl.truststore.location = null
	ssl.truststore.password = null
	ssl.truststore.type = JKS
	value.deserializer = class org.apache.kafka.common.serialization.StringDeserializer

2025-12-30 12:21:58 [main] INFO  o.a.k.c.t.i.KafkaMetricsCollector - initializing Kafka metrics collector
2025-12-30 12:21:58 [main] INFO  o.a.k.common.config.AbstractConfig - These configurations '[spring.deserializer.value.delegate.class, spring.deserializer.key.delegate.class]' were supplied but are not used yet.
2025-12-30 12:21:58 [main] INFO  o.a.kafka.common.utils.AppInfoParser - Kafka version: 4.1.1
2025-12-30 12:21:58 [main] INFO  o.a.kafka.common.utils.AppInfoParser - Kafka commitId: be816b82d25370ce
2025-12-30 12:21:58 [main] INFO  o.a.kafka.common.utils.AppInfoParser - Kafka startTimeMs: 1767079318345
2025-12-30 12:21:58 [main] INFO  o.a.k.c.c.i.ClassicKafkaConsumer - [Consumer clientId=consumer-parking-consumer-group-8, groupId=parking-consumer-group] Subscribed to topic(s): parking-violations
2025-12-30 12:21:58 [main] INFO  o.a.k.common.config.AbstractConfig - ConsumerConfig values: 
	allow.auto.create.topics = true
	auto.commit.interval.ms = 5000
	auto.offset.reset = earliest
	bootstrap.servers = [localhost:9092]
	check.crcs = true
	client.dns.lookup = use_all_dns_ips
	client.id = consumer-parking-consumer-group-9
	client.rack = 
	connections.max.idle.ms = 540000
	default.api.timeout.ms = 60000
	enable.auto.commit = true
	enable.metrics.push = true
	exclude.internal.topics = true
	fetch.max.bytes = 52428800
	fetch.max.wait.ms = 500
	fetch.min.bytes = 1
	group.id = parking-consumer-group
	group.instance.id = null
	group.protocol = classic
	group.remote.assignor = null
	heartbeat.interval.ms = 3000
	interceptor.classes = []
	internal.leave.group.on.close = true
	internal.throw.on.fetch.stable.offset.unsupported = false
	isolation.level = read_uncommitted
	key.deserializer = class org.apache.kafka.common.serialization.StringDeserializer
	max.partition.fetch.bytes = 1048576
	max.poll.interval.ms = 300000
	max.poll.records = 500
	metadata.max.age.ms = 300000
	metadata.recovery.rebootstrap.trigger.ms = 300000
	metadata.recovery.strategy = rebootstrap
	metric.reporters = [org.apache.kafka.common.metrics.JmxReporter]
	metrics.num.samples = 2
	metrics.recording.level = INFO
	metrics.sample.window.ms = 30000
	partition.assignment.strategy = [class org.apache.kafka.clients.consumer.RangeAssignor, class org.apache.kafka.clients.consumer.CooperativeStickyAssignor]
	receive.buffer.bytes = 65536
	reconnect.backoff.max.ms = 1000
	reconnect.backoff.ms = 50
	request.timeout.ms = 30000
	retry.backoff.max.ms = 1000
	retry.backoff.ms = 100
	sasl.client.callback.handler.class = null
	sasl.jaas.config = null
	sasl.kerberos.kinit.cmd = /usr/bin/kinit
	sasl.kerberos.min.time.before.relogin = 60000
	sasl.kerberos.service.name = null
	sasl.kerberos.ticket.renew.jitter = 0.05
	sasl.kerberos.ticket.renew.window.factor = 0.8
	sasl.login.callback.handler.class = null
	sasl.login.class = null
	sasl.login.connect.timeout.ms = null
	sasl.login.read.timeout.ms = null
	sasl.login.refresh.buffer.seconds = 300
	sasl.login.refresh.min.period.seconds = 60
	sasl.login.refresh.window.factor = 0.8
	sasl.login.refresh.window.jitter = 0.05
	sasl.login.retry.backoff.max.ms = 10000
	sasl.login.retry.backoff.ms = 100
	sasl.mechanism = GSSAPI
	sasl.oauthbearer.assertion.algorithm = RS256
	sasl.oauthbearer.assertion.claim.aud = null
	sasl.oauthbearer.assertion.claim.exp.seconds = 300
	sasl.oauthbearer.assertion.claim.iss = null
	sasl.oauthbearer.assertion.claim.jti.include = false
	sasl.oauthbearer.assertion.claim.nbf.seconds = 60
	sasl.oauthbearer.assertion.claim.sub = null
	sasl.oauthbearer.assertion.file = null
	sasl.oauthbearer.assertion.private.key.file = null
	sasl.oauthbearer.assertion.private.key.passphrase = null
	sasl.oauthbearer.assertion.template.file = null
	sasl.oauthbearer.client.credentials.client.id = null
	sasl.oauthbearer.client.credentials.client.secret = null
	sasl.oauthbearer.clock.skew.seconds = 30
	sasl.oauthbearer.expected.audience = null
	sasl.oauthbearer.expected.issuer = null
	sasl.oauthbearer.header.urlencode = false
	sasl.oauthbearer.jwks.endpoint.refresh.ms = 3600000
	sasl.oauthbearer.jwks.endpoint.retry.backoff.max.ms = 10000
	sasl.oauthbearer.jwks.endpoint.retry.backoff.ms = 100
	sasl.oauthbearer.jwks.endpoint.url = null
	sasl.oauthbearer.jwt.retriever.class = class org.apache.kafka.common.security.oauthbearer.DefaultJwtRetriever
	sasl.oauthbearer.jwt.validator.class = class org.apache.kafka.common.security.oauthbearer.DefaultJwtValidator
	sasl.oauthbearer.scope = null
	sasl.oauthbearer.scope.claim.name = scope
	sasl.oauthbearer.sub.claim.name = sub
	sasl.oauthbearer.token.endpoint.url = null
	security.protocol = PLAINTEXT
	security.providers = null
	send.buffer.bytes = 131072
	session.timeout.ms = 45000
	share.acknowledgement.mode = implicit
	socket.connection.setup.timeout.max.ms = 30000
	socket.connection.setup.timeout.ms = 10000
	ssl.cipher.suites = null
	ssl.enabled.protocols = [TLSv1.2, TLSv1.3]
	ssl.endpoint.identification.algorithm = https
	ssl.engine.factory.class = null
	ssl.key.password = null
	ssl.keymanager.algorithm = SunX509
	ssl.keystore.certificate.chain = null
	ssl.keystore.key = null
	ssl.keystore.location = null
	ssl.keystore.password = null
	ssl.keystore.type = JKS
	ssl.protocol = TLSv1.3
	ssl.provider = null
	ssl.secure.random.implementation = null
	ssl.trustmanager.algorithm = PKIX
	ssl.truststore.certificates = null
	ssl.truststore.location = null
	ssl.truststore.password = null
	ssl.truststore.type = JKS
	value.deserializer = class org.apache.kafka.common.serialization.StringDeserializer

2025-12-30 12:21:58 [main] INFO  o.a.k.c.t.i.KafkaMetricsCollector - initializing Kafka metrics collector
2025-12-30 12:21:58 [main] INFO  o.a.k.common.config.AbstractConfig - These configurations '[spring.deserializer.value.delegate.class, spring.deserializer.key.delegate.class]' were supplied but are not used yet.
2025-12-30 12:21:58 [main] INFO  o.a.kafka.common.utils.AppInfoParser - Kafka version: 4.1.1
2025-12-30 12:21:58 [main] INFO  o.a.kafka.common.utils.AppInfoParser - Kafka commitId: be816b82d25370ce
2025-12-30 12:21:58 [main] INFO  o.a.kafka.common.utils.AppInfoParser - Kafka startTimeMs: 1767079318357
2025-12-30 12:21:58 [main] INFO  o.a.k.c.c.i.ClassicKafkaConsumer - [Consumer clientId=consumer-parking-consumer-group-9, groupId=parking-consumer-group] Subscribed to topic(s): parking-violations
2025-12-30 12:21:58 [main] INFO  parking.SmartParkingApplication - Started SmartParkingApplication in 8.997 seconds (process running for 10.152)
2025-12-30 12:21:58 [org.springframework.kafka.KafkaListenerEndpointContainer#1-2-C-1] INFO  org.apache.kafka.clients.Metadata - [Consumer clientId=consumer-parking-consumer-group-9, groupId=parking-consumer-group] Cluster ID: U86WkiAgRy2dA16VTwDwkA
2025-12-30 12:21:58 [org.springframework.kafka.KafkaListenerEndpointContainer#0-0-C-1] INFO  org.apache.kafka.clients.Metadata - [Consumer clientId=consumer-parking-consumer-group-4, groupId=parking-consumer-group] Cluster ID: U86WkiAgRy2dA16VTwDwkA
2025-12-30 12:21:58 [org.springframework.kafka.KafkaListenerEndpointContainer#2-1-C-1] INFO  org.apache.kafka.clients.Metadata - [Consumer clientId=consumer-parking-consumer-group-2, groupId=parking-consumer-group] Cluster ID: U86WkiAgRy2dA16VTwDwkA
2025-12-30 12:21:58 [org.springframework.kafka.KafkaListenerEndpointContainer#1-1-C-1] INFO  org.apache.kafka.clients.Metadata - [Consumer clientId=consumer-parking-consumer-group-8, groupId=parking-consumer-group] Cluster ID: U86WkiAgRy2dA16VTwDwkA
2025-12-30 12:21:58 [org.springframework.kafka.KafkaListenerEndpointContainer#1-0-C-1] INFO  org.apache.kafka.clients.Metadata - [Consumer clientId=consumer-parking-consumer-group-7, groupId=parking-consumer-group] Cluster ID: U86WkiAgRy2dA16VTwDwkA
2025-12-30 12:21:58 [org.springframework.kafka.KafkaListenerEndpointContainer#2-2-C-1] INFO  org.apache.kafka.clients.Metadata - [Consumer clientId=consumer-parking-consumer-group-3, groupId=parking-consumer-group] Cluster ID: U86WkiAgRy2dA16VTwDwkA
2025-12-30 12:21:58 [org.springframework.kafka.KafkaListenerEndpointContainer#0-1-C-1] INFO  org.apache.kafka.clients.Metadata - [Consumer clientId=consumer-parking-consumer-group-5, groupId=parking-consumer-group] Cluster ID: U86WkiAgRy2dA16VTwDwkA
2025-12-30 12:21:58 [org.springframework.kafka.KafkaListenerEndpointContainer#2-0-C-1] INFO  org.apache.kafka.clients.Metadata - [Consumer clientId=consumer-parking-consumer-group-1, groupId=parking-consumer-group] Cluster ID: U86WkiAgRy2dA16VTwDwkA
2025-12-30 12:21:58 [org.springframework.kafka.KafkaListenerEndpointContainer#0-2-C-1] INFO  org.apache.kafka.clients.Metadata - [Consumer clientId=consumer-parking-consumer-group-6, groupId=parking-consumer-group] Cluster ID: U86WkiAgRy2dA16VTwDwkA
2025-12-30 12:21:58 [org.springframework.kafka.KafkaListenerEndpointContainer#1-1-C-1] INFO  o.a.k.c.c.i.ConsumerCoordinator - [Consumer clientId=consumer-parking-consumer-group-8, groupId=parking-consumer-group] Discovered group coordinator localhost:9092 (id: 2147483646 rack: null isFenced: false)
2025-12-30 12:21:58 [org.springframework.kafka.KafkaListenerEndpointContainer#0-1-C-1] INFO  o.a.k.c.c.i.ConsumerCoordinator - [Consumer clientId=consumer-parking-consumer-group-5, groupId=parking-consumer-group] Discovered group coordinator localhost:9092 (id: 2147483646 rack: null isFenced: false)
2025-12-30 12:21:58 [org.springframework.kafka.KafkaListenerEndpointContainer#0-0-C-1] INFO  o.a.k.c.c.i.ConsumerCoordinator - [Consumer clientId=consumer-parking-consumer-group-4, groupId=parking-consumer-group] Discovered group coordinator localhost:9092 (id: 2147483646 rack: null isFenced: false)
2025-12-30 12:21:58 [org.springframework.kafka.KafkaListenerEndpointContainer#2-2-C-1] INFO  o.a.k.c.c.i.ConsumerCoordinator - [Consumer clientId=consumer-parking-consumer-group-3, groupId=parking-consumer-group] Discovered group coordinator localhost:9092 (id: 2147483646 rack: null isFenced: false)
2025-12-30 12:21:58 [org.springframework.kafka.KafkaListenerEndpointContainer#2-1-C-1] INFO  o.a.k.c.c.i.ConsumerCoordinator - [Consumer clientId=consumer-parking-consumer-group-2, groupId=parking-consumer-group] Discovered group coordinator localhost:9092 (id: 2147483646 rack: null isFenced: false)
2025-12-30 12:21:58 [org.springframework.kafka.KafkaListenerEndpointContainer#0-2-C-1] INFO  o.a.k.c.c.i.ConsumerCoordinator - [Consumer clientId=consumer-parking-consumer-group-6, groupId=parking-consumer-group] Discovered group coordinator localhost:9092 (id: 2147483646 rack: null isFenced: false)
2025-12-30 12:21:58 [org.springframework.kafka.KafkaListenerEndpointContainer#1-2-C-1] INFO  o.a.k.c.c.i.ConsumerCoordinator - [Consumer clientId=consumer-parking-consumer-group-9, groupId=parking-consumer-group] Discovered group coordinator localhost:9092 (id: 2147483646 rack: null isFenced: false)
2025-12-30 12:21:58 [org.springframework.kafka.KafkaListenerEndpointContainer#2-0-C-1] INFO  o.a.k.c.c.i.ConsumerCoordinator - [Consumer clientId=consumer-parking-consumer-group-1, groupId=parking-consumer-group] Discovered group coordinator localhost:9092 (id: 2147483646 rack: null isFenced: false)
2025-12-30 12:21:58 [org.springframework.kafka.KafkaListenerEndpointContainer#1-0-C-1] INFO  o.a.k.c.c.i.ConsumerCoordinator - [Consumer clientId=consumer-parking-consumer-group-7, groupId=parking-consumer-group] Discovered group coordinator localhost:9092 (id: 2147483646 rack: null isFenced: false)
2025-12-30 12:21:58 [org.springframework.kafka.KafkaListenerEndpointContainer#0-2-C-1] INFO  o.a.k.c.c.i.ConsumerCoordinator - [Consumer clientId=consumer-parking-consumer-group-6, groupId=parking-consumer-group] (Re-)joining group
2025-12-30 12:21:58 [org.springframework.kafka.KafkaListenerEndpointContainer#2-2-C-1] INFO  o.a.k.c.c.i.ConsumerCoordinator - [Consumer clientId=consumer-parking-consumer-group-3, groupId=parking-consumer-group] (Re-)joining group
2025-12-30 12:21:58 [org.springframework.kafka.KafkaListenerEndpointContainer#2-1-C-1] INFO  o.a.k.c.c.i.ConsumerCoordinator - [Consumer clientId=consumer-parking-consumer-group-2, groupId=parking-consumer-group] (Re-)joining group
2025-12-30 12:21:58 [org.springframework.kafka.KafkaListenerEndpointContainer#1-0-C-1] INFO  o.a.k.c.c.i.ConsumerCoordinator - [Consumer clientId=consumer-parking-consumer-group-7, groupId=parking-consumer-group] (Re-)joining group
2025-12-30 12:21:58 [org.springframework.kafka.KafkaListenerEndpointContainer#2-0-C-1] INFO  o.a.k.c.c.i.ConsumerCoordinator - [Consumer clientId=consumer-parking-consumer-group-1, groupId=parking-consumer-group] (Re-)joining group
2025-12-30 12:21:58 [org.springframework.kafka.KafkaListenerEndpointContainer#1-1-C-1] INFO  o.a.k.c.c.i.ConsumerCoordinator - [Consumer clientId=consumer-parking-consumer-group-8, groupId=parking-consumer-group] (Re-)joining group
2025-12-30 12:21:58 [org.springframework.kafka.KafkaListenerEndpointContainer#1-2-C-1] INFO  o.a.k.c.c.i.ConsumerCoordinator - [Consumer clientId=consumer-parking-consumer-group-9, groupId=parking-consumer-group] (Re-)joining group
2025-12-30 12:21:58 [org.springframework.kafka.KafkaListenerEndpointContainer#0-1-C-1] INFO  o.a.k.c.c.i.ConsumerCoordinator - [Consumer clientId=consumer-parking-consumer-group-5, groupId=parking-consumer-group] (Re-)joining group
2025-12-30 12:21:58 [org.springframework.kafka.KafkaListenerEndpointContainer#0-0-C-1] INFO  o.a.k.c.c.i.ConsumerCoordinator - [Consumer clientId=consumer-parking-consumer-group-4, groupId=parking-consumer-group] (Re-)joining group
2025-12-30 12:21:58 [org.springframework.kafka.KafkaListenerEndpointContainer#1-1-C-1] INFO  o.a.k.c.c.i.ConsumerCoordinator - [Consumer clientId=consumer-parking-consumer-group-8, groupId=parking-consumer-group] Request joining group due to: need to re-join with the given member-id: consumer-parking-consumer-group-8-9726d65e-4b36-4dd7-b6b5-0064d02f5fe2
2025-12-30 12:21:58 [org.springframework.kafka.KafkaListenerEndpointContainer#1-0-C-1] INFO  o.a.k.c.c.i.ConsumerCoordinator - [Consumer clientId=consumer-parking-consumer-group-7, groupId=parking-consumer-group] Request joining group due to: need to re-join with the given member-id: consumer-parking-consumer-group-7-fe4a8726-261d-4400-94e5-69f96b133158
2025-12-30 12:21:58 [org.springframework.kafka.KafkaListenerEndpointContainer#2-1-C-1] INFO  o.a.k.c.c.i.ConsumerCoordinator - [Consumer clientId=consumer-parking-consumer-group-2, groupId=parking-consumer-group] Request joining group due to: need to re-join with the given member-id: consumer-parking-consumer-group-2-67be3628-0a12-4996-bb05-aa9ee01b22b3
2025-12-30 12:21:58 [org.springframework.kafka.KafkaListenerEndpointContainer#2-0-C-1] INFO  o.a.k.c.c.i.ConsumerCoordinator - [Consumer clientId=consumer-parking-consumer-group-1, groupId=parking-consumer-group] Request joining group due to: need to re-join with the given member-id: consumer-parking-consumer-group-1-eaa682ab-5c1f-40fe-8b32-72a85d28804c
2025-12-30 12:21:58 [org.springframework.kafka.KafkaListenerEndpointContainer#0-2-C-1] INFO  o.a.k.c.c.i.ConsumerCoordinator - [Consumer clientId=consumer-parking-consumer-group-6, groupId=parking-consumer-group] Request joining group due to: need to re-join with the given member-id: consumer-parking-consumer-group-6-03a623a0-c67c-4dab-af4c-589b82be6f4f
2025-12-30 12:21:58 [org.springframework.kafka.KafkaListenerEndpointContainer#2-2-C-1] INFO  o.a.k.c.c.i.ConsumerCoordinator - [Consumer clientId=consumer-parking-consumer-group-3, groupId=parking-consumer-group] Request joining group due to: need to re-join with the given member-id: consumer-parking-consumer-group-3-17e689c0-bbe6-456b-8e72-575c1bdb4c60
2025-12-30 12:21:58 [org.springframework.kafka.KafkaListenerEndpointContainer#2-1-C-1] INFO  o.a.k.c.c.i.ConsumerCoordinator - [Consumer clientId=consumer-parking-consumer-group-2, groupId=parking-consumer-group] (Re-)joining group
2025-12-30 12:21:58 [org.springframework.kafka.KafkaListenerEndpointContainer#0-0-C-1] INFO  o.a.k.c.c.i.ConsumerCoordinator - [Consumer clientId=consumer-parking-consumer-group-4, groupId=parking-consumer-group] Request joining group due to: need to re-join with the given member-id: consumer-parking-consumer-group-4-49ed3afd-ef7a-4c88-8880-93b35506356a
2025-12-30 12:21:58 [org.springframework.kafka.KafkaListenerEndpointContainer#1-1-C-1] INFO  o.a.k.c.c.i.ConsumerCoordinator - [Consumer clientId=consumer-parking-consumer-group-8, groupId=parking-consumer-group] (Re-)joining group
2025-12-30 12:21:58 [org.springframework.kafka.KafkaListenerEndpointContainer#2-0-C-1] INFO  o.a.k.c.c.i.ConsumerCoordinator - [Consumer clientId=consumer-parking-consumer-group-1, groupId=parking-consumer-group] (Re-)joining group
2025-12-30 12:21:58 [org.springframework.kafka.KafkaListenerEndpointContainer#1-0-C-1] INFO  o.a.k.c.c.i.ConsumerCoordinator - [Consumer clientId=consumer-parking-consumer-group-7, groupId=parking-consumer-group] (Re-)joining group
2025-12-30 12:21:58 [org.springframework.kafka.KafkaListenerEndpointContainer#2-2-C-1] INFO  o.a.k.c.c.i.ConsumerCoordinator - [Consumer clientId=consumer-parking-consumer-group-3, groupId=parking-consumer-group] (Re-)joining group
2025-12-30 12:21:58 [org.springframework.kafka.KafkaListenerEndpointContainer#0-2-C-1] INFO  o.a.k.c.c.i.ConsumerCoordinator - [Consumer clientId=consumer-parking-consumer-group-6, groupId=parking-consumer-group] (Re-)joining group
2025-12-30 12:21:58 [org.springframework.kafka.KafkaListenerEndpointContainer#0-1-C-1] INFO  o.a.k.c.c.i.ConsumerCoordinator - [Consumer clientId=consumer-parking-consumer-group-5, groupId=parking-consumer-group] Request joining group due to: need to re-join with the given member-id: consumer-parking-consumer-group-5-1cb19a5b-4228-4c4f-b5f0-7153cf5f363b
2025-12-30 12:21:58 [org.springframework.kafka.KafkaListenerEndpointContainer#0-0-C-1] INFO  o.a.k.c.c.i.ConsumerCoordinator - [Consumer clientId=consumer-parking-consumer-group-4, groupId=parking-consumer-group] (Re-)joining group
2025-12-30 12:21:58 [org.springframework.kafka.KafkaListenerEndpointContainer#0-1-C-1] INFO  o.a.k.c.c.i.ConsumerCoordinator - [Consumer clientId=consumer-parking-consumer-group-5, groupId=parking-consumer-group] (Re-)joining group
2025-12-30 12:21:58 [org.springframework.kafka.KafkaListenerEndpointContainer#1-2-C-1] INFO  o.a.k.c.c.i.ConsumerCoordinator - [Consumer clientId=consumer-parking-consumer-group-9, groupId=parking-consumer-group] Request joining group due to: need to re-join with the given member-id: consumer-parking-consumer-group-9-3147ac54-21cb-4f5d-9c52-e175a2e4d9c8
2025-12-30 12:21:58 [org.springframework.kafka.KafkaListenerEndpointContainer#1-2-C-1] INFO  o.a.k.c.c.i.ConsumerCoordinator - [Consumer clientId=consumer-parking-consumer-group-9, groupId=parking-consumer-group] (Re-)joining group
2025-12-30 12:22:00 [http-nio-8080-exec-8] DEBUG org.hibernate.SQL - 
    select
        ps1_0.id,
        ps1_0.current_vehicle_number,
        ps1_0.floor,
        ps1_0.last_updated,
        ps1_0.max_stay_minutes,
        ps1_0.occupied_since,
        ps1_0.reserved,
        ps1_0.slot_number,
        ps1_0.status,
        ps1_0.zone 
    from
        parking_slots ps1_0
2025-12-30 12:22:00 [http-nio-8080-exec-8] INFO  p.controller.ParkingController - Retrieved 8 parking slots
2025-12-30 12:22:00 [http-nio-8080-exec-10] INFO  p.controller.ParkingController - Fetching parking statistics
2025-12-30 12:22:00 [http-nio-8080-exec-10] DEBUG org.hibernate.SQL - 
    select
        count(*) 
    from
        parking_slots ps1_0
2025-12-30 12:22:00 [http-nio-8080-exec-10] DEBUG org.hibernate.SQL - 
    select
        count(ps1_0.id) 
    from
        parking_slots ps1_0 
    where
        ps1_0.status='VACANT'
2025-12-30 12:22:00 [http-nio-8080-exec-10] DEBUG org.hibernate.SQL - 
    select
        count(pv1_0.id) 
    from
        parking_violations pv1_0 
    where
        pv1_0.resolved=false
2025-12-30 12:22:00 [http-nio-8080-exec-10] INFO  parking.services.ParkingService - Parking Stats - Total: 8, Available: 8, Occupied: 0, Violations: 0, Occupancy Rate: 0.00%
2025-12-30 12:22:00 [http-nio-8080-exec-9] INFO  p.controller.ViolationController - Fetching active violations
2025-12-30 12:22:00 [http-nio-8080-exec-9] DEBUG org.hibernate.SQL - 
    select
        pv1_0.id,
        pv1_0.detected_at,
        pv1_0.entry_time,
        pv1_0.notes,
        pv1_0.overstay_minutes,
        pv1_0.resolved,
        pv1_0.resolved_at,
        pv1_0.slot_number,
        pv1_0.vehicle_number,
        pv1_0.violation_type 
    from
        parking_violations pv1_0 
    where
        pv1_0.resolved=false 
    order by
        pv1_0.detected_at desc
2025-12-30 12:22:00 [http-nio-8080-exec-9] INFO  p.services.ViolationDetectionService - Found 0 active violations
2025-12-30 12:22:01 [org.springframework.kafka.KafkaListenerEndpointContainer#1-0-C-1] INFO  o.a.k.c.c.i.ConsumerCoordinator - [Consumer clientId=consumer-parking-consumer-group-7, groupId=parking-consumer-group] Successfully joined group with generation Generation{generationId=33, memberId='consumer-parking-consumer-group-7-fe4a8726-261d-4400-94e5-69f96b133158', protocol='range'}
2025-12-30 12:22:01 [org.springframework.kafka.KafkaListenerEndpointContainer#2-2-C-1] INFO  o.a.k.c.c.i.ConsumerCoordinator - [Consumer clientId=consumer-parking-consumer-group-3, groupId=parking-consumer-group] Successfully joined group with generation Generation{generationId=33, memberId='consumer-parking-consumer-group-3-17e689c0-bbe6-456b-8e72-575c1bdb4c60', protocol='range'}
2025-12-30 12:22:01 [org.springframework.kafka.KafkaListenerEndpointContainer#0-2-C-1] INFO  o.a.k.c.c.i.ConsumerCoordinator - [Consumer clientId=consumer-parking-consumer-group-6, groupId=parking-consumer-group] Successfully joined group with generation Generation{generationId=33, memberId='consumer-parking-consumer-group-6-03a623a0-c67c-4dab-af4c-589b82be6f4f', protocol='range'}
2025-12-30 12:22:01 [org.springframework.kafka.KafkaListenerEndpointContainer#2-0-C-1] INFO  o.a.k.c.c.i.ConsumerCoordinator - [Consumer clientId=consumer-parking-consumer-group-1, groupId=parking-consumer-group] Successfully joined group with generation Generation{generationId=33, memberId='consumer-parking-consumer-group-1-eaa682ab-5c1f-40fe-8b32-72a85d28804c', protocol='range'}
2025-12-30 12:22:01 [org.springframework.kafka.KafkaListenerEndpointContainer#1-2-C-1] INFO  o.a.k.c.c.i.ConsumerCoordinator - [Consumer clientId=consumer-parking-consumer-group-9, groupId=parking-consumer-group] Successfully joined group with generation Generation{generationId=33, memberId='consumer-parking-consumer-group-9-3147ac54-21cb-4f5d-9c52-e175a2e4d9c8', protocol='range'}
2025-12-30 12:22:01 [org.springframework.kafka.KafkaListenerEndpointContainer#1-1-C-1] INFO  o.a.k.c.c.i.ConsumerCoordinator - [Consumer clientId=consumer-parking-consumer-group-8, groupId=parking-consumer-group] Successfully joined group with generation Generation{generationId=33, memberId='consumer-parking-consumer-group-8-9726d65e-4b36-4dd7-b6b5-0064d02f5fe2', protocol='range'}
2025-12-30 12:22:01 [org.springframework.kafka.KafkaListenerEndpointContainer#0-0-C-1] INFO  o.a.k.c.c.i.ConsumerCoordinator - [Consumer clientId=consumer-parking-consumer-group-4, groupId=parking-consumer-group] Successfully joined group with generation Generation{generationId=33, memberId='consumer-parking-consumer-group-4-49ed3afd-ef7a-4c88-8880-93b35506356a', protocol='range'}
2025-12-30 12:22:01 [org.springframework.kafka.KafkaListenerEndpointContainer#2-1-C-1] INFO  o.a.k.c.c.i.ConsumerCoordinator - [Consumer clientId=consumer-parking-consumer-group-2, groupId=parking-consumer-group] Successfully joined group with generation Generation{generationId=33, memberId='consumer-parking-consumer-group-2-67be3628-0a12-4996-bb05-aa9ee01b22b3', protocol='range'}
2025-12-30 12:22:01 [org.springframework.kafka.KafkaListenerEndpointContainer#0-1-C-1] INFO  o.a.k.c.c.i.ConsumerCoordinator - [Consumer clientId=consumer-parking-consumer-group-5, groupId=parking-consumer-group] Successfully joined group with generation Generation{generationId=33, memberId='consumer-parking-consumer-group-5-1cb19a5b-4228-4c4f-b5f0-7153cf5f363b', protocol='range'}
2025-12-30 12:22:01 [org.springframework.kafka.KafkaListenerEndpointContainer#0-2-C-1] INFO  o.a.k.c.c.i.ConsumerCoordinator - [Consumer clientId=consumer-parking-consumer-group-6, groupId=parking-consumer-group] Finished assignment for group at generation 33: {consumer-parking-consumer-group-1-eaa682ab-5c1f-40fe-8b32-72a85d28804c=Assignment(partitions=[parking-events-0]), consumer-parking-consumer-group-2-67be3628-0a12-4996-bb05-aa9ee01b22b3=Assignment(partitions=[parking-events-1]), consumer-parking-consumer-group-7-fe4a8726-261d-4400-94e5-69f96b133158=Assignment(partitions=[parking-violations-0]), consumer-parking-consumer-group-5-1cb19a5b-4228-4c4f-b5f0-7153cf5f363b=Assignment(partitions=[slot-updates-1]), consumer-parking-consumer-group-6-03a623a0-c67c-4dab-af4c-589b82be6f4f=Assignment(partitions=[slot-updates-2]), consumer-parking-consumer-group-9-3147ac54-21cb-4f5d-9c52-e175a2e4d9c8=Assignment(partitions=[parking-violations-2]), consumer-parking-consumer-group-3-17e689c0-bbe6-456b-8e72-575c1bdb4c60=Assignment(partitions=[parking-events-2]), consumer-parking-consumer-group-8-9726d65e-4b36-4dd7-b6b5-0064d02f5fe2=Assignment(partitions=[parking-violations-1]), consumer-parking-consumer-group-4-49ed3afd-ef7a-4c88-8880-93b35506356a=Assignment(partitions=[slot-updates-0])}
2025-12-30 12:22:02 [org.springframework.kafka.KafkaListenerEndpointContainer#2-1-C-1] INFO  o.a.k.c.c.i.ConsumerCoordinator - [Consumer clientId=consumer-parking-consumer-group-2, groupId=parking-consumer-group] Successfully synced group in generation Generation{generationId=33, memberId='consumer-parking-consumer-group-2-67be3628-0a12-4996-bb05-aa9ee01b22b3', protocol='range'}
2025-12-30 12:22:02 [org.springframework.kafka.KafkaListenerEndpointContainer#0-0-C-1] INFO  o.a.k.c.c.i.ConsumerCoordinator - [Consumer clientId=consumer-parking-consumer-group-4, groupId=parking-consumer-group] Successfully synced group in generation Generation{generationId=33, memberId='consumer-parking-consumer-group-4-49ed3afd-ef7a-4c88-8880-93b35506356a', protocol='range'}
2025-12-30 12:22:02 [org.springframework.kafka.KafkaListenerEndpointContainer#1-1-C-1] INFO  o.a.k.c.c.i.ConsumerCoordinator - [Consumer clientId=consumer-parking-consumer-group-8, groupId=parking-consumer-group] Successfully synced group in generation Generation{generationId=33, memberId='consumer-parking-consumer-group-8-9726d65e-4b36-4dd7-b6b5-0064d02f5fe2', protocol='range'}
2025-12-30 12:22:02 [org.springframework.kafka.KafkaListenerEndpointContainer#2-1-C-1] INFO  o.a.k.c.c.i.ConsumerCoordinator - [Consumer clientId=consumer-parking-consumer-group-2, groupId=parking-consumer-group] Notifying assignor about the new Assignment(partitions=[parking-events-1])
2025-12-30 12:22:02 [org.springframework.kafka.KafkaListenerEndpointContainer#1-1-C-1] INFO  o.a.k.c.c.i.ConsumerCoordinator - [Consumer clientId=consumer-parking-consumer-group-8, groupId=parking-consumer-group] Notifying assignor about the new Assignment(partitions=[parking-violations-1])
2025-12-30 12:22:02 [org.springframework.kafka.KafkaListenerEndpointContainer#0-0-C-1] INFO  o.a.k.c.c.i.ConsumerCoordinator - [Consumer clientId=consumer-parking-consumer-group-4, groupId=parking-consumer-group] Notifying assignor about the new Assignment(partitions=[slot-updates-0])
2025-12-30 12:22:02 [org.springframework.kafka.KafkaListenerEndpointContainer#1-2-C-1] INFO  o.a.k.c.c.i.ConsumerCoordinator - [Consumer clientId=consumer-parking-consumer-group-9, groupId=parking-consumer-group] Successfully synced group in generation Generation{generationId=33, memberId='consumer-parking-consumer-group-9-3147ac54-21cb-4f5d-9c52-e175a2e4d9c8', protocol='range'}
2025-12-30 12:22:02 [org.springframework.kafka.KafkaListenerEndpointContainer#0-1-C-1] INFO  o.a.k.c.c.i.ConsumerCoordinator - [Consumer clientId=consumer-parking-consumer-group-5, groupId=parking-consumer-group] Successfully synced group in generation Generation{generationId=33, memberId='consumer-parking-consumer-group-5-1cb19a5b-4228-4c4f-b5f0-7153cf5f363b', protocol='range'}
2025-12-30 12:22:02 [org.springframework.kafka.KafkaListenerEndpointContainer#2-2-C-1] INFO  o.a.k.c.c.i.ConsumerCoordinator - [Consumer clientId=consumer-parking-consumer-group-3, groupId=parking-consumer-group] Successfully synced group in generation Generation{generationId=33, memberId='consumer-parking-consumer-group-3-17e689c0-bbe6-456b-8e72-575c1bdb4c60', protocol='range'}
2025-12-30 12:22:02 [org.springframework.kafka.KafkaListenerEndpointContainer#1-0-C-1] INFO  o.a.k.c.c.i.ConsumerCoordinator - [Consumer clientId=consumer-parking-consumer-group-7, groupId=parking-consumer-group] Successfully synced group in generation Generation{generationId=33, memberId='consumer-parking-consumer-group-7-fe4a8726-261d-4400-94e5-69f96b133158', protocol='range'}
2025-12-30 12:22:02 [org.springframework.kafka.KafkaListenerEndpointContainer#0-2-C-1] INFO  o.a.k.c.c.i.ConsumerCoordinator - [Consumer clientId=consumer-parking-consumer-group-6, groupId=parking-consumer-group] Successfully synced group in generation Generation{generationId=33, memberId='consumer-parking-consumer-group-6-03a623a0-c67c-4dab-af4c-589b82be6f4f', protocol='range'}
2025-12-30 12:22:02 [org.springframework.kafka.KafkaListenerEndpointContainer#2-2-C-1] INFO  o.a.k.c.c.i.ConsumerCoordinator - [Consumer clientId=consumer-parking-consumer-group-3, groupId=parking-consumer-group] Notifying assignor about the new Assignment(partitions=[parking-events-2])
2025-12-30 12:22:02 [org.springframework.kafka.KafkaListenerEndpointContainer#1-2-C-1] INFO  o.a.k.c.c.i.ConsumerCoordinator - [Consumer clientId=consumer-parking-consumer-group-9, groupId=parking-consumer-group] Notifying assignor about the new Assignment(partitions=[parking-violations-2])
2025-12-30 12:22:02 [org.springframework.kafka.KafkaListenerEndpointContainer#2-0-C-1] INFO  o.a.k.c.c.i.ConsumerCoordinator - [Consumer clientId=consumer-parking-consumer-group-1, groupId=parking-consumer-group] Successfully synced group in generation Generation{generationId=33, memberId='consumer-parking-consumer-group-1-eaa682ab-5c1f-40fe-8b32-72a85d28804c', protocol='range'}
2025-12-30 12:22:02 [org.springframework.kafka.KafkaListenerEndpointContainer#0-1-C-1] INFO  o.a.k.c.c.i.ConsumerCoordinator - [Consumer clientId=consumer-parking-consumer-group-5, groupId=parking-consumer-group] Notifying assignor about the new Assignment(partitions=[slot-updates-1])
2025-12-30 12:22:02 [org.springframework.kafka.KafkaListenerEndpointContainer#1-0-C-1] INFO  o.a.k.c.c.i.ConsumerCoordinator - [Consumer clientId=consumer-parking-consumer-group-7, groupId=parking-consumer-group] Notifying assignor about the new Assignment(partitions=[parking-violations-0])
2025-12-30 12:22:02 [org.springframework.kafka.KafkaListenerEndpointContainer#0-2-C-1] INFO  o.a.k.c.c.i.ConsumerCoordinator - [Consumer clientId=consumer-parking-consumer-group-6, groupId=parking-consumer-group] Notifying assignor about the new Assignment(partitions=[slot-updates-2])
2025-12-30 12:22:02 [org.springframework.kafka.KafkaListenerEndpointContainer#2-0-C-1] INFO  o.a.k.c.c.i.ConsumerCoordinator - [Consumer clientId=consumer-parking-consumer-group-1, groupId=parking-consumer-group] Notifying assignor about the new Assignment(partitions=[parking-events-0])
2025-12-30 12:22:02 [org.springframework.kafka.KafkaListenerEndpointContainer#1-0-C-1] INFO  o.a.k.c.c.i.ConsumerRebalanceListenerInvoker - [Consumer clientId=consumer-parking-consumer-group-7, groupId=parking-consumer-group] Adding newly assigned partitions: [parking-violations-0]
2025-12-30 12:22:02 [org.springframework.kafka.KafkaListenerEndpointContainer#2-2-C-1] INFO  o.a.k.c.c.i.ConsumerRebalanceListenerInvoker - [Consumer clientId=consumer-parking-consumer-group-3, groupId=parking-consumer-group] Adding newly assigned partitions: [parking-events-2]
2025-12-30 12:22:02 [org.springframework.kafka.KafkaListenerEndpointContainer#0-1-C-1] INFO  o.a.k.c.c.i.ConsumerRebalanceListenerInvoker - [Consumer clientId=consumer-parking-consumer-group-5, groupId=parking-consumer-group] Adding newly assigned partitions: [slot-updates-1]
2025-12-30 12:22:02 [org.springframework.kafka.KafkaListenerEndpointContainer#2-0-C-1] INFO  o.a.k.c.c.i.ConsumerRebalanceListenerInvoker - [Consumer clientId=consumer-parking-consumer-group-1, groupId=parking-consumer-group] Adding newly assigned partitions: [parking-events-0]
2025-12-30 12:22:02 [org.springframework.kafka.KafkaListenerEndpointContainer#0-2-C-1] INFO  o.a.k.c.c.i.ConsumerRebalanceListenerInvoker - [Consumer clientId=consumer-parking-consumer-group-6, groupId=parking-consumer-group] Adding newly assigned partitions: [slot-updates-2]
2025-12-30 12:22:02 [org.springframework.kafka.KafkaListenerEndpointContainer#1-2-C-1] INFO  o.a.k.c.c.i.ConsumerRebalanceListenerInvoker - [Consumer clientId=consumer-parking-consumer-group-9, groupId=parking-consumer-group] Adding newly assigned partitions: [parking-violations-2]
2025-12-30 12:22:02 [org.springframework.kafka.KafkaListenerEndpointContainer#1-1-C-1] INFO  o.a.k.c.c.i.ConsumerRebalanceListenerInvoker - [Consumer clientId=consumer-parking-consumer-group-8, groupId=parking-consumer-group] Adding newly assigned partitions: [parking-violations-1]
2025-12-30 12:22:02 [org.springframework.kafka.KafkaListenerEndpointContainer#2-1-C-1] INFO  o.a.k.c.c.i.ConsumerRebalanceListenerInvoker - [Consumer clientId=consumer-parking-consumer-group-2, groupId=parking-consumer-group] Adding newly assigned partitions: [parking-events-1]
2025-12-30 12:22:02 [org.springframework.kafka.KafkaListenerEndpointContainer#0-0-C-1] INFO  o.a.k.c.c.i.ConsumerRebalanceListenerInvoker - [Consumer clientId=consumer-parking-consumer-group-4, groupId=parking-consumer-group] Adding newly assigned partitions: [slot-updates-0]
2025-12-30 12:22:02 [org.springframework.kafka.KafkaListenerEndpointContainer#0-1-C-1] INFO  o.a.k.c.c.internals.ConsumerUtils - Setting offset for partition slot-updates-1 to the committed offset FetchPosition{offset=0, offsetEpoch=Optional.empty, currentLeader=LeaderAndEpoch{leader=Optional[localhost:9092 (id: 1 rack: null isFenced: false)], epoch=16}}
2025-12-30 12:22:02 [org.springframework.kafka.KafkaListenerEndpointContainer#2-1-C-1] INFO  o.a.k.c.c.internals.ConsumerUtils - Setting offset for partition parking-events-1 to the committed offset FetchPosition{offset=0, offsetEpoch=Optional.empty, currentLeader=LeaderAndEpoch{leader=Optional[localhost:9092 (id: 1 rack: null isFenced: false)], epoch=16}}
2025-12-30 12:22:02 [org.springframework.kafka.KafkaListenerEndpointContainer#1-0-C-1] INFO  o.a.k.c.c.internals.ConsumerUtils - Setting offset for partition parking-violations-0 to the committed offset FetchPosition{offset=832, offsetEpoch=Optional[14], currentLeader=LeaderAndEpoch{leader=Optional[localhost:9092 (id: 1 rack: null isFenced: false)], epoch=16}}
2025-12-30 12:22:02 [org.springframework.kafka.KafkaListenerEndpointContainer#2-0-C-1] INFO  o.a.k.c.c.internals.ConsumerUtils - Setting offset for partition parking-events-0 to the committed offset FetchPosition{offset=0, offsetEpoch=Optional.empty, currentLeader=LeaderAndEpoch{leader=Optional[localhost:9092 (id: 1 rack: null isFenced: false)], epoch=16}}
2025-12-30 12:22:02 [org.springframework.kafka.KafkaListenerEndpointContainer#0-0-C-1] INFO  o.a.k.c.c.internals.ConsumerUtils - Setting offset for partition slot-updates-0 to the committed offset FetchPosition{offset=0, offsetEpoch=Optional.empty, currentLeader=LeaderAndEpoch{leader=Optional[localhost:9092 (id: 1 rack: null isFenced: false)], epoch=16}}
2025-12-30 12:22:02 [org.springframework.kafka.KafkaListenerEndpointContainer#0-2-C-1] INFO  o.a.k.c.c.internals.ConsumerUtils - Setting offset for partition slot-updates-2 to the committed offset FetchPosition{offset=0, offsetEpoch=Optional.empty, currentLeader=LeaderAndEpoch{leader=Optional[localhost:9092 (id: 1 rack: null isFenced: false)], epoch=16}}
2025-12-30 12:22:02 [org.springframework.kafka.KafkaListenerEndpointContainer#1-2-C-1] INFO  o.a.k.c.c.internals.ConsumerUtils - Setting offset for partition parking-violations-2 to the committed offset FetchPosition{offset=5, offsetEpoch=Optional[14], currentLeader=LeaderAndEpoch{leader=Optional[localhost:9092 (id: 1 rack: null isFenced: false)], epoch=16}}
2025-12-30 12:22:02 [org.springframework.kafka.KafkaListenerEndpointContainer#1-1-C-1] INFO  o.a.k.c.c.internals.ConsumerUtils - Setting offset for partition parking-violations-1 to the committed offset FetchPosition{offset=415, offsetEpoch=Optional[0], currentLeader=LeaderAndEpoch{leader=Optional[localhost:9092 (id: 1 rack: null isFenced: false)], epoch=16}}
2025-12-30 12:22:02 [org.springframework.kafka.KafkaListenerEndpointContainer#2-2-C-1] INFO  o.a.k.c.c.internals.ConsumerUtils - Setting offset for partition parking-events-2 to the committed offset FetchPosition{offset=0, offsetEpoch=Optional.empty, currentLeader=LeaderAndEpoch{leader=Optional[localhost:9092 (id: 1 rack: null isFenced: false)], epoch=16}}
2025-12-30 12:22:02 [org.springframework.kafka.KafkaListenerEndpointContainer#2-2-C-1] INFO  o.s.k.l.KafkaMessageListenerContainer - parking-consumer-group: partitions assigned: [parking-events-2]
2025-12-30 12:22:02 [org.springframework.kafka.KafkaListenerEndpointContainer#2-0-C-1] INFO  o.s.k.l.KafkaMessageListenerContainer - parking-consumer-group: partitions assigned: [parking-events-0]
2025-12-30 12:22:02 [org.springframework.kafka.KafkaListenerEndpointContainer#2-1-C-1] INFO  o.s.k.l.KafkaMessageListenerContainer - parking-consumer-group: partitions assigned: [parking-events-1]
2025-12-30 12:22:02 [org.springframework.kafka.KafkaListenerEndpointContainer#0-1-C-1] INFO  o.s.k.l.KafkaMessageListenerContainer - parking-consumer-group: partitions assigned: [slot-updates-1]
2025-12-30 12:22:02 [org.springframework.kafka.KafkaListenerEndpointContainer#0-0-C-1] INFO  o.s.k.l.KafkaMessageListenerContainer - parking-consumer-group: partitions assigned: [slot-updates-0]
2025-12-30 12:22:02 [org.springframework.kafka.KafkaListenerEndpointContainer#0-2-C-1] INFO  o.s.k.l.KafkaMessageListenerContainer - parking-consumer-group: partitions assigned: [slot-updates-2]
2025-12-30 12:22:02 [org.springframework.kafka.KafkaListenerEndpointContainer#1-0-C-1] INFO  o.s.k.l.KafkaMessageListenerContainer - parking-consumer-group: partitions assigned: [parking-violations-0]
2025-12-30 12:22:02 [org.springframework.kafka.KafkaListenerEndpointContainer#1-2-C-1] INFO  o.s.k.l.KafkaMessageListenerContainer - parking-consumer-group: partitions assigned: [parking-violations-2]
2025-12-30 12:22:02 [org.springframework.kafka.KafkaListenerEndpointContainer#1-1-C-1] INFO  o.s.k.l.KafkaMessageListenerContainer - parking-consumer-group: partitions assigned: [parking-violations-1]
2025-12-30 12:22:03 [http-nio-8080-exec-1] DEBUG org.hibernate.SQL - 
    select
        ps1_0.id,
        ps1_0.current_vehicle_number,
        ps1_0.floor,
        ps1_0.last_updated,
        ps1_0.max_stay_minutes,
        ps1_0.occupied_since,
        ps1_0.reserved,
        ps1_0.slot_number,
        ps1_0.status,
        ps1_0.zone 
    from
        parking_slots ps1_0
2025-12-30 12:22:03 [http-nio-8080-exec-1] INFO  p.controller.ParkingController - Retrieved 8 parking slots
2025-12-30 12:22:03 [http-nio-8080-exec-2] INFO  p.controller.ParkingController - Fetching parking statistics
2025-12-30 12:22:03 [http-nio-8080-exec-2] DEBUG org.hibernate.SQL - 
    select
        count(*) 
    from
        parking_slots ps1_0
2025-12-30 12:22:03 [http-nio-8080-exec-2] DEBUG org.hibernate.SQL - 
    select
        count(ps1_0.id) 
    from
        parking_slots ps1_0 
    where
        ps1_0.status='VACANT'
2025-12-30 12:22:03 [http-nio-8080-exec-2] DEBUG org.hibernate.SQL - 
    select
        count(pv1_0.id) 
    from
        parking_violations pv1_0 
    where
        pv1_0.resolved=false
2025-12-30 12:22:03 [http-nio-8080-exec-2] INFO  parking.services.ParkingService - Parking Stats - Total: 8, Available: 8, Occupied: 0, Violations: 0, Occupancy Rate: 0.00%
2025-12-30 12:22:03 [http-nio-8080-exec-3] INFO  p.controller.ViolationController - Fetching active violations
2025-12-30 12:22:03 [http-nio-8080-exec-3] DEBUG org.hibernate.SQL - 
    select
        pv1_0.id,
        pv1_0.detected_at,
        pv1_0.entry_time,
        pv1_0.notes,
        pv1_0.overstay_minutes,
        pv1_0.resolved,
        pv1_0.resolved_at,
        pv1_0.slot_number,
        pv1_0.vehicle_number,
        pv1_0.violation_type 
    from
        parking_violations pv1_0 
    where
        pv1_0.resolved=false 
    order by
        pv1_0.detected_at desc
2025-12-30 12:22:03 [http-nio-8080-exec-3] INFO  p.services.ViolationDetectionService - Found 0 active violations
2025-12-30 12:22:10 [http-nio-8080-exec-6] DEBUG org.hibernate.SQL - 
    select
        ps1_0.id,
        ps1_0.current_vehicle_number,
        ps1_0.floor,
        ps1_0.last_updated,
        ps1_0.max_stay_minutes,
        ps1_0.occupied_since,
        ps1_0.reserved,
        ps1_0.slot_number,
        ps1_0.status,
        ps1_0.zone 
    from
        parking_slots ps1_0
2025-12-30 12:22:10 [http-nio-8080-exec-6] INFO  p.controller.ParkingController - Retrieved 8 parking slots
2025-12-30 12:22:10 [http-nio-8080-exec-7] INFO  p.controller.ParkingController - Fetching parking statistics
2025-12-30 12:22:10 [http-nio-8080-exec-7] DEBUG org.hibernate.SQL - 
    select
        count(*) 
    from
        parking_slots ps1_0
2025-12-30 12:22:10 [http-nio-8080-exec-7] DEBUG org.hibernate.SQL - 
    select
        count(ps1_0.id) 
    from
        parking_slots ps1_0 
    where
        ps1_0.status='VACANT'
2025-12-30 12:22:10 [http-nio-8080-exec-7] DEBUG org.hibernate.SQL - 
    select
        count(pv1_0.id) 
    from
        parking_violations pv1_0 
    where
        pv1_0.resolved=false
2025-12-30 12:22:10 [http-nio-8080-exec-7] INFO  parking.services.ParkingService - Parking Stats - Total: 8, Available: 8, Occupied: 0, Violations: 0, Occupancy Rate: 0.00%
2025-12-30 12:22:10 [http-nio-8080-exec-5] INFO  p.controller.ViolationController - Fetching active violations
2025-12-30 12:22:10 [http-nio-8080-exec-5] DEBUG org.hibernate.SQL - 
    select
        pv1_0.id,
        pv1_0.detected_at,
        pv1_0.entry_time,
        pv1_0.notes,
        pv1_0.overstay_minutes,
        pv1_0.resolved,
        pv1_0.resolved_at,
        pv1_0.slot_number,
        pv1_0.vehicle_number,
        pv1_0.violation_type 
    from
        parking_violations pv1_0 
    where
        pv1_0.resolved=false 
    order by
        pv1_0.detected_at desc
2025-12-30 12:22:10 [http-nio-8080-exec-5] INFO  p.services.ViolationDetectionService - Found 0 active violations
2025-12-30 12:22:11 [http-nio-8080-exec-8] DEBUG org.hibernate.SQL - 
    select
        ps1_0.id,
        ps1_0.current_vehicle_number,
        ps1_0.floor,
        ps1_0.last_updated,
        ps1_0.max_stay_minutes,
        ps1_0.occupied_since,
        ps1_0.reserved,
        ps1_0.slot_number,
        ps1_0.status,
        ps1_0.zone 
    from
        parking_slots ps1_0
2025-12-30 12:22:11 [http-nio-8080-exec-8] INFO  p.controller.ParkingController - Retrieved 8 parking slots
2025-12-30 12:22:11 [http-nio-8080-exec-10] INFO  p.controller.ParkingController - Fetching parking statistics
2025-12-30 12:22:11 [http-nio-8080-exec-10] DEBUG org.hibernate.SQL - 
    select
        count(*) 
    from
        parking_slots ps1_0
2025-12-30 12:22:11 [http-nio-8080-exec-10] DEBUG org.hibernate.SQL - 
    select
        count(ps1_0.id) 
    from
        parking_slots ps1_0 
    where
        ps1_0.status='VACANT'
2025-12-30 12:22:11 [http-nio-8080-exec-10] DEBUG org.hibernate.SQL - 
    select
        count(pv1_0.id) 
    from
        parking_violations pv1_0 
    where
        pv1_0.resolved=false
2025-12-30 12:22:11 [http-nio-8080-exec-10] INFO  parking.services.ParkingService - Parking Stats - Total: 8, Available: 8, Occupied: 0, Violations: 0, Occupancy Rate: 0.00%
2025-12-30 12:22:11 [http-nio-8080-exec-9] INFO  p.controller.ViolationController - Fetching active violations
2025-12-30 12:22:11 [http-nio-8080-exec-9] DEBUG org.hibernate.SQL - 
    select
        pv1_0.id,
        pv1_0.detected_at,
        pv1_0.entry_time,
        pv1_0.notes,
        pv1_0.overstay_minutes,
        pv1_0.resolved,
        pv1_0.resolved_at,
        pv1_0.slot_number,
        pv1_0.vehicle_number,
        pv1_0.violation_type 
    from
        parking_violations pv1_0 
    where
        pv1_0.resolved=false 
    order by
        pv1_0.detected_at desc
2025-12-30 12:22:11 [http-nio-8080-exec-9] INFO  p.services.ViolationDetectionService - Found 0 active violations
2025-12-30 12:22:14 [http-nio-8080-exec-2] DEBUG org.hibernate.SQL - 
    select
        ps1_0.id,
        ps1_0.current_vehicle_number,
        ps1_0.floor,
        ps1_0.last_updated,
        ps1_0.max_stay_minutes,
        ps1_0.occupied_since,
        ps1_0.reserved,
        ps1_0.slot_number,
        ps1_0.status,
        ps1_0.zone 
    from
        parking_slots ps1_0
2025-12-30 12:22:14 [http-nio-8080-exec-3] INFO  p.controller.ParkingController - Fetching parking statistics
2025-12-30 12:22:14 [http-nio-8080-exec-6] INFO  p.controller.ViolationController - Fetching active violations
2025-12-30 12:22:14 [http-nio-8080-exec-3] DEBUG org.hibernate.SQL - 
    select
        count(*) 
    from
        parking_slots ps1_0
2025-12-30 12:22:14 [http-nio-8080-exec-6] DEBUG org.hibernate.SQL - 
    select
        pv1_0.id,
        pv1_0.detected_at,
        pv1_0.entry_time,
        pv1_0.notes,
        pv1_0.overstay_minutes,
        pv1_0.resolved,
        pv1_0.resolved_at,
        pv1_0.slot_number,
        pv1_0.vehicle_number,
        pv1_0.violation_type 
    from
        parking_violations pv1_0 
    where
        pv1_0.resolved=false 
    order by
        pv1_0.detected_at desc
2025-12-30 12:22:14 [http-nio-8080-exec-4] DEBUG org.hibernate.SQL - 
    select
        pe1_0.id,
        pe1_0.additional_info,
        pe1_0.duration_minutes,
        pe1_0.event_type,
        pe1_0.slot_number,
        pe1_0.timestamp,
        pe1_0.vehicle_number 
    from
        parking_events pe1_0
2025-12-30 12:22:14 [http-nio-8080-exec-2] INFO  p.controller.ParkingController - Retrieved 8 parking slots
2025-12-30 12:22:14 [http-nio-8080-exec-3] DEBUG org.hibernate.SQL - 
    select
        count(ps1_0.id) 
    from
        parking_slots ps1_0 
    where
        ps1_0.status='VACANT'
2025-12-30 12:22:14 [http-nio-8080-exec-6] INFO  p.services.ViolationDetectionService - Found 0 active violations
2025-12-30 12:22:14 [http-nio-8080-exec-3] DEBUG org.hibernate.SQL - 
    select
        count(pv1_0.id) 
    from
        parking_violations pv1_0 
    where
        pv1_0.resolved=false
2025-12-30 12:22:14 [http-nio-8080-exec-4] INFO  p.controller.ParkingController - Retrieved 0 parking events
2025-12-30 12:22:14 [http-nio-8080-exec-3] INFO  parking.services.ParkingService - Parking Stats - Total: 8, Available: 8, Occupied: 0, Violations: 0, Occupancy Rate: 0.00%
2025-12-30 12:22:14 [http-nio-8080-exec-7] DEBUG org.hibernate.SQL - 
    select
        ps1_0.id,
        ps1_0.current_vehicle_number,
        ps1_0.floor,
        ps1_0.last_updated,
        ps1_0.max_stay_minutes,
        ps1_0.occupied_since,
        ps1_0.reserved,
        ps1_0.slot_number,
        ps1_0.status,
        ps1_0.zone 
    from
        parking_slots ps1_0
2025-12-30 12:22:14 [http-nio-8080-exec-7] INFO  p.controller.ParkingController - Retrieved 8 parking slots
2025-12-30 12:22:14 [http-nio-8080-exec-5] INFO  p.controller.ParkingController - Fetching parking statistics
2025-12-30 12:22:14 [http-nio-8080-exec-5] DEBUG org.hibernate.SQL - 
    select
        count(*) 
    from
        parking_slots ps1_0
2025-12-30 12:22:14 [http-nio-8080-exec-5] DEBUG org.hibernate.SQL - 
    select
        count(ps1_0.id) 
    from
        parking_slots ps1_0 
    where
        ps1_0.status='VACANT'
2025-12-30 12:22:14 [http-nio-8080-exec-5] DEBUG org.hibernate.SQL - 
    select
        count(pv1_0.id) 
    from
        parking_violations pv1_0 
    where
        pv1_0.resolved=false
2025-12-30 12:22:14 [http-nio-8080-exec-5] INFO  parking.services.ParkingService - Parking Stats - Total: 8, Available: 8, Occupied: 0, Violations: 0, Occupancy Rate: 0.00%
2025-12-30 12:22:14 [http-nio-8080-exec-8] INFO  p.controller.ViolationController - Fetching active violations
2025-12-30 12:22:14 [http-nio-8080-exec-8] DEBUG org.hibernate.SQL - 
    select
        pv1_0.id,
        pv1_0.detected_at,
        pv1_0.entry_time,
        pv1_0.notes,
        pv1_0.overstay_minutes,
        pv1_0.resolved,
        pv1_0.resolved_at,
        pv1_0.slot_number,
        pv1_0.vehicle_number,
        pv1_0.violation_type 
    from
        parking_violations pv1_0 
    where
        pv1_0.resolved=false 
    order by
        pv1_0.detected_at desc
2025-12-30 12:22:14 [http-nio-8080-exec-8] INFO  p.services.ViolationDetectionService - Found 0 active violations
2025-12-30 12:22:17 [http-nio-8080-exec-10] DEBUG org.hibernate.SQL - 
    select
        ps1_0.id,
        ps1_0.current_vehicle_number,
        ps1_0.floor,
        ps1_0.last_updated,
        ps1_0.max_stay_minutes,
        ps1_0.occupied_since,
        ps1_0.reserved,
        ps1_0.slot_number,
        ps1_0.status,
        ps1_0.zone 
    from
        parking_slots ps1_0
2025-12-30 12:22:17 [http-nio-8080-exec-10] INFO  p.controller.ParkingController - Retrieved 8 parking slots
2025-12-30 12:22:17 [http-nio-8080-exec-1] INFO  parking.controller.StreamController - === New SSE connection request for violations ===
2025-12-30 12:22:17 [http-nio-8080-exec-9] INFO  parking.controller.StreamController - === New SSE connection request for slot updates ===
2025-12-30 12:22:17 [http-nio-8080-exec-9] INFO  parking.services.SSEService - Creating new SSE emitter for slot updates
2025-12-30 12:22:17 [http-nio-8080-exec-1] INFO  parking.services.SSEService - Creating new SSE emitter for violation updates
2025-12-30 12:22:17 [http-nio-8080-exec-1] INFO  parking.services.SSEService - New SSE violation emitter created. Total active violation emitters: 1
2025-12-30 12:22:17 [http-nio-8080-exec-9] INFO  parking.services.SSEService - New SSE slot emitter created. Total active slot emitters: 1
2025-12-30 12:22:17 [http-nio-8080-exec-2] INFO  p.controller.ParkingController - Fetching parking statistics
2025-12-30 12:22:17 [http-nio-8080-exec-2] DEBUG org.hibernate.SQL - 
    select
        count(*) 
    from
        parking_slots ps1_0
2025-12-30 12:22:17 [http-nio-8080-exec-4] INFO  p.controller.ViolationController - Fetching active violations
2025-12-30 12:22:17 [http-nio-8080-exec-6] DEBUG org.hibernate.SQL - 
    select
        pe1_0.id,
        pe1_0.additional_info,
        pe1_0.duration_minutes,
        pe1_0.event_type,
        pe1_0.slot_number,
        pe1_0.timestamp,
        pe1_0.vehicle_number 
    from
        parking_events pe1_0
2025-12-30 12:22:17 [http-nio-8080-exec-4] DEBUG org.hibernate.SQL - 
    select
        pv1_0.id,
        pv1_0.detected_at,
        pv1_0.entry_time,
        pv1_0.notes,
        pv1_0.overstay_minutes,
        pv1_0.resolved,
        pv1_0.resolved_at,
        pv1_0.slot_number,
        pv1_0.vehicle_number,
        pv1_0.violation_type 
    from
        parking_violations pv1_0 
    where
        pv1_0.resolved=false 
    order by
        pv1_0.detected_at desc
2025-12-30 12:22:17 [http-nio-8080-exec-2] DEBUG org.hibernate.SQL - 
    select
        count(ps1_0.id) 
    from
        parking_slots ps1_0 
    where
        ps1_0.status='VACANT'
2025-12-30 12:22:17 [http-nio-8080-exec-6] INFO  p.controller.ParkingController - Retrieved 0 parking events
2025-12-30 12:22:17 [http-nio-8080-exec-2] DEBUG org.hibernate.SQL - 
    select
        count(pv1_0.id) 
    from
        parking_violations pv1_0 
    where
        pv1_0.resolved=false
2025-12-30 12:22:17 [http-nio-8080-exec-4] INFO  p.services.ViolationDetectionService - Found 0 active violations
2025-12-30 12:22:17 [http-nio-8080-exec-2] INFO  parking.services.ParkingService - Parking Stats - Total: 8, Available: 8, Occupied: 0, Violations: 0, Occupancy Rate: 0.00%
2025-12-30 12:22:27 [http-nio-8080-exec-10] INFO  p.controller.ParkingController - === Received parking event request ===
2025-12-30 12:22:27 [http-nio-8080-exec-10] INFO  p.controller.ParkingController - Slot: A1, Vehicle: ABC-1234, Type: ENTRY
2025-12-30 12:22:27 [http-nio-8080-exec-10] INFO  p.services.KafkaProducerService - Sending parking event to Kafka topic: parking-events
2025-12-30 12:22:27 [http-nio-8080-exec-10] INFO  o.a.k.common.config.AbstractConfig - ProducerConfig values: 
	acks = -1
	batch.size = 16384
	bootstrap.servers = [localhost:9092]
	buffer.memory = 33554432
	client.dns.lookup = use_all_dns_ips
	client.id = smart parking-producer-1
	compression.gzip.level = -1
	compression.lz4.level = 9
	compression.type = none
	compression.zstd.level = 3
	connections.max.idle.ms = 540000
	delivery.timeout.ms = 120000
	enable.idempotence = true
	enable.metrics.push = true
	interceptor.classes = []
	key.serializer = class org.apache.kafka.common.serialization.StringSerializer
	linger.ms = 5
	max.block.ms = 60000
	max.in.flight.requests.per.connection = 5
	max.request.size = 1048576
	metadata.max.age.ms = 300000
	metadata.max.idle.ms = 300000
	metadata.recovery.rebootstrap.trigger.ms = 300000
	metadata.recovery.strategy = rebootstrap
	metric.reporters = [org.apache.kafka.common.metrics.JmxReporter]
	metrics.num.samples = 2
	metrics.recording.level = INFO
	metrics.sample.window.ms = 30000
	partitioner.adaptive.partitioning.enable = true
	partitioner.availability.timeout.ms = 0
	partitioner.class = null
	partitioner.ignore.keys = false
	receive.buffer.bytes = 32768
	reconnect.backoff.max.ms = 1000
	reconnect.backoff.ms = 50
	request.timeout.ms = 30000
	retries = 2147483647
	retry.backoff.max.ms = 1000
	retry.backoff.ms = 100
	sasl.client.callback.handler.class = null
	sasl.jaas.config = null
	sasl.kerberos.kinit.cmd = /usr/bin/kinit
	sasl.kerberos.min.time.before.relogin = 60000
	sasl.kerberos.service.name = null
	sasl.kerberos.ticket.renew.jitter = 0.05
	sasl.kerberos.ticket.renew.window.factor = 0.8
	sasl.login.callback.handler.class = null
	sasl.login.class = null
	sasl.login.connect.timeout.ms = null
	sasl.login.read.timeout.ms = null
	sasl.login.refresh.buffer.seconds = 300
	sasl.login.refresh.min.period.seconds = 60
	sasl.login.refresh.window.factor = 0.8
	sasl.login.refresh.window.jitter = 0.05
	sasl.login.retry.backoff.max.ms = 10000
	sasl.login.retry.backoff.ms = 100
	sasl.mechanism = GSSAPI
	sasl.oauthbearer.assertion.algorithm = RS256
	sasl.oauthbearer.assertion.claim.aud = null
	sasl.oauthbearer.assertion.claim.exp.seconds = 300
	sasl.oauthbearer.assertion.claim.iss = null
	sasl.oauthbearer.assertion.claim.jti.include = false
	sasl.oauthbearer.assertion.claim.nbf.seconds = 60
	sasl.oauthbearer.assertion.claim.sub = null
	sasl.oauthbearer.assertion.file = null
	sasl.oauthbearer.assertion.private.key.file = null
	sasl.oauthbearer.assertion.private.key.passphrase = null
	sasl.oauthbearer.assertion.template.file = null
	sasl.oauthbearer.client.credentials.client.id = null
	sasl.oauthbearer.client.credentials.client.secret = null
	sasl.oauthbearer.clock.skew.seconds = 30
	sasl.oauthbearer.expected.audience = null
	sasl.oauthbearer.expected.issuer = null
	sasl.oauthbearer.header.urlencode = false
	sasl.oauthbearer.jwks.endpoint.refresh.ms = 3600000
	sasl.oauthbearer.jwks.endpoint.retry.backoff.max.ms = 10000
	sasl.oauthbearer.jwks.endpoint.retry.backoff.ms = 100
	sasl.oauthbearer.jwks.endpoint.url = null
	sasl.oauthbearer.jwt.retriever.class = class org.apache.kafka.common.security.oauthbearer.DefaultJwtRetriever
	sasl.oauthbearer.jwt.validator.class = class org.apache.kafka.common.security.oauthbearer.DefaultJwtValidator
	sasl.oauthbearer.scope = null
	sasl.oauthbearer.scope.claim.name = scope
	sasl.oauthbearer.sub.claim.name = sub
	sasl.oauthbearer.token.endpoint.url = null
	security.protocol = PLAINTEXT
	security.providers = null
	send.buffer.bytes = 131072
	socket.connection.setup.timeout.max.ms = 30000
	socket.connection.setup.timeout.ms = 10000
	ssl.cipher.suites = null
	ssl.enabled.protocols = [TLSv1.2, TLSv1.3]
	ssl.endpoint.identification.algorithm = https
	ssl.engine.factory.class = null
	ssl.key.password = null
	ssl.keymanager.algorithm = SunX509
	ssl.keystore.certificate.chain = null
	ssl.keystore.key = null
	ssl.keystore.location = null
	ssl.keystore.password = null
	ssl.keystore.type = JKS
	ssl.protocol = TLSv1.3
	ssl.provider = null
	ssl.secure.random.implementation = null
	ssl.trustmanager.algorithm = PKIX
	ssl.truststore.certificates = null
	ssl.truststore.location = null
	ssl.truststore.password = null
	ssl.truststore.type = JKS
	transaction.timeout.ms = 60000
	transaction.two.phase.commit.enable = false
	transactional.id = null
	value.serializer = class com.fasterxml.jackson.databind.JsonSerializer

2025-12-30 12:22:27 [http-nio-8080-exec-10] INFO  o.a.k.c.t.i.KafkaMetricsCollector - initializing Kafka metrics collector
2025-12-30 12:22:27 [http-nio-8080-exec-10] INFO  o.a.k.clients.producer.KafkaProducer - [Producer clientId=smart parking-producer-1] Closing the Kafka producer with timeoutMillis = 0 ms.
2025-12-30 12:22:27 [http-nio-8080-exec-10] INFO  o.a.kafka.common.metrics.Metrics - Metrics scheduler closed
2025-12-30 12:22:27 [http-nio-8080-exec-10] INFO  o.a.kafka.common.metrics.Metrics - Closing reporter org.apache.kafka.common.metrics.JmxReporter
2025-12-30 12:22:27 [http-nio-8080-exec-10] INFO  o.a.kafka.common.metrics.Metrics - Closing reporter org.apache.kafka.common.telemetry.internals.ClientTelemetryReporter
2025-12-30 12:22:27 [http-nio-8080-exec-10] INFO  o.a.kafka.common.metrics.Metrics - Metrics reporters closed
2025-12-30 12:22:27 [http-nio-8080-exec-10] INFO  o.a.kafka.common.utils.AppInfoParser - App info kafka.producer for smart parking-producer-1 unregistered
2025-12-30 12:22:27 [http-nio-8080-exec-10] ERROR p.controller.ParkingController - Error processing parking event: Failed to construct kafka producer
org.apache.kafka.common.KafkaException: Failed to construct kafka producer
	at org.apache.kafka.clients.producer.KafkaProducer.<init>(KafkaProducer.java:465)
	at org.apache.kafka.clients.producer.KafkaProducer.<init>(KafkaProducer.java:301)
	at org.springframework.kafka.core.DefaultKafkaProducerFactory.createRawProducer(DefaultKafkaProducerFactory.java:964)
	at org.springframework.kafka.core.DefaultKafkaProducerFactory.createKafkaProducer(DefaultKafkaProducerFactory.java:834)
	at org.springframework.kafka.core.DefaultKafkaProducerFactory.doCreateProducer(DefaultKafkaProducerFactory.java:801)
	at org.springframework.kafka.core.DefaultKafkaProducerFactory.createProducer(DefaultKafkaProducerFactory.java:776)
	at org.springframework.kafka.core.DefaultKafkaProducerFactory.createProducer(DefaultKafkaProducerFactory.java:770)
	at org.springframework.kafka.core.KafkaTemplate.getTheProducer(KafkaTemplate.java:1001)
	at org.springframework.kafka.core.KafkaTemplate.doSend(KafkaTemplate.java:849)
	at org.springframework.kafka.core.KafkaTemplate.observeSend(KafkaTemplate.java:826)
	at org.springframework.kafka.core.KafkaTemplate.send(KafkaTemplate.java:601)
	at parking.services.KafkaProducerService.sendParkingEvent(KafkaProducerService.java:33)
	at parking.controller.ParkingController.createEvent(ParkingController.java:42)
	at java.base/jdk.internal.reflect.DirectMethodHandleAccessor.invoke(DirectMethodHandleAccessor.java:104)
	at java.base/java.lang.reflect.Method.invoke(Method.java:565)
	at org.springframework.web.method.support.InvocableHandlerMethod.doInvoke(InvocableHandlerMethod.java:258)
	at org.springframework.web.method.support.InvocableHandlerMethod.invokeForRequest(InvocableHandlerMethod.java:190)
	at org.springframework.web.servlet.mvc.method.annotation.ServletInvocableHandlerMethod.invokeAndHandle(ServletInvocableHandlerMethod.java:117)
	at org.springframework.web.servlet.mvc.method.annotation.RequestMappingHandlerAdapter.invokeHandlerMethod(RequestMappingHandlerAdapter.java:934)
	at org.springframework.web.servlet.mvc.method.annotation.RequestMappingHandlerAdapter.handleInternal(RequestMappingHandlerAdapter.java:853)
	at org.springframework.web.servlet.mvc.method.AbstractHandlerMethodAdapter.handle(AbstractHandlerMethodAdapter.java:86)
	at org.springframework.web.servlet.DispatcherServlet.doDispatch(DispatcherServlet.java:963)
	at org.springframework.web.servlet.DispatcherServlet.doService(DispatcherServlet.java:866)
	at org.springframework.web.servlet.FrameworkServlet.processRequest(FrameworkServlet.java:1003)
	at org.springframework.web.servlet.FrameworkServlet.doPost(FrameworkServlet.java:903)
	at jakarta.servlet.http.HttpServlet.service(HttpServlet.java:649)
	at org.springframework.web.servlet.FrameworkServlet.service(FrameworkServlet.java:874)
	at jakarta.servlet.http.HttpServlet.service(HttpServlet.java:710)
	at org.apache.catalina.core.ApplicationFilterChain.doFilter(ApplicationFilterChain.java:128)
	at org.apache.tomcat.websocket.server.WsFilter.doFilter(WsFilter.java:53)
	at org.apache.catalina.core.ApplicationFilterChain.doFilter(ApplicationFilterChain.java:107)
	at org.springframework.web.filter.RequestContextFilter.doFilterInternal(RequestContextFilter.java:100)
	at org.springframework.web.filter.OncePerRequestFilter.doFilter(OncePerRequestFilter.java:116)
	at org.apache.catalina.core.ApplicationFilterChain.doFilter(ApplicationFilterChain.java:107)
	at org.springframework.web.filter.FormContentFilter.doFilterInternal(FormContentFilter.java:93)
	at org.springframework.web.filter.OncePerRequestFilter.doFilter(OncePerRequestFilter.java:116)
	at org.apache.catalina.core.ApplicationFilterChain.doFilter(ApplicationFilterChain.java:107)
	at org.springframework.web.filter.CharacterEncodingFilter.doFilterInternal(CharacterEncodingFilter.java:199)
	at org.springframework.web.filter.OncePerRequestFilter.doFilter(OncePerRequestFilter.java:116)
	at org.apache.catalina.core.ApplicationFilterChain.doFilter(ApplicationFilterChain.java:107)
	at org.apache.catalina.core.StandardWrapperValve.invoke(StandardWrapperValve.java:165)
	at org.apache.catalina.core.StandardContextValve.invoke(StandardContextValve.java:77)
	at org.apache.catalina.authenticator.AuthenticatorBase.invoke(AuthenticatorBase.java:482)
	at org.apache.catalina.core.StandardHostValve.invoke(StandardHostValve.java:113)
	at org.apache.catalina.valves.ErrorReportValve.invoke(ErrorReportValve.java:83)
	at org.apache.catalina.core.StandardEngineValve.invoke(StandardEngineValve.java:72)
	at org.apache.catalina.connector.CoyoteAdapter.service(CoyoteAdapter.java:341)
	at org.apache.coyote.http11.Http11Processor.service(Http11Processor.java:397)
	at org.apache.coyote.AbstractProcessorLight.process(AbstractProcessorLight.java:63)
	at org.apache.coyote.AbstractProtocol$ConnectionHandler.process(AbstractProtocol.java:903)
	at org.apache.tomcat.util.net.NioEndpoint$SocketProcessor.doRun(NioEndpoint.java:1778)
	at org.apache.tomcat.util.net.SocketProcessorBase.run(SocketProcessorBase.java:52)
	at org.apache.tomcat.util.threads.ThreadPoolExecutor.runWorker(ThreadPoolExecutor.java:946)
	at org.apache.tomcat.util.threads.ThreadPoolExecutor$Worker.run(ThreadPoolExecutor.java:480)
	at org.apache.tomcat.util.threads.TaskThread$WrappingRunnable.run(TaskThread.java:57)
	at java.base/java.lang.Thread.run(Thread.java:1474)
Caused by: org.apache.kafka.common.KafkaException: Could not instantiate class com.fasterxml.jackson.databind.JsonSerializer
	at org.apache.kafka.common.utils.Utils.newInstance(Utils.java:405)
	at org.apache.kafka.common.config.AbstractConfig.getConfiguredInstance(AbstractConfig.java:405)
	at org.apache.kafka.common.config.AbstractConfig.getConfiguredInstance(AbstractConfig.java:444)
	at org.apache.kafka.common.config.AbstractConfig.getConfiguredInstance(AbstractConfig.java:429)
	at org.apache.kafka.clients.producer.KafkaProducer.<init>(KafkaProducer.java:388)
	... 55 common frames omitted
Caused by: java.lang.InstantiationException
	at java.base/jdk.internal.reflect.InstantiationExceptionConstructorAccessorImpl.newInstance(InstantiationExceptionConstructorAccessorImpl.java:48)
	at java.base/java.lang.reflect.Constructor.newInstanceWithCaller(Constructor.java:499)
	at java.base/java.lang.reflect.Constructor.newInstance(Constructor.java:483)
	at org.apache.kafka.common.utils.Utils.newInstance(Utils.java:401)
	... 59 common frames omitted
2025-12-30 12:22:27 [http-nio-8080-exec-10] ERROR o.a.c.c.C.[.[.[.[dispatcherServlet] - Servlet.service() for servlet [dispatcherServlet] in context with path [] threw exception [Request processing failed: org.apache.kafka.common.KafkaException: Failed to construct kafka producer] with root cause
java.lang.InstantiationException
	at java.base/jdk.internal.reflect.InstantiationExceptionConstructorAccessorImpl.newInstance(InstantiationExceptionConstructorAccessorImpl.java:48)
	at java.base/java.lang.reflect.Constructor.newInstanceWithCaller(Constructor.java:499)
	at java.base/java.lang.reflect.Constructor.newInstance(Constructor.java:483)
	at org.apache.kafka.common.utils.Utils.newInstance(Utils.java:401)
	at org.apache.kafka.common.config.AbstractConfig.getConfiguredInstance(AbstractConfig.java:405)
	at org.apache.kafka.common.config.AbstractConfig.getConfiguredInstance(AbstractConfig.java:444)
	at org.apache.kafka.common.config.AbstractConfig.getConfiguredInstance(AbstractConfig.java:429)
	at org.apache.kafka.clients.producer.KafkaProducer.<init>(KafkaProducer.java:388)
	at org.apache.kafka.clients.producer.KafkaProducer.<init>(KafkaProducer.java:301)
	at org.springframework.kafka.core.DefaultKafkaProducerFactory.createRawProducer(DefaultKafkaProducerFactory.java:964)
	at org.springframework.kafka.core.DefaultKafkaProducerFactory.createKafkaProducer(DefaultKafkaProducerFactory.java:834)
	at org.springframework.kafka.core.DefaultKafkaProducerFactory.doCreateProducer(DefaultKafkaProducerFactory.java:801)
	at org.springframework.kafka.core.DefaultKafkaProducerFactory.createProducer(DefaultKafkaProducerFactory.java:776)
	at org.springframework.kafka.core.DefaultKafkaProducerFactory.createProducer(DefaultKafkaProducerFactory.java:770)
	at org.springframework.kafka.core.KafkaTemplate.getTheProducer(KafkaTemplate.java:1001)
	at org.springframework.kafka.core.KafkaTemplate.doSend(KafkaTemplate.java:849)
	at org.springframework.kafka.core.KafkaTemplate.observeSend(KafkaTemplate.java:826)
	at org.springframework.kafka.core.KafkaTemplate.send(KafkaTemplate.java:601)
	at parking.services.KafkaProducerService.sendParkingEvent(KafkaProducerService.java:33)
	at parking.controller.ParkingController.createEvent(ParkingController.java:42)
	at java.base/jdk.internal.reflect.DirectMethodHandleAccessor.invoke(DirectMethodHandleAccessor.java:104)
	at java.base/java.lang.reflect.Method.invoke(Method.java:565)
	at org.springframework.web.method.support.InvocableHandlerMethod.doInvoke(InvocableHandlerMethod.java:258)
	at org.springframework.web.method.support.InvocableHandlerMethod.invokeForRequest(InvocableHandlerMethod.java:190)
	at org.springframework.web.servlet.mvc.method.annotation.ServletInvocableHandlerMethod.invokeAndHandle(ServletInvocableHandlerMethod.java:117)
	at org.springframework.web.servlet.mvc.method.annotation.RequestMappingHandlerAdapter.invokeHandlerMethod(RequestMappingHandlerAdapter.java:934)
	at org.springframework.web.servlet.mvc.method.annotation.RequestMappingHandlerAdapter.handleInternal(RequestMappingHandlerAdapter.java:853)
	at org.springframework.web.servlet.mvc.method.AbstractHandlerMethodAdapter.handle(AbstractHandlerMethodAdapter.java:86)
	at org.springframework.web.servlet.DispatcherServlet.doDispatch(DispatcherServlet.java:963)
	at org.springframework.web.servlet.DispatcherServlet.doService(DispatcherServlet.java:866)
	at org.springframework.web.servlet.FrameworkServlet.processRequest(FrameworkServlet.java:1003)
	at org.springframework.web.servlet.FrameworkServlet.doPost(FrameworkServlet.java:903)
	at jakarta.servlet.http.HttpServlet.service(HttpServlet.java:649)
	at org.springframework.web.servlet.FrameworkServlet.service(FrameworkServlet.java:874)
	at jakarta.servlet.http.HttpServlet.service(HttpServlet.java:710)
	at org.apache.catalina.core.ApplicationFilterChain.doFilter(ApplicationFilterChain.java:128)
	at org.apache.tomcat.websocket.server.WsFilter.doFilter(WsFilter.java:53)
	at org.apache.catalina.core.ApplicationFilterChain.doFilter(ApplicationFilterChain.java:107)
	at org.springframework.web.filter.RequestContextFilter.doFilterInternal(RequestContextFilter.java:100)
	at org.springframework.web.filter.OncePerRequestFilter.doFilter(OncePerRequestFilter.java:116)
	at org.apache.catalina.core.ApplicationFilterChain.doFilter(ApplicationFilterChain.java:107)
	at org.springframework.web.filter.FormContentFilter.doFilterInternal(FormContentFilter.java:93)
	at org.springframework.web.filter.OncePerRequestFilter.doFilter(OncePerRequestFilter.java:116)
	at org.apache.catalina.core.ApplicationFilterChain.doFilter(ApplicationFilterChain.java:107)
	at org.springframework.web.filter.CharacterEncodingFilter.doFilterInternal(CharacterEncodingFilter.java:199)
	at org.springframework.web.filter.OncePerRequestFilter.doFilter(OncePerRequestFilter.java:116)
	at org.apache.catalina.core.ApplicationFilterChain.doFilter(ApplicationFilterChain.java:107)
	at org.apache.catalina.core.StandardWrapperValve.invoke(StandardWrapperValve.java:165)
	at org.apache.catalina.core.StandardContextValve.invoke(StandardContextValve.java:77)
	at org.apache.catalina.authenticator.AuthenticatorBase.invoke(AuthenticatorBase.java:482)
	at org.apache.catalina.core.StandardHostValve.invoke(StandardHostValve.java:113)
	at org.apache.catalina.valves.ErrorReportValve.invoke(ErrorReportValve.java:83)
	at org.apache.catalina.core.StandardEngineValve.invoke(StandardEngineValve.java:72)
	at org.apache.catalina.connector.CoyoteAdapter.service(CoyoteAdapter.java:341)
	at org.apache.coyote.http11.Http11Processor.service(Http11Processor.java:397)
	at org.apache.coyote.AbstractProcessorLight.process(AbstractProcessorLight.java:63)
	at org.apache.coyote.AbstractProtocol$ConnectionHandler.process(AbstractProtocol.java:903)
	at org.apache.tomcat.util.net.NioEndpoint$SocketProcessor.doRun(NioEndpoint.java:1778)
	at org.apache.tomcat.util.net.SocketProcessorBase.run(SocketProcessorBase.java:52)
	at org.apache.tomcat.util.threads.ThreadPoolExecutor.runWorker(ThreadPoolExecutor.java:946)
	at org.apache.tomcat.util.threads.ThreadPoolExecutor$Worker.run(ThreadPoolExecutor.java:480)
	at org.apache.tomcat.util.threads.TaskThread$WrappingRunnable.run(TaskThread.java:57)
	at java.base/java.lang.Thread.run(Thread.java:1474)
2025-12-30 12:26:55 [org.springframework.kafka.KafkaListenerEndpointContainer#0-2-C-1] INFO  o.a.k.c.c.i.ConsumerRebalanceListenerInvoker - [Consumer clientId=consumer-parking-consumer-group-6, groupId=parking-consumer-group] Revoke previously assigned partitions [slot-updates-2]
2025-12-30 12:26:55 [org.springframework.kafka.KafkaListenerEndpointContainer#2-2-C-1] INFO  o.a.k.c.c.i.ConsumerRebalanceListenerInvoker - [Consumer clientId=consumer-parking-consumer-group-3, groupId=parking-consumer-group] Revoke previously assigned partitions [parking-events-2]
2025-12-30 12:26:55 [org.springframework.kafka.KafkaListenerEndpointContainer#1-2-C-1] INFO  o.a.k.c.c.i.ConsumerRebalanceListenerInvoker - [Consumer clientId=consumer-parking-consumer-group-9, groupId=parking-consumer-group] Revoke previously assigned partitions [parking-violations-2]
2025-12-30 12:26:55 [org.springframework.kafka.KafkaListenerEndpointContainer#2-0-C-1] INFO  o.a.k.c.c.i.ConsumerRebalanceListenerInvoker - [Consumer clientId=consumer-parking-consumer-group-1, groupId=parking-consumer-group] Revoke previously assigned partitions [parking-events-0]
2025-12-30 12:26:55 [org.springframework.kafka.KafkaListenerEndpointContainer#1-1-C-1] INFO  o.a.k.c.c.i.ConsumerRebalanceListenerInvoker - [Consumer clientId=consumer-parking-consumer-group-8, groupId=parking-consumer-group] Revoke previously assigned partitions [parking-violations-1]
2025-12-30 12:26:55 [org.springframework.kafka.KafkaListenerEndpointContainer#1-0-C-1] INFO  o.a.k.c.c.i.ConsumerRebalanceListenerInvoker - [Consumer clientId=consumer-parking-consumer-group-7, groupId=parking-consumer-group] Revoke previously assigned partitions [parking-violations-0]
2025-12-30 12:26:55 [org.springframework.kafka.KafkaListenerEndpointContainer#0-0-C-1] INFO  o.a.k.c.c.i.ConsumerRebalanceListenerInvoker - [Consumer clientId=consumer-parking-consumer-group-4, groupId=parking-consumer-group] Revoke previously assigned partitions [slot-updates-0]
2025-12-30 12:26:55 [org.springframework.kafka.KafkaListenerEndpointContainer#0-1-C-1] INFO  o.a.k.c.c.i.ConsumerRebalanceListenerInvoker - [Consumer clientId=consumer-parking-consumer-group-5, groupId=parking-consumer-group] Revoke previously assigned partitions [slot-updates-1]
2025-12-30 12:26:55 [org.springframework.kafka.KafkaListenerEndpointContainer#2-1-C-1] INFO  o.a.k.c.c.i.ConsumerRebalanceListenerInvoker - [Consumer clientId=consumer-parking-consumer-group-2, groupId=parking-consumer-group] Revoke previously assigned partitions [parking-events-1]
2025-12-30 12:26:55 [org.springframework.kafka.KafkaListenerEndpointContainer#0-0-C-1] INFO  o.s.k.l.KafkaMessageListenerContainer - parking-consumer-group: partitions revoked: [slot-updates-0]
2025-12-30 12:26:55 [org.springframework.kafka.KafkaListenerEndpointContainer#1-0-C-1] INFO  o.s.k.l.KafkaMessageListenerContainer - parking-consumer-group: partitions revoked: [parking-violations-0]
2025-12-30 12:26:55 [org.springframework.kafka.KafkaListenerEndpointContainer#0-2-C-1] INFO  o.s.k.l.KafkaMessageListenerContainer - parking-consumer-group: partitions revoked: [slot-updates-2]
2025-12-30 12:26:55 [org.springframework.kafka.KafkaListenerEndpointContainer#2-2-C-1] INFO  o.s.k.l.KafkaMessageListenerContainer - parking-consumer-group: partitions revoked: [parking-events-2]
2025-12-30 12:26:55 [org.springframework.kafka.KafkaListenerEndpointContainer#1-1-C-1] INFO  o.s.k.l.KafkaMessageListenerContainer - parking-consumer-group: partitions revoked: [parking-violations-1]
2025-12-30 12:26:55 [org.springframework.kafka.KafkaListenerEndpointContainer#2-0-C-1] INFO  o.s.k.l.KafkaMessageListenerContainer - parking-consumer-group: partitions revoked: [parking-events-0]
2025-12-30 12:26:55 [org.springframework.kafka.KafkaListenerEndpointContainer#1-2-C-1] INFO  o.s.k.l.KafkaMessageListenerContainer - parking-consumer-group: partitions revoked: [parking-violations-2]
2025-12-30 12:26:55 [org.springframework.kafka.KafkaListenerEndpointContainer#2-1-C-1] INFO  o.s.k.l.KafkaMessageListenerContainer - parking-consumer-group: partitions revoked: [parking-events-1]
2025-12-30 12:26:55 [org.springframework.kafka.KafkaListenerEndpointContainer#0-1-C-1] INFO  o.s.k.l.KafkaMessageListenerContainer - parking-consumer-group: partitions revoked: [slot-updates-1]
2025-12-30 12:26:55 [org.springframework.kafka.KafkaListenerEndpointContainer#1-0-C-1] INFO  o.a.k.c.c.i.ConsumerCoordinator - [Consumer clientId=consumer-parking-consumer-group-7, groupId=parking-consumer-group] Member consumer-parking-consumer-group-7-fe4a8726-261d-4400-94e5-69f96b133158 sending LeaveGroup request to coordinator localhost:9092 (id: 2147483646 rack: null isFenced: false) due to the consumer unsubscribed from all topics
2025-12-30 12:26:55 [org.springframework.kafka.KafkaListenerEndpointContainer#0-1-C-1] INFO  o.a.k.c.c.i.ConsumerCoordinator - [Consumer clientId=consumer-parking-consumer-group-5, groupId=parking-consumer-group] Member consumer-parking-consumer-group-5-1cb19a5b-4228-4c4f-b5f0-7153cf5f363b sending LeaveGroup request to coordinator localhost:9092 (id: 2147483646 rack: null isFenced: false) due to the consumer unsubscribed from all topics
2025-12-30 12:26:55 [org.springframework.kafka.KafkaListenerEndpointContainer#2-0-C-1] INFO  o.a.k.c.c.i.ConsumerCoordinator - [Consumer clientId=consumer-parking-consumer-group-1, groupId=parking-consumer-group] Member consumer-parking-consumer-group-1-eaa682ab-5c1f-40fe-8b32-72a85d28804c sending LeaveGroup request to coordinator localhost:9092 (id: 2147483646 rack: null isFenced: false) due to the consumer unsubscribed from all topics
2025-12-30 12:26:55 [org.springframework.kafka.KafkaListenerEndpointContainer#2-1-C-1] INFO  o.a.k.c.c.i.ConsumerCoordinator - [Consumer clientId=consumer-parking-consumer-group-2, groupId=parking-consumer-group] Member consumer-parking-consumer-group-2-67be3628-0a12-4996-bb05-aa9ee01b22b3 sending LeaveGroup request to coordinator localhost:9092 (id: 2147483646 rack: null isFenced: false) due to the consumer unsubscribed from all topics
2025-12-30 12:26:55 [org.springframework.kafka.KafkaListenerEndpointContainer#0-0-C-1] INFO  o.a.k.c.c.i.ConsumerCoordinator - [Consumer clientId=consumer-parking-consumer-group-4, groupId=parking-consumer-group] Member consumer-parking-consumer-group-4-49ed3afd-ef7a-4c88-8880-93b35506356a sending LeaveGroup request to coordinator localhost:9092 (id: 2147483646 rack: null isFenced: false) due to the consumer unsubscribed from all topics
2025-12-30 12:26:55 [org.springframework.kafka.KafkaListenerEndpointContainer#2-2-C-1] INFO  o.a.k.c.c.i.ConsumerCoordinator - [Consumer clientId=consumer-parking-consumer-group-3, groupId=parking-consumer-group] Member consumer-parking-consumer-group-3-17e689c0-bbe6-456b-8e72-575c1bdb4c60 sending LeaveGroup request to coordinator localhost:9092 (id: 2147483646 rack: null isFenced: false) due to the consumer unsubscribed from all topics
2025-12-30 12:26:55 [org.springframework.kafka.KafkaListenerEndpointContainer#1-1-C-1] INFO  o.a.k.c.c.i.ConsumerCoordinator - [Consumer clientId=consumer-parking-consumer-group-8, groupId=parking-consumer-group] Member consumer-parking-consumer-group-8-9726d65e-4b36-4dd7-b6b5-0064d02f5fe2 sending LeaveGroup request to coordinator localhost:9092 (id: 2147483646 rack: null isFenced: false) due to the consumer unsubscribed from all topics
2025-12-30 12:26:55 [org.springframework.kafka.KafkaListenerEndpointContainer#0-2-C-1] INFO  o.a.k.c.c.i.ConsumerCoordinator - [Consumer clientId=consumer-parking-consumer-group-6, groupId=parking-consumer-group] Member consumer-parking-consumer-group-6-03a623a0-c67c-4dab-af4c-589b82be6f4f sending LeaveGroup request to coordinator localhost:9092 (id: 2147483646 rack: null isFenced: false) due to the consumer unsubscribed from all topics
2025-12-30 12:26:55 [org.springframework.kafka.KafkaListenerEndpointContainer#1-2-C-1] INFO  o.a.k.c.c.i.ConsumerCoordinator - [Consumer clientId=consumer-parking-consumer-group-9, groupId=parking-consumer-group] Member consumer-parking-consumer-group-9-3147ac54-21cb-4f5d-9c52-e175a2e4d9c8 sending LeaveGroup request to coordinator localhost:9092 (id: 2147483646 rack: null isFenced: false) due to the consumer unsubscribed from all topics
2025-12-30 12:26:55 [org.springframework.kafka.KafkaListenerEndpointContainer#0-2-C-1] INFO  o.a.k.c.c.i.ConsumerCoordinator - [Consumer clientId=consumer-parking-consumer-group-6, groupId=parking-consumer-group] Resetting generation and member id due to: consumer pro-actively leaving the group
2025-12-30 12:26:55 [org.springframework.kafka.KafkaListenerEndpointContainer#1-2-C-1] INFO  o.a.k.c.c.i.ConsumerCoordinator - [Consumer clientId=consumer-parking-consumer-group-9, groupId=parking-consumer-group] Resetting generation and member id due to: consumer pro-actively leaving the group
2025-12-30 12:26:55 [org.springframework.kafka.KafkaListenerEndpointContainer#2-2-C-1] INFO  o.a.k.c.c.i.ConsumerCoordinator - [Consumer clientId=consumer-parking-consumer-group-3, groupId=parking-consumer-group] Resetting generation and member id due to: consumer pro-actively leaving the group
2025-12-30 12:26:55 [org.springframework.kafka.KafkaListenerEndpointContainer#0-0-C-1] INFO  o.a.k.c.c.i.ConsumerCoordinator - [Consumer clientId=consumer-parking-consumer-group-4, groupId=parking-consumer-group] Resetting generation and member id due to: consumer pro-actively leaving the group
2025-12-30 12:26:55 [org.springframework.kafka.KafkaListenerEndpointContainer#1-0-C-1] INFO  o.a.k.c.c.i.ConsumerCoordinator - [Consumer clientId=consumer-parking-consumer-group-7, groupId=parking-consumer-group] Resetting generation and member id due to: consumer pro-actively leaving the group
2025-12-30 12:26:55 [org.springframework.kafka.KafkaListenerEndpointContainer#2-2-C-1] INFO  o.a.k.c.c.i.ConsumerCoordinator - [Consumer clientId=consumer-parking-consumer-group-3, groupId=parking-consumer-group] Request joining group due to: consumer pro-actively leaving the group
2025-12-30 12:26:55 [org.springframework.kafka.KafkaListenerEndpointContainer#2-0-C-1] INFO  o.a.k.c.c.i.ConsumerCoordinator - [Consumer clientId=consumer-parking-consumer-group-1, groupId=parking-consumer-group] Resetting generation and member id due to: consumer pro-actively leaving the group
2025-12-30 12:26:55 [org.springframework.kafka.KafkaListenerEndpointContainer#1-0-C-1] INFO  o.a.k.c.c.i.ConsumerCoordinator - [Consumer clientId=consumer-parking-consumer-group-7, groupId=parking-consumer-group] Request joining group due to: consumer pro-actively leaving the group
2025-12-30 12:26:55 [org.springframework.kafka.KafkaListenerEndpointContainer#1-1-C-1] INFO  o.a.k.c.c.i.ConsumerCoordinator - [Consumer clientId=consumer-parking-consumer-group-8, groupId=parking-consumer-group] Resetting generation and member id due to: consumer pro-actively leaving the group
2025-12-30 12:26:55 [org.springframework.kafka.KafkaListenerEndpointContainer#0-1-C-1] INFO  o.a.k.c.c.i.ConsumerCoordinator - [Consumer clientId=consumer-parking-consumer-group-5, groupId=parking-consumer-group] Resetting generation and member id due to: consumer pro-actively leaving the group
2025-12-30 12:26:55 [org.springframework.kafka.KafkaListenerEndpointContainer#0-2-C-1] INFO  o.a.k.c.c.i.ConsumerCoordinator - [Consumer clientId=consumer-parking-consumer-group-6, groupId=parking-consumer-group] Request joining group due to: consumer pro-actively leaving the group
2025-12-30 12:26:55 [org.springframework.kafka.KafkaListenerEndpointContainer#0-0-C-1] INFO  o.a.k.c.c.i.ConsumerCoordinator - [Consumer clientId=consumer-parking-consumer-group-4, groupId=parking-consumer-group] Request joining group due to: consumer pro-actively leaving the group
2025-12-30 12:26:55 [org.springframework.kafka.KafkaListenerEndpointContainer#1-0-C-1] INFO  o.a.k.c.c.i.ClassicKafkaConsumer - [Consumer clientId=consumer-parking-consumer-group-7, groupId=parking-consumer-group] Unsubscribed all topics or patterns and assigned partitions
2025-12-30 12:26:55 [org.springframework.kafka.KafkaListenerEndpointContainer#0-2-C-1] INFO  o.a.k.c.c.i.ClassicKafkaConsumer - [Consumer clientId=consumer-parking-consumer-group-6, groupId=parking-consumer-group] Unsubscribed all topics or patterns and assigned partitions
2025-12-30 12:26:55 [org.springframework.kafka.KafkaListenerEndpointContainer#1-1-C-1] INFO  o.a.k.c.c.i.ConsumerCoordinator - [Consumer clientId=consumer-parking-consumer-group-8, groupId=parking-consumer-group] Request joining group due to: consumer pro-actively leaving the group
2025-12-30 12:26:55 [org.springframework.kafka.KafkaListenerEndpointContainer#2-1-C-1] INFO  o.a.k.c.c.i.ConsumerCoordinator - [Consumer clientId=consumer-parking-consumer-group-2, groupId=parking-consumer-group] Resetting generation and member id due to: consumer pro-actively leaving the group
2025-12-30 12:26:55 [org.springframework.kafka.KafkaListenerEndpointContainer#1-1-C-1] INFO  o.a.k.c.c.i.ClassicKafkaConsumer - [Consumer clientId=consumer-parking-consumer-group-8, groupId=parking-consumer-group] Unsubscribed all topics or patterns and assigned partitions
2025-12-30 12:26:55 [org.springframework.kafka.KafkaListenerEndpointContainer#2-2-C-1] INFO  o.a.k.c.c.i.ClassicKafkaConsumer - [Consumer clientId=consumer-parking-consumer-group-3, groupId=parking-consumer-group] Unsubscribed all topics or patterns and assigned partitions
2025-12-30 12:26:55 [org.springframework.kafka.KafkaListenerEndpointContainer#2-0-C-1] INFO  o.a.k.c.c.i.ConsumerCoordinator - [Consumer clientId=consumer-parking-consumer-group-1, groupId=parking-consumer-group] Request joining group due to: consumer pro-actively leaving the group
2025-12-30 12:26:55 [org.springframework.kafka.KafkaListenerEndpointContainer#1-2-C-1] INFO  o.a.k.c.c.i.ConsumerCoordinator - [Consumer clientId=consumer-parking-consumer-group-9, groupId=parking-consumer-group] Request joining group due to: consumer pro-actively leaving the group
2025-12-30 12:26:55 [org.springframework.kafka.KafkaListenerEndpointContainer#0-0-C-1] INFO  o.a.k.c.c.i.ClassicKafkaConsumer - [Consumer clientId=consumer-parking-consumer-group-4, groupId=parking-consumer-group] Unsubscribed all topics or patterns and assigned partitions
2025-12-30 12:26:55 [org.springframework.kafka.KafkaListenerEndpointContainer#2-0-C-1] INFO  o.a.k.c.c.i.ClassicKafkaConsumer - [Consumer clientId=consumer-parking-consumer-group-1, groupId=parking-consumer-group] Unsubscribed all topics or patterns and assigned partitions
2025-12-30 12:26:55 [org.springframework.kafka.KafkaListenerEndpointContainer#0-1-C-1] INFO  o.a.k.c.c.i.ConsumerCoordinator - [Consumer clientId=consumer-parking-consumer-group-5, groupId=parking-consumer-group] Request joining group due to: consumer pro-actively leaving the group
2025-12-30 12:26:55 [org.springframework.kafka.KafkaListenerEndpointContainer#2-1-C-1] INFO  o.a.k.c.c.i.ConsumerCoordinator - [Consumer clientId=consumer-parking-consumer-group-2, groupId=parking-consumer-group] Request joining group due to: consumer pro-actively leaving the group
2025-12-30 12:26:55 [org.springframework.kafka.KafkaListenerEndpointContainer#0-1-C-1] INFO  o.a.k.c.c.i.ClassicKafkaConsumer - [Consumer clientId=consumer-parking-consumer-group-5, groupId=parking-consumer-group] Unsubscribed all topics or patterns and assigned partitions
2025-12-30 12:26:55 [org.springframework.kafka.KafkaListenerEndpointContainer#2-1-C-1] INFO  o.a.k.c.c.i.ClassicKafkaConsumer - [Consumer clientId=consumer-parking-consumer-group-2, groupId=parking-consumer-group] Unsubscribed all topics or patterns and assigned partitions
2025-12-30 12:26:55 [org.springframework.kafka.KafkaListenerEndpointContainer#1-2-C-1] INFO  o.a.k.c.c.i.ClassicKafkaConsumer - [Consumer clientId=consumer-parking-consumer-group-9, groupId=parking-consumer-group] Unsubscribed all topics or patterns and assigned partitions
2025-12-30 12:26:55 [org.springframework.kafka.KafkaListenerEndpointContainer#2-1-C-1] INFO  o.a.k.c.c.i.ConsumerCoordinator - [Consumer clientId=consumer-parking-consumer-group-2, groupId=parking-consumer-group] Resetting generation and member id due to: consumer pro-actively leaving the group
2025-12-30 12:26:55 [org.springframework.kafka.KafkaListenerEndpointContainer#0-0-C-1] INFO  o.a.k.c.c.i.ConsumerCoordinator - [Consumer clientId=consumer-parking-consumer-group-4, groupId=parking-consumer-group] Resetting generation and member id due to: consumer pro-actively leaving the group
2025-12-30 12:26:55 [org.springframework.kafka.KafkaListenerEndpointContainer#1-1-C-1] INFO  o.a.k.c.c.i.ConsumerCoordinator - [Consumer clientId=consumer-parking-consumer-group-8, groupId=parking-consumer-group] Resetting generation and member id due to: consumer pro-actively leaving the group
2025-12-30 12:26:55 [org.springframework.kafka.KafkaListenerEndpointContainer#0-0-C-1] INFO  o.a.k.c.c.i.ConsumerCoordinator - [Consumer clientId=consumer-parking-consumer-group-4, groupId=parking-consumer-group] Request joining group due to: consumer pro-actively leaving the group
2025-12-30 12:26:55 [org.springframework.kafka.KafkaListenerEndpointContainer#2-2-C-1] INFO  o.a.k.c.c.i.ConsumerCoordinator - [Consumer clientId=consumer-parking-consumer-group-3, groupId=parking-consumer-group] Resetting generation and member id due to: consumer pro-actively leaving the group
2025-12-30 12:26:55 [org.springframework.kafka.KafkaListenerEndpointContainer#1-2-C-1] INFO  o.a.k.c.c.i.ConsumerCoordinator - [Consumer clientId=consumer-parking-consumer-group-9, groupId=parking-consumer-group] Resetting generation and member id due to: consumer pro-actively leaving the group
2025-12-30 12:26:55 [org.springframework.kafka.KafkaListenerEndpointContainer#2-1-C-1] INFO  o.a.k.c.c.i.ConsumerCoordinator - [Consumer clientId=consumer-parking-consumer-group-2, groupId=parking-consumer-group] Request joining group due to: consumer pro-actively leaving the group
2025-12-30 12:26:55 [org.springframework.kafka.KafkaListenerEndpointContainer#1-1-C-1] INFO  o.a.k.c.c.i.ConsumerCoordinator - [Consumer clientId=consumer-parking-consumer-group-8, groupId=parking-consumer-group] Request joining group due to: consumer pro-actively leaving the group
2025-12-30 12:26:55 [org.springframework.kafka.KafkaListenerEndpointContainer#0-2-C-1] INFO  o.a.k.c.c.i.ConsumerCoordinator - [Consumer clientId=consumer-parking-consumer-group-6, groupId=parking-consumer-group] Resetting generation and member id due to: consumer pro-actively leaving the group
2025-12-30 12:26:55 [org.springframework.kafka.KafkaListenerEndpointContainer#0-1-C-1] INFO  o.a.k.c.c.i.ConsumerCoordinator - [Consumer clientId=consumer-parking-consumer-group-5, groupId=parking-consumer-group] Resetting generation and member id due to: consumer pro-actively leaving the group
2025-12-30 12:26:55 [org.springframework.kafka.KafkaListenerEndpointContainer#1-0-C-1] INFO  o.a.k.c.c.i.ConsumerCoordinator - [Consumer clientId=consumer-parking-consumer-group-7, groupId=parking-consumer-group] Resetting generation and member id due to: consumer pro-actively leaving the group
2025-12-30 12:26:55 [org.springframework.kafka.KafkaListenerEndpointContainer#2-0-C-1] INFO  o.a.k.c.c.i.ConsumerCoordinator - [Consumer clientId=consumer-parking-consumer-group-1, groupId=parking-consumer-group] Resetting generation and member id due to: consumer pro-actively leaving the group
2025-12-30 12:26:55 [org.springframework.kafka.KafkaListenerEndpointContainer#2-2-C-1] INFO  o.a.k.c.c.i.ConsumerCoordinator - [Consumer clientId=consumer-parking-consumer-group-3, groupId=parking-consumer-group] Request joining group due to: consumer pro-actively leaving the group
2025-12-30 12:26:55 [org.springframework.kafka.KafkaListenerEndpointContainer#1-2-C-1] INFO  o.a.k.c.c.i.ConsumerCoordinator - [Consumer clientId=consumer-parking-consumer-group-9, groupId=parking-consumer-group] Request joining group due to: consumer pro-actively leaving the group
2025-12-30 12:26:55 [org.springframework.kafka.KafkaListenerEndpointContainer#0-1-C-1] INFO  o.a.k.c.c.i.ConsumerCoordinator - [Consumer clientId=consumer-parking-consumer-group-5, groupId=parking-consumer-group] Request joining group due to: consumer pro-actively leaving the group
2025-12-30 12:26:55 [org.springframework.kafka.KafkaListenerEndpointContainer#0-2-C-1] INFO  o.a.k.c.c.i.ConsumerCoordinator - [Consumer clientId=consumer-parking-consumer-group-6, groupId=parking-consumer-group] Request joining group due to: consumer pro-actively leaving the group
2025-12-30 12:26:55 [org.springframework.kafka.KafkaListenerEndpointContainer#1-0-C-1] INFO  o.a.k.c.c.i.ConsumerCoordinator - [Consumer clientId=consumer-parking-consumer-group-7, groupId=parking-consumer-group] Request joining group due to: consumer pro-actively leaving the group
2025-12-30 12:26:55 [org.springframework.kafka.KafkaListenerEndpointContainer#2-0-C-1] INFO  o.a.k.c.c.i.ConsumerCoordinator - [Consumer clientId=consumer-parking-consumer-group-1, groupId=parking-consumer-group] Request joining group due to: consumer pro-actively leaving the group
2025-12-30 12:26:56 [org.springframework.kafka.KafkaListenerEndpointContainer#0-1-C-1] INFO  o.a.kafka.common.metrics.Metrics - Metrics scheduler closed
2025-12-30 12:26:56 [org.springframework.kafka.KafkaListenerEndpointContainer#0-1-C-1] INFO  o.a.kafka.common.metrics.Metrics - Closing reporter org.apache.kafka.common.metrics.JmxReporter
2025-12-30 12:26:56 [org.springframework.kafka.KafkaListenerEndpointContainer#2-0-C-1] INFO  o.a.kafka.common.metrics.Metrics - Metrics scheduler closed
2025-12-30 12:26:56 [org.springframework.kafka.KafkaListenerEndpointContainer#2-0-C-1] INFO  o.a.kafka.common.metrics.Metrics - Closing reporter org.apache.kafka.common.metrics.JmxReporter
2025-12-30 12:26:56 [org.springframework.kafka.KafkaListenerEndpointContainer#0-0-C-1] INFO  o.a.kafka.common.metrics.Metrics - Metrics scheduler closed
2025-12-30 12:26:56 [org.springframework.kafka.KafkaListenerEndpointContainer#1-0-C-1] INFO  o.a.kafka.common.metrics.Metrics - Metrics scheduler closed
2025-12-30 12:26:56 [org.springframework.kafka.KafkaListenerEndpointContainer#0-0-C-1] INFO  o.a.kafka.common.metrics.Metrics - Closing reporter org.apache.kafka.common.metrics.JmxReporter
2025-12-30 12:26:56 [org.springframework.kafka.KafkaListenerEndpointContainer#2-0-C-1] INFO  o.a.kafka.common.metrics.Metrics - Closing reporter org.apache.kafka.common.telemetry.internals.ClientTelemetryReporter
2025-12-30 12:26:56 [org.springframework.kafka.KafkaListenerEndpointContainer#2-1-C-1] INFO  o.a.kafka.common.metrics.Metrics - Metrics scheduler closed
2025-12-30 12:26:56 [org.springframework.kafka.KafkaListenerEndpointContainer#1-0-C-1] INFO  o.a.kafka.common.metrics.Metrics - Closing reporter org.apache.kafka.common.metrics.JmxReporter
2025-12-30 12:26:56 [org.springframework.kafka.KafkaListenerEndpointContainer#2-0-C-1] INFO  o.a.kafka.common.metrics.Metrics - Metrics reporters closed
2025-12-30 12:26:56 [org.springframework.kafka.KafkaListenerEndpointContainer#2-1-C-1] INFO  o.a.kafka.common.metrics.Metrics - Closing reporter org.apache.kafka.common.metrics.JmxReporter
2025-12-30 12:26:56 [org.springframework.kafka.KafkaListenerEndpointContainer#0-1-C-1] INFO  o.a.kafka.common.metrics.Metrics - Closing reporter org.apache.kafka.common.telemetry.internals.ClientTelemetryReporter
2025-12-30 12:26:56 [org.springframework.kafka.KafkaListenerEndpointContainer#0-1-C-1] INFO  o.a.kafka.common.metrics.Metrics - Metrics reporters closed
2025-12-30 12:26:56 [org.springframework.kafka.KafkaListenerEndpointContainer#1-0-C-1] INFO  o.a.kafka.common.metrics.Metrics - Closing reporter org.apache.kafka.common.telemetry.internals.ClientTelemetryReporter
2025-12-30 12:26:56 [org.springframework.kafka.KafkaListenerEndpointContainer#1-0-C-1] INFO  o.a.kafka.common.metrics.Metrics - Metrics reporters closed
2025-12-30 12:26:56 [org.springframework.kafka.KafkaListenerEndpointContainer#2-2-C-1] INFO  o.a.kafka.common.metrics.Metrics - Metrics scheduler closed
2025-12-30 12:26:56 [org.springframework.kafka.KafkaListenerEndpointContainer#2-2-C-1] INFO  o.a.kafka.common.metrics.Metrics - Closing reporter org.apache.kafka.common.metrics.JmxReporter
2025-12-30 12:26:56 [org.springframework.kafka.KafkaListenerEndpointContainer#0-0-C-1] INFO  o.a.kafka.common.metrics.Metrics - Closing reporter org.apache.kafka.common.telemetry.internals.ClientTelemetryReporter
2025-12-30 12:26:56 [org.springframework.kafka.KafkaListenerEndpointContainer#2-2-C-1] INFO  o.a.kafka.common.metrics.Metrics - Closing reporter org.apache.kafka.common.telemetry.internals.ClientTelemetryReporter
2025-12-30 12:26:56 [org.springframework.kafka.KafkaListenerEndpointContainer#0-0-C-1] INFO  o.a.kafka.common.metrics.Metrics - Metrics reporters closed
2025-12-30 12:26:56 [org.springframework.kafka.KafkaListenerEndpointContainer#2-2-C-1] INFO  o.a.kafka.common.metrics.Metrics - Metrics reporters closed
2025-12-30 12:26:56 [org.springframework.kafka.KafkaListenerEndpointContainer#2-1-C-1] INFO  o.a.kafka.common.metrics.Metrics - Closing reporter org.apache.kafka.common.telemetry.internals.ClientTelemetryReporter
2025-12-30 12:26:56 [org.springframework.kafka.KafkaListenerEndpointContainer#2-1-C-1] INFO  o.a.kafka.common.metrics.Metrics - Metrics reporters closed
2025-12-30 12:26:56 [org.springframework.kafka.KafkaListenerEndpointContainer#1-1-C-1] INFO  o.a.kafka.common.metrics.Metrics - Metrics scheduler closed
2025-12-30 12:26:56 [org.springframework.kafka.KafkaListenerEndpointContainer#1-2-C-1] INFO  o.a.kafka.common.metrics.Metrics - Metrics scheduler closed
2025-12-30 12:26:56 [org.springframework.kafka.KafkaListenerEndpointContainer#0-2-C-1] INFO  o.a.kafka.common.metrics.Metrics - Metrics scheduler closed
2025-12-30 12:26:56 [org.springframework.kafka.KafkaListenerEndpointContainer#1-1-C-1] INFO  o.a.kafka.common.metrics.Metrics - Closing reporter org.apache.kafka.common.metrics.JmxReporter
2025-12-30 12:26:56 [org.springframework.kafka.KafkaListenerEndpointContainer#0-2-C-1] INFO  o.a.kafka.common.metrics.Metrics - Closing reporter org.apache.kafka.common.metrics.JmxReporter
2025-12-30 12:26:56 [org.springframework.kafka.KafkaListenerEndpointContainer#1-2-C-1] INFO  o.a.kafka.common.metrics.Metrics - Closing reporter org.apache.kafka.common.metrics.JmxReporter
2025-12-30 12:26:56 [org.springframework.kafka.KafkaListenerEndpointContainer#1-1-C-1] INFO  o.a.kafka.common.metrics.Metrics - Closing reporter org.apache.kafka.common.telemetry.internals.ClientTelemetryReporter
2025-12-30 12:26:56 [org.springframework.kafka.KafkaListenerEndpointContainer#1-1-C-1] INFO  o.a.kafka.common.metrics.Metrics - Metrics reporters closed
2025-12-30 12:26:56 [org.springframework.kafka.KafkaListenerEndpointContainer#1-2-C-1] INFO  o.a.kafka.common.metrics.Metrics - Closing reporter org.apache.kafka.common.telemetry.internals.ClientTelemetryReporter
2025-12-30 12:26:56 [org.springframework.kafka.KafkaListenerEndpointContainer#1-2-C-1] INFO  o.a.kafka.common.metrics.Metrics - Metrics reporters closed
2025-12-30 12:26:56 [org.springframework.kafka.KafkaListenerEndpointContainer#0-2-C-1] INFO  o.a.kafka.common.metrics.Metrics - Closing reporter org.apache.kafka.common.telemetry.internals.ClientTelemetryReporter
2025-12-30 12:26:56 [org.springframework.kafka.KafkaListenerEndpointContainer#0-2-C-1] INFO  o.a.kafka.common.metrics.Metrics - Metrics reporters closed
2025-12-30 12:26:56 [org.springframework.kafka.KafkaListenerEndpointContainer#0-1-C-1] INFO  o.a.kafka.common.utils.AppInfoParser - App info kafka.consumer for consumer-parking-consumer-group-5 unregistered
2025-12-30 12:26:56 [org.springframework.kafka.KafkaListenerEndpointContainer#1-0-C-1] INFO  o.a.kafka.common.utils.AppInfoParser - App info kafka.consumer for consumer-parking-consumer-group-7 unregistered
2025-12-30 12:26:56 [org.springframework.kafka.KafkaListenerEndpointContainer#0-1-C-1] INFO  o.s.k.l.KafkaMessageListenerContainer - parking-consumer-group: Consumer stopped
2025-12-30 12:26:56 [org.springframework.kafka.KafkaListenerEndpointContainer#1-0-C-1] INFO  o.s.k.l.KafkaMessageListenerContainer - parking-consumer-group: Consumer stopped
2025-12-30 12:26:56 [org.springframework.kafka.KafkaListenerEndpointContainer#2-1-C-1] INFO  o.a.kafka.common.utils.AppInfoParser - App info kafka.consumer for consumer-parking-consumer-group-2 unregistered
2025-12-30 12:26:56 [org.springframework.kafka.KafkaListenerEndpointContainer#2-1-C-1] INFO  o.s.k.l.KafkaMessageListenerContainer - parking-consumer-group: Consumer stopped
2025-12-30 12:26:56 [org.springframework.kafka.KafkaListenerEndpointContainer#2-2-C-1] INFO  o.a.kafka.common.utils.AppInfoParser - App info kafka.consumer for consumer-parking-consumer-group-3 unregistered
2025-12-30 12:26:56 [org.springframework.kafka.KafkaListenerEndpointContainer#2-2-C-1] INFO  o.s.k.l.KafkaMessageListenerContainer - parking-consumer-group: Consumer stopped
2025-12-30 12:26:56 [org.springframework.kafka.KafkaListenerEndpointContainer#1-1-C-1] INFO  o.a.kafka.common.utils.AppInfoParser - App info kafka.consumer for consumer-parking-consumer-group-8 unregistered
2025-12-30 12:26:56 [org.springframework.kafka.KafkaListenerEndpointContainer#1-1-C-1] INFO  o.s.k.l.KafkaMessageListenerContainer - parking-consumer-group: Consumer stopped
2025-12-30 12:26:56 [org.springframework.kafka.KafkaListenerEndpointContainer#1-2-C-1] INFO  o.a.kafka.common.utils.AppInfoParser - App info kafka.consumer for consumer-parking-consumer-group-9 unregistered
2025-12-30 12:26:56 [org.springframework.kafka.KafkaListenerEndpointContainer#1-2-C-1] INFO  o.s.k.l.KafkaMessageListenerContainer - parking-consumer-group: Consumer stopped
2025-12-30 12:26:56 [org.springframework.kafka.KafkaListenerEndpointContainer#0-0-C-1] INFO  o.a.kafka.common.utils.AppInfoParser - App info kafka.consumer for consumer-parking-consumer-group-4 unregistered
2025-12-30 12:26:56 [org.springframework.kafka.KafkaListenerEndpointContainer#0-0-C-1] INFO  o.s.k.l.KafkaMessageListenerContainer - parking-consumer-group: Consumer stopped
2025-12-30 12:26:56 [org.springframework.kafka.KafkaListenerEndpointContainer#0-2-C-1] INFO  o.a.kafka.common.utils.AppInfoParser - App info kafka.consumer for consumer-parking-consumer-group-6 unregistered
2025-12-30 12:26:56 [org.springframework.kafka.KafkaListenerEndpointContainer#0-2-C-1] INFO  o.s.k.l.KafkaMessageListenerContainer - parking-consumer-group: Consumer stopped
2025-12-30 12:26:56 [org.springframework.kafka.KafkaListenerEndpointContainer#2-0-C-1] INFO  o.a.kafka.common.utils.AppInfoParser - App info kafka.consumer for consumer-parking-consumer-group-1 unregistered
2025-12-30 12:26:56 [org.springframework.kafka.KafkaListenerEndpointContainer#2-0-C-1] INFO  o.s.k.l.KafkaMessageListenerContainer - parking-consumer-group: Consumer stopped
2025-12-30 12:26:56 [SpringApplicationShutdownHook] INFO  o.s.boot.tomcat.GracefulShutdown - Commencing graceful shutdown. Waiting for active requests to complete
2025-12-30 12:27:06 [main] INFO  parking.SmartParkingApplication - Starting SmartParkingApplication using Java 25 with PID 27204 (C:\Users\PMLS\Downloads\parking\parking\target\classes started by PMYLS in C:\Users\PMLS\Downloads\parking)
2025-12-30 12:27:06 [main] INFO  parking.SmartParkingApplication - No active profile set, falling back to 1 default profile: "default"
2025-12-30 12:27:07 [main] INFO  o.s.d.r.c.RepositoryConfigurationDelegate - Bootstrapping Spring Data JPA repositories in DEFAULT mode.
2025-12-30 12:27:07 [main] INFO  o.s.d.r.c.RepositoryConfigurationDelegate - Finished Spring Data repository scanning in 60 ms. Found 3 JPA repository interfaces.
2025-12-30 12:27:08 [main] INFO  o.s.boot.tomcat.TomcatWebServer - Tomcat initialized with port 8080 (http)
2025-12-30 12:27:08 [main] INFO  o.a.catalina.core.StandardService - Starting service [Tomcat]
2025-12-30 12:27:08 [main] INFO  o.a.catalina.core.StandardEngine - Starting Servlet engine: [Apache Tomcat/11.0.15]
2025-12-30 12:27:08 [main] INFO  o.s.b.w.c.s.WebApplicationContextInitializer - Root WebApplicationContext: initialization completed in 1633 ms
2025-12-30 12:27:08 [main] INFO  org.hibernate.orm.jpa - HHH008540: Processing PersistenceUnitInfo [name: default]
2025-12-30 12:27:08 [main] INFO  org.hibernate.orm.core - HHH000001: Hibernate ORM core version 7.2.0.Final
2025-12-30 12:27:09 [main] INFO  o.s.o.j.p.SpringPersistenceUnitInfo - No LoadTimeWeaver setup: ignoring JPA class transformer
2025-12-30 12:27:09 [main] INFO  com.zaxxer.hikari.HikariDataSource - HikariPool-1 - Starting...
2025-12-30 12:27:09 [main] INFO  com.zaxxer.hikari.pool.HikariPool - HikariPool-1 - Added connection org.postgresql.jdbc.PgConnection@397a10df
2025-12-30 12:27:09 [main] INFO  com.zaxxer.hikari.HikariDataSource - HikariPool-1 - Start completed.
2025-12-30 12:27:09 [main] WARN  org.hibernate.orm.deprecation - HHH90000025: PostgreSQLDialect does not need to be specified explicitly using 'hibernate.dialect' (remove the property setting and it will be selected by default)
2025-12-30 12:27:09 [main] INFO  o.hibernate.orm.connections.pooling - HHH10001005: Database info:
	Database JDBC URL [jdbc:postgresql://localhost:5432/parking]
	Database driver: PostgreSQL JDBC Driver
	Database dialect: PostgreSQLDialect
	Database version: 17.7
	Default catalog/schema: parking/public
	Autocommit mode: undefined/unknown
	Isolation level: READ_COMMITTED [default READ_COMMITTED]
	JDBC fetch size: none
	Pool: DataSourceConnectionProvider
	Minimum pool size: undefined/unknown
	Maximum pool size: undefined/unknown
2025-12-30 12:27:10 [main] INFO  org.hibernate.orm.core - HHH000489: No JTA platform available (set 'hibernate.transaction.jta.platform' to enable JTA platform integration)
2025-12-30 12:27:10 [main] INFO  o.s.o.j.LocalContainerEntityManagerFactoryBean - Initialized JPA EntityManagerFactory for persistence unit 'default'
2025-12-30 12:27:10 [main] INFO  o.s.d.j.r.q.QueryEnhancerFactories - Hibernate is in classpath; If applicable, HQL parser will be used.
2025-12-30 12:27:11 [main] INFO  parking.config.KafkaConfig - Creating Kafka Template for message production
2025-12-30 12:27:11 [main] INFO  parking.config.KafkaConfig - Configuring Kafka Producer with bootstrap servers: localhost:9092
2025-12-30 12:27:11 [main] INFO  parking.config.KafkaConfig - Configuring Kafka Consumer with bootstrap servers: localhost:9092
2025-12-30 12:27:11 [main] INFO  parking.config.KafkaConfig - Creating Kafka Listener Container Factory
2025-12-30 12:27:11 [main] INFO  parking.config.KafkaConfig - Creating Kafka topic: parking-events
2025-12-30 12:27:11 [main] INFO  parking.config.KafkaConfig - Creating Kafka topic: slot-updates
2025-12-30 12:27:11 [main] INFO  parking.config.KafkaConfig - Creating Kafka topic: parking-violations
2025-12-30 12:27:12 [main] INFO  o.s.boot.tomcat.TomcatWebServer - Tomcat started on port 8080 (http) with context path '/'
2025-12-30 12:27:12 [http-nio-8080-exec-1] INFO  o.a.c.c.C.[Tomcat].[localhost].[/] - Initializing Spring DispatcherServlet 'dispatcherServlet'
2025-12-30 12:27:12 [http-nio-8080-exec-1] INFO  o.s.web.servlet.DispatcherServlet - Initializing Servlet 'dispatcherServlet'
2025-12-30 12:27:12 [http-nio-8080-exec-1] INFO  o.s.web.servlet.DispatcherServlet - Completed initialization in 1 ms
2025-12-30 12:27:12 [main] INFO  o.a.k.common.config.AbstractConfig - ConsumerConfig values: 
	allow.auto.create.topics = true
	auto.commit.interval.ms = 5000
	auto.offset.reset = earliest
	bootstrap.servers = [localhost:9092]
	check.crcs = true
	client.dns.lookup = use_all_dns_ips
	client.id = consumer-parking-consumer-group-1
	client.rack = 
	connections.max.idle.ms = 540000
	default.api.timeout.ms = 60000
	enable.auto.commit = true
	enable.metrics.push = true
	exclude.internal.topics = true
	fetch.max.bytes = 52428800
	fetch.max.wait.ms = 500
	fetch.min.bytes = 1
	group.id = parking-consumer-group
	group.instance.id = null
	group.protocol = classic
	group.remote.assignor = null
	heartbeat.interval.ms = 3000
	interceptor.classes = []
	internal.leave.group.on.close = true
	internal.throw.on.fetch.stable.offset.unsupported = false
	isolation.level = read_uncommitted
	key.deserializer = class org.apache.kafka.common.serialization.StringDeserializer
	max.partition.fetch.bytes = 1048576
	max.poll.interval.ms = 300000
	max.poll.records = 500
	metadata.max.age.ms = 300000
	metadata.recovery.rebootstrap.trigger.ms = 300000
	metadata.recovery.strategy = rebootstrap
	metric.reporters = [org.apache.kafka.common.metrics.JmxReporter]
	metrics.num.samples = 2
	metrics.recording.level = INFO
	metrics.sample.window.ms = 30000
	partition.assignment.strategy = [class org.apache.kafka.clients.consumer.RangeAssignor, class org.apache.kafka.clients.consumer.CooperativeStickyAssignor]
	receive.buffer.bytes = 65536
	reconnect.backoff.max.ms = 1000
	reconnect.backoff.ms = 50
	request.timeout.ms = 30000
	retry.backoff.max.ms = 1000
	retry.backoff.ms = 100
	sasl.client.callback.handler.class = null
	sasl.jaas.config = null
	sasl.kerberos.kinit.cmd = /usr/bin/kinit
	sasl.kerberos.min.time.before.relogin = 60000
	sasl.kerberos.service.name = null
	sasl.kerberos.ticket.renew.jitter = 0.05
	sasl.kerberos.ticket.renew.window.factor = 0.8
	sasl.login.callback.handler.class = null
	sasl.login.class = null
	sasl.login.connect.timeout.ms = null
	sasl.login.read.timeout.ms = null
	sasl.login.refresh.buffer.seconds = 300
	sasl.login.refresh.min.period.seconds = 60
	sasl.login.refresh.window.factor = 0.8
	sasl.login.refresh.window.jitter = 0.05
	sasl.login.retry.backoff.max.ms = 10000
	sasl.login.retry.backoff.ms = 100
	sasl.mechanism = GSSAPI
	sasl.oauthbearer.assertion.algorithm = RS256
	sasl.oauthbearer.assertion.claim.aud = null
	sasl.oauthbearer.assertion.claim.exp.seconds = 300
	sasl.oauthbearer.assertion.claim.iss = null
	sasl.oauthbearer.assertion.claim.jti.include = false
	sasl.oauthbearer.assertion.claim.nbf.seconds = 60
	sasl.oauthbearer.assertion.claim.sub = null
	sasl.oauthbearer.assertion.file = null
	sasl.oauthbearer.assertion.private.key.file = null
	sasl.oauthbearer.assertion.private.key.passphrase = null
	sasl.oauthbearer.assertion.template.file = null
	sasl.oauthbearer.client.credentials.client.id = null
	sasl.oauthbearer.client.credentials.client.secret = null
	sasl.oauthbearer.clock.skew.seconds = 30
	sasl.oauthbearer.expected.audience = null
	sasl.oauthbearer.expected.issuer = null
	sasl.oauthbearer.header.urlencode = false
	sasl.oauthbearer.jwks.endpoint.refresh.ms = 3600000
	sasl.oauthbearer.jwks.endpoint.retry.backoff.max.ms = 10000
	sasl.oauthbearer.jwks.endpoint.retry.backoff.ms = 100
	sasl.oauthbearer.jwks.endpoint.url = null
	sasl.oauthbearer.jwt.retriever.class = class org.apache.kafka.common.security.oauthbearer.DefaultJwtRetriever
	sasl.oauthbearer.jwt.validator.class = class org.apache.kafka.common.security.oauthbearer.DefaultJwtValidator
	sasl.oauthbearer.scope = null
	sasl.oauthbearer.scope.claim.name = scope
	sasl.oauthbearer.sub.claim.name = sub
	sasl.oauthbearer.token.endpoint.url = null
	security.protocol = PLAINTEXT
	security.providers = null
	send.buffer.bytes = 131072
	session.timeout.ms = 45000
	share.acknowledgement.mode = implicit
	socket.connection.setup.timeout.max.ms = 30000
	socket.connection.setup.timeout.ms = 10000
	ssl.cipher.suites = null
	ssl.enabled.protocols = [TLSv1.2, TLSv1.3]
	ssl.endpoint.identification.algorithm = https
	ssl.engine.factory.class = null
	ssl.key.password = null
	ssl.keymanager.algorithm = SunX509
	ssl.keystore.certificate.chain = null
	ssl.keystore.key = null
	ssl.keystore.location = null
	ssl.keystore.password = null
	ssl.keystore.type = JKS
	ssl.protocol = TLSv1.3
	ssl.provider = null
	ssl.secure.random.implementation = null
	ssl.trustmanager.algorithm = PKIX
	ssl.truststore.certificates = null
	ssl.truststore.location = null
	ssl.truststore.password = null
	ssl.truststore.type = JKS
	value.deserializer = class org.apache.kafka.common.serialization.StringDeserializer

2025-12-30 12:27:12 [http-nio-8080-exec-1] INFO  p.controller.ViolationController - Fetching active violations
2025-12-30 12:27:12 [main] INFO  o.a.k.c.t.i.KafkaMetricsCollector - initializing Kafka metrics collector
2025-12-30 12:27:12 [http-nio-8080-exec-1] DEBUG org.hibernate.SQL - 
    select
        pv1_0.id,
        pv1_0.detected_at,
        pv1_0.entry_time,
        pv1_0.notes,
        pv1_0.overstay_minutes,
        pv1_0.resolved,
        pv1_0.resolved_at,
        pv1_0.slot_number,
        pv1_0.vehicle_number,
        pv1_0.violation_type 
    from
        parking_violations pv1_0 
    where
        pv1_0.resolved=false 
    order by
        pv1_0.detected_at desc
2025-12-30 12:27:12 [http-nio-8080-exec-2] DEBUG org.hibernate.SQL - 
    select
        ps1_0.id,
        ps1_0.current_vehicle_number,
        ps1_0.floor,
        ps1_0.last_updated,
        ps1_0.max_stay_minutes,
        ps1_0.occupied_since,
        ps1_0.reserved,
        ps1_0.slot_number,
        ps1_0.status,
        ps1_0.zone 
    from
        parking_slots ps1_0
2025-12-30 12:27:12 [http-nio-8080-exec-1] INFO  p.services.ViolationDetectionService - Found 0 active violations
2025-12-30 12:27:12 [http-nio-8080-exec-2] INFO  p.controller.ParkingController - Retrieved 8 parking slots
2025-12-30 12:27:12 [http-nio-8080-exec-10] INFO  p.controller.ParkingController - Fetching parking statistics
2025-12-30 12:27:12 [http-nio-8080-exec-10] DEBUG org.hibernate.SQL - 
    select
        count(*) 
    from
        parking_slots ps1_0
2025-12-30 12:27:12 [http-nio-8080-exec-10] DEBUG org.hibernate.SQL - 
    select
        count(ps1_0.id) 
    from
        parking_slots ps1_0 
    where
        ps1_0.status='VACANT'
2025-12-30 12:27:12 [http-nio-8080-exec-10] DEBUG org.hibernate.SQL - 
    select
        count(pv1_0.id) 
    from
        parking_violations pv1_0 
    where
        pv1_0.resolved=false
2025-12-30 12:27:12 [http-nio-8080-exec-10] INFO  parking.services.ParkingService - Parking Stats - Total: 8, Available: 8, Occupied: 0, Violations: 0, Occupancy Rate: 0.00%
2025-12-30 12:27:12 [http-nio-8080-exec-4] INFO  p.controller.ViolationController - Fetching active violations
2025-12-30 12:27:12 [http-nio-8080-exec-4] DEBUG org.hibernate.SQL - 
    select
        pv1_0.id,
        pv1_0.detected_at,
        pv1_0.entry_time,
        pv1_0.notes,
        pv1_0.overstay_minutes,
        pv1_0.resolved,
        pv1_0.resolved_at,
        pv1_0.slot_number,
        pv1_0.vehicle_number,
        pv1_0.violation_type 
    from
        parking_violations pv1_0 
    where
        pv1_0.resolved=false 
    order by
        pv1_0.detected_at desc
2025-12-30 12:27:12 [http-nio-8080-exec-4] INFO  p.services.ViolationDetectionService - Found 0 active violations
2025-12-30 12:27:12 [main] INFO  o.a.kafka.common.utils.AppInfoParser - Kafka version: 4.1.1
2025-12-30 12:27:12 [main] INFO  o.a.kafka.common.utils.AppInfoParser - Kafka commitId: be816b82d25370ce
2025-12-30 12:27:12 [main] INFO  o.a.kafka.common.utils.AppInfoParser - Kafka startTimeMs: 1767079632439
2025-12-30 12:27:12 [main] INFO  o.a.k.c.c.i.ClassicKafkaConsumer - [Consumer clientId=consumer-parking-consumer-group-1, groupId=parking-consumer-group] Subscribed to topic(s): parking-violations
2025-12-30 12:27:12 [main] INFO  o.a.k.common.config.AbstractConfig - ConsumerConfig values: 
	allow.auto.create.topics = true
	auto.commit.interval.ms = 5000
	auto.offset.reset = earliest
	bootstrap.servers = [localhost:9092]
	check.crcs = true
	client.dns.lookup = use_all_dns_ips
	client.id = consumer-parking-consumer-group-2
	client.rack = 
	connections.max.idle.ms = 540000
	default.api.timeout.ms = 60000
	enable.auto.commit = true
	enable.metrics.push = true
	exclude.internal.topics = true
	fetch.max.bytes = 52428800
	fetch.max.wait.ms = 500
	fetch.min.bytes = 1
	group.id = parking-consumer-group
	group.instance.id = null
	group.protocol = classic
	group.remote.assignor = null
	heartbeat.interval.ms = 3000
	interceptor.classes = []
	internal.leave.group.on.close = true
	internal.throw.on.fetch.stable.offset.unsupported = false
	isolation.level = read_uncommitted
	key.deserializer = class org.apache.kafka.common.serialization.StringDeserializer
	max.partition.fetch.bytes = 1048576
	max.poll.interval.ms = 300000
	max.poll.records = 500
	metadata.max.age.ms = 300000
	metadata.recovery.rebootstrap.trigger.ms = 300000
	metadata.recovery.strategy = rebootstrap
	metric.reporters = [org.apache.kafka.common.metrics.JmxReporter]
	metrics.num.samples = 2
	metrics.recording.level = INFO
	metrics.sample.window.ms = 30000
	partition.assignment.strategy = [class org.apache.kafka.clients.consumer.RangeAssignor, class org.apache.kafka.clients.consumer.CooperativeStickyAssignor]
	receive.buffer.bytes = 65536
	reconnect.backoff.max.ms = 1000
	reconnect.backoff.ms = 50
	request.timeout.ms = 30000
	retry.backoff.max.ms = 1000
	retry.backoff.ms = 100
	sasl.client.callback.handler.class = null
	sasl.jaas.config = null
	sasl.kerberos.kinit.cmd = /usr/bin/kinit
	sasl.kerberos.min.time.before.relogin = 60000
	sasl.kerberos.service.name = null
	sasl.kerberos.ticket.renew.jitter = 0.05
	sasl.kerberos.ticket.renew.window.factor = 0.8
	sasl.login.callback.handler.class = null
	sasl.login.class = null
	sasl.login.connect.timeout.ms = null
	sasl.login.read.timeout.ms = null
	sasl.login.refresh.buffer.seconds = 300
	sasl.login.refresh.min.period.seconds = 60
	sasl.login.refresh.window.factor = 0.8
	sasl.login.refresh.window.jitter = 0.05
	sasl.login.retry.backoff.max.ms = 10000
	sasl.login.retry.backoff.ms = 100
	sasl.mechanism = GSSAPI
	sasl.oauthbearer.assertion.algorithm = RS256
	sasl.oauthbearer.assertion.claim.aud = null
	sasl.oauthbearer.assertion.claim.exp.seconds = 300
	sasl.oauthbearer.assertion.claim.iss = null
	sasl.oauthbearer.assertion.claim.jti.include = false
	sasl.oauthbearer.assertion.claim.nbf.seconds = 60
	sasl.oauthbearer.assertion.claim.sub = null
	sasl.oauthbearer.assertion.file = null
	sasl.oauthbearer.assertion.private.key.file = null
	sasl.oauthbearer.assertion.private.key.passphrase = null
	sasl.oauthbearer.assertion.template.file = null
	sasl.oauthbearer.client.credentials.client.id = null
	sasl.oauthbearer.client.credentials.client.secret = null
	sasl.oauthbearer.clock.skew.seconds = 30
	sasl.oauthbearer.expected.audience = null
	sasl.oauthbearer.expected.issuer = null
	sasl.oauthbearer.header.urlencode = false
	sasl.oauthbearer.jwks.endpoint.refresh.ms = 3600000
	sasl.oauthbearer.jwks.endpoint.retry.backoff.max.ms = 10000
	sasl.oauthbearer.jwks.endpoint.retry.backoff.ms = 100
	sasl.oauthbearer.jwks.endpoint.url = null
	sasl.oauthbearer.jwt.retriever.class = class org.apache.kafka.common.security.oauthbearer.DefaultJwtRetriever
	sasl.oauthbearer.jwt.validator.class = class org.apache.kafka.common.security.oauthbearer.DefaultJwtValidator
	sasl.oauthbearer.scope = null
	sasl.oauthbearer.scope.claim.name = scope
	sasl.oauthbearer.sub.claim.name = sub
	sasl.oauthbearer.token.endpoint.url = null
	security.protocol = PLAINTEXT
	security.providers = null
	send.buffer.bytes = 131072
	session.timeout.ms = 45000
	share.acknowledgement.mode = implicit
	socket.connection.setup.timeout.max.ms = 30000
	socket.connection.setup.timeout.ms = 10000
	ssl.cipher.suites = null
	ssl.enabled.protocols = [TLSv1.2, TLSv1.3]
	ssl.endpoint.identification.algorithm = https
	ssl.engine.factory.class = null
	ssl.key.password = null
	ssl.keymanager.algorithm = SunX509
	ssl.keystore.certificate.chain = null
	ssl.keystore.key = null
	ssl.keystore.location = null
	ssl.keystore.password = null
	ssl.keystore.type = JKS
	ssl.protocol = TLSv1.3
	ssl.provider = null
	ssl.secure.random.implementation = null
	ssl.trustmanager.algorithm = PKIX
	ssl.truststore.certificates = null
	ssl.truststore.location = null
	ssl.truststore.password = null
	ssl.truststore.type = JKS
	value.deserializer = class org.apache.kafka.common.serialization.StringDeserializer

2025-12-30 12:27:12 [main] INFO  o.a.k.c.t.i.KafkaMetricsCollector - initializing Kafka metrics collector
2025-12-30 12:27:12 [main] INFO  o.a.kafka.common.utils.AppInfoParser - Kafka version: 4.1.1
2025-12-30 12:27:12 [main] INFO  o.a.kafka.common.utils.AppInfoParser - Kafka commitId: be816b82d25370ce
2025-12-30 12:27:12 [main] INFO  o.a.kafka.common.utils.AppInfoParser - Kafka startTimeMs: 1767079632466
2025-12-30 12:27:12 [main] INFO  o.a.k.c.c.i.ClassicKafkaConsumer - [Consumer clientId=consumer-parking-consumer-group-2, groupId=parking-consumer-group] Subscribed to topic(s): parking-violations
2025-12-30 12:27:12 [main] INFO  o.a.k.common.config.AbstractConfig - ConsumerConfig values: 
	allow.auto.create.topics = true
	auto.commit.interval.ms = 5000
	auto.offset.reset = earliest
	bootstrap.servers = [localhost:9092]
	check.crcs = true
	client.dns.lookup = use_all_dns_ips
	client.id = consumer-parking-consumer-group-3
	client.rack = 
	connections.max.idle.ms = 540000
	default.api.timeout.ms = 60000
	enable.auto.commit = true
	enable.metrics.push = true
	exclude.internal.topics = true
	fetch.max.bytes = 52428800
	fetch.max.wait.ms = 500
	fetch.min.bytes = 1
	group.id = parking-consumer-group
	group.instance.id = null
	group.protocol = classic
	group.remote.assignor = null
	heartbeat.interval.ms = 3000
	interceptor.classes = []
	internal.leave.group.on.close = true
	internal.throw.on.fetch.stable.offset.unsupported = false
	isolation.level = read_uncommitted
	key.deserializer = class org.apache.kafka.common.serialization.StringDeserializer
	max.partition.fetch.bytes = 1048576
	max.poll.interval.ms = 300000
	max.poll.records = 500
	metadata.max.age.ms = 300000
	metadata.recovery.rebootstrap.trigger.ms = 300000
	metadata.recovery.strategy = rebootstrap
	metric.reporters = [org.apache.kafka.common.metrics.JmxReporter]
	metrics.num.samples = 2
	metrics.recording.level = INFO
	metrics.sample.window.ms = 30000
	partition.assignment.strategy = [class org.apache.kafka.clients.consumer.RangeAssignor, class org.apache.kafka.clients.consumer.CooperativeStickyAssignor]
	receive.buffer.bytes = 65536
	reconnect.backoff.max.ms = 1000
	reconnect.backoff.ms = 50
	request.timeout.ms = 30000
	retry.backoff.max.ms = 1000
	retry.backoff.ms = 100
	sasl.client.callback.handler.class = null
	sasl.jaas.config = null
	sasl.kerberos.kinit.cmd = /usr/bin/kinit
	sasl.kerberos.min.time.before.relogin = 60000
	sasl.kerberos.service.name = null
	sasl.kerberos.ticket.renew.jitter = 0.05
	sasl.kerberos.ticket.renew.window.factor = 0.8
	sasl.login.callback.handler.class = null
	sasl.login.class = null
	sasl.login.connect.timeout.ms = null
	sasl.login.read.timeout.ms = null
	sasl.login.refresh.buffer.seconds = 300
	sasl.login.refresh.min.period.seconds = 60
	sasl.login.refresh.window.factor = 0.8
	sasl.login.refresh.window.jitter = 0.05
	sasl.login.retry.backoff.max.ms = 10000
	sasl.login.retry.backoff.ms = 100
	sasl.mechanism = GSSAPI
	sasl.oauthbearer.assertion.algorithm = RS256
	sasl.oauthbearer.assertion.claim.aud = null
	sasl.oauthbearer.assertion.claim.exp.seconds = 300
	sasl.oauthbearer.assertion.claim.iss = null
	sasl.oauthbearer.assertion.claim.jti.include = false
	sasl.oauthbearer.assertion.claim.nbf.seconds = 60
	sasl.oauthbearer.assertion.claim.sub = null
	sasl.oauthbearer.assertion.file = null
	sasl.oauthbearer.assertion.private.key.file = null
	sasl.oauthbearer.assertion.private.key.passphrase = null
	sasl.oauthbearer.assertion.template.file = null
	sasl.oauthbearer.client.credentials.client.id = null
	sasl.oauthbearer.client.credentials.client.secret = null
	sasl.oauthbearer.clock.skew.seconds = 30
	sasl.oauthbearer.expected.audience = null
	sasl.oauthbearer.expected.issuer = null
	sasl.oauthbearer.header.urlencode = false
	sasl.oauthbearer.jwks.endpoint.refresh.ms = 3600000
	sasl.oauthbearer.jwks.endpoint.retry.backoff.max.ms = 10000
	sasl.oauthbearer.jwks.endpoint.retry.backoff.ms = 100
	sasl.oauthbearer.jwks.endpoint.url = null
	sasl.oauthbearer.jwt.retriever.class = class org.apache.kafka.common.security.oauthbearer.DefaultJwtRetriever
	sasl.oauthbearer.jwt.validator.class = class org.apache.kafka.common.security.oauthbearer.DefaultJwtValidator
	sasl.oauthbearer.scope = null
	sasl.oauthbearer.scope.claim.name = scope
	sasl.oauthbearer.sub.claim.name = sub
	sasl.oauthbearer.token.endpoint.url = null
	security.protocol = PLAINTEXT
	security.providers = null
	send.buffer.bytes = 131072
	session.timeout.ms = 45000
	share.acknowledgement.mode = implicit
	socket.connection.setup.timeout.max.ms = 30000
	socket.connection.setup.timeout.ms = 10000
	ssl.cipher.suites = null
	ssl.enabled.protocols = [TLSv1.2, TLSv1.3]
	ssl.endpoint.identification.algorithm = https
	ssl.engine.factory.class = null
	ssl.key.password = null
	ssl.keymanager.algorithm = SunX509
	ssl.keystore.certificate.chain = null
	ssl.keystore.key = null
	ssl.keystore.location = null
	ssl.keystore.password = null
	ssl.keystore.type = JKS
	ssl.protocol = TLSv1.3
	ssl.provider = null
	ssl.secure.random.implementation = null
	ssl.trustmanager.algorithm = PKIX
	ssl.truststore.certificates = null
	ssl.truststore.location = null
	ssl.truststore.password = null
	ssl.truststore.type = JKS
	value.deserializer = class org.apache.kafka.common.serialization.StringDeserializer

2025-12-30 12:27:12 [main] INFO  o.a.k.c.t.i.KafkaMetricsCollector - initializing Kafka metrics collector
2025-12-30 12:27:12 [main] INFO  o.a.kafka.common.utils.AppInfoParser - Kafka version: 4.1.1
2025-12-30 12:27:12 [main] INFO  o.a.kafka.common.utils.AppInfoParser - Kafka commitId: be816b82d25370ce
2025-12-30 12:27:12 [main] INFO  o.a.kafka.common.utils.AppInfoParser - Kafka startTimeMs: 1767079632478
2025-12-30 12:27:12 [main] INFO  o.a.k.c.c.i.ClassicKafkaConsumer - [Consumer clientId=consumer-parking-consumer-group-3, groupId=parking-consumer-group] Subscribed to topic(s): parking-violations
2025-12-30 12:27:12 [main] INFO  o.a.k.common.config.AbstractConfig - ConsumerConfig values: 
	allow.auto.create.topics = true
	auto.commit.interval.ms = 5000
	auto.offset.reset = earliest
	bootstrap.servers = [localhost:9092]
	check.crcs = true
	client.dns.lookup = use_all_dns_ips
	client.id = consumer-parking-consumer-group-4
	client.rack = 
	connections.max.idle.ms = 540000
	default.api.timeout.ms = 60000
	enable.auto.commit = true
	enable.metrics.push = true
	exclude.internal.topics = true
	fetch.max.bytes = 52428800
	fetch.max.wait.ms = 500
	fetch.min.bytes = 1
	group.id = parking-consumer-group
	group.instance.id = null
	group.protocol = classic
	group.remote.assignor = null
	heartbeat.interval.ms = 3000
	interceptor.classes = []
	internal.leave.group.on.close = true
	internal.throw.on.fetch.stable.offset.unsupported = false
	isolation.level = read_uncommitted
	key.deserializer = class org.apache.kafka.common.serialization.StringDeserializer
	max.partition.fetch.bytes = 1048576
	max.poll.interval.ms = 300000
	max.poll.records = 500
	metadata.max.age.ms = 300000
	metadata.recovery.rebootstrap.trigger.ms = 300000
	metadata.recovery.strategy = rebootstrap
	metric.reporters = [org.apache.kafka.common.metrics.JmxReporter]
	metrics.num.samples = 2
	metrics.recording.level = INFO
	metrics.sample.window.ms = 30000
	partition.assignment.strategy = [class org.apache.kafka.clients.consumer.RangeAssignor, class org.apache.kafka.clients.consumer.CooperativeStickyAssignor]
	receive.buffer.bytes = 65536
	reconnect.backoff.max.ms = 1000
	reconnect.backoff.ms = 50
	request.timeout.ms = 30000
	retry.backoff.max.ms = 1000
	retry.backoff.ms = 100
	sasl.client.callback.handler.class = null
	sasl.jaas.config = null
	sasl.kerberos.kinit.cmd = /usr/bin/kinit
	sasl.kerberos.min.time.before.relogin = 60000
	sasl.kerberos.service.name = null
	sasl.kerberos.ticket.renew.jitter = 0.05
	sasl.kerberos.ticket.renew.window.factor = 0.8
	sasl.login.callback.handler.class = null
	sasl.login.class = null
	sasl.login.connect.timeout.ms = null
	sasl.login.read.timeout.ms = null
	sasl.login.refresh.buffer.seconds = 300
	sasl.login.refresh.min.period.seconds = 60
	sasl.login.refresh.window.factor = 0.8
	sasl.login.refresh.window.jitter = 0.05
	sasl.login.retry.backoff.max.ms = 10000
	sasl.login.retry.backoff.ms = 100
	sasl.mechanism = GSSAPI
	sasl.oauthbearer.assertion.algorithm = RS256
	sasl.oauthbearer.assertion.claim.aud = null
	sasl.oauthbearer.assertion.claim.exp.seconds = 300
	sasl.oauthbearer.assertion.claim.iss = null
	sasl.oauthbearer.assertion.claim.jti.include = false
	sasl.oauthbearer.assertion.claim.nbf.seconds = 60
	sasl.oauthbearer.assertion.claim.sub = null
	sasl.oauthbearer.assertion.file = null
	sasl.oauthbearer.assertion.private.key.file = null
	sasl.oauthbearer.assertion.private.key.passphrase = null
	sasl.oauthbearer.assertion.template.file = null
	sasl.oauthbearer.client.credentials.client.id = null
	sasl.oauthbearer.client.credentials.client.secret = null
	sasl.oauthbearer.clock.skew.seconds = 30
	sasl.oauthbearer.expected.audience = null
	sasl.oauthbearer.expected.issuer = null
	sasl.oauthbearer.header.urlencode = false
	sasl.oauthbearer.jwks.endpoint.refresh.ms = 3600000
	sasl.oauthbearer.jwks.endpoint.retry.backoff.max.ms = 10000
	sasl.oauthbearer.jwks.endpoint.retry.backoff.ms = 100
	sasl.oauthbearer.jwks.endpoint.url = null
	sasl.oauthbearer.jwt.retriever.class = class org.apache.kafka.common.security.oauthbearer.DefaultJwtRetriever
	sasl.oauthbearer.jwt.validator.class = class org.apache.kafka.common.security.oauthbearer.DefaultJwtValidator
	sasl.oauthbearer.scope = null
	sasl.oauthbearer.scope.claim.name = scope
	sasl.oauthbearer.sub.claim.name = sub
	sasl.oauthbearer.token.endpoint.url = null
	security.protocol = PLAINTEXT
	security.providers = null
	send.buffer.bytes = 131072
	session.timeout.ms = 45000
	share.acknowledgement.mode = implicit
	socket.connection.setup.timeout.max.ms = 30000
	socket.connection.setup.timeout.ms = 10000
	ssl.cipher.suites = null
	ssl.enabled.protocols = [TLSv1.2, TLSv1.3]
	ssl.endpoint.identification.algorithm = https
	ssl.engine.factory.class = null
	ssl.key.password = null
	ssl.keymanager.algorithm = SunX509
	ssl.keystore.certificate.chain = null
	ssl.keystore.key = null
	ssl.keystore.location = null
	ssl.keystore.password = null
	ssl.keystore.type = JKS
	ssl.protocol = TLSv1.3
	ssl.provider = null
	ssl.secure.random.implementation = null
	ssl.trustmanager.algorithm = PKIX
	ssl.truststore.certificates = null
	ssl.truststore.location = null
	ssl.truststore.password = null
	ssl.truststore.type = JKS
	value.deserializer = class org.apache.kafka.common.serialization.StringDeserializer

2025-12-30 12:27:12 [main] INFO  o.a.k.c.t.i.KafkaMetricsCollector - initializing Kafka metrics collector
2025-12-30 12:27:12 [main] INFO  o.a.kafka.common.utils.AppInfoParser - Kafka version: 4.1.1
2025-12-30 12:27:12 [main] INFO  o.a.kafka.common.utils.AppInfoParser - Kafka commitId: be816b82d25370ce
2025-12-30 12:27:12 [main] INFO  o.a.kafka.common.utils.AppInfoParser - Kafka startTimeMs: 1767079632491
2025-12-30 12:27:12 [main] INFO  o.a.k.c.c.i.ClassicKafkaConsumer - [Consumer clientId=consumer-parking-consumer-group-4, groupId=parking-consumer-group] Subscribed to topic(s): parking-events
2025-12-30 12:27:12 [main] INFO  o.a.k.common.config.AbstractConfig - ConsumerConfig values: 
	allow.auto.create.topics = true
	auto.commit.interval.ms = 5000
	auto.offset.reset = earliest
	bootstrap.servers = [localhost:9092]
	check.crcs = true
	client.dns.lookup = use_all_dns_ips
	client.id = consumer-parking-consumer-group-5
	client.rack = 
	connections.max.idle.ms = 540000
	default.api.timeout.ms = 60000
	enable.auto.commit = true
	enable.metrics.push = true
	exclude.internal.topics = true
	fetch.max.bytes = 52428800
	fetch.max.wait.ms = 500
	fetch.min.bytes = 1
	group.id = parking-consumer-group
	group.instance.id = null
	group.protocol = classic
	group.remote.assignor = null
	heartbeat.interval.ms = 3000
	interceptor.classes = []
	internal.leave.group.on.close = true
	internal.throw.on.fetch.stable.offset.unsupported = false
	isolation.level = read_uncommitted
	key.deserializer = class org.apache.kafka.common.serialization.StringDeserializer
	max.partition.fetch.bytes = 1048576
	max.poll.interval.ms = 300000
	max.poll.records = 500
	metadata.max.age.ms = 300000
	metadata.recovery.rebootstrap.trigger.ms = 300000
	metadata.recovery.strategy = rebootstrap
	metric.reporters = [org.apache.kafka.common.metrics.JmxReporter]
	metrics.num.samples = 2
	metrics.recording.level = INFO
	metrics.sample.window.ms = 30000
	partition.assignment.strategy = [class org.apache.kafka.clients.consumer.RangeAssignor, class org.apache.kafka.clients.consumer.CooperativeStickyAssignor]
	receive.buffer.bytes = 65536
	reconnect.backoff.max.ms = 1000
	reconnect.backoff.ms = 50
	request.timeout.ms = 30000
	retry.backoff.max.ms = 1000
	retry.backoff.ms = 100
	sasl.client.callback.handler.class = null
	sasl.jaas.config = null
	sasl.kerberos.kinit.cmd = /usr/bin/kinit
	sasl.kerberos.min.time.before.relogin = 60000
	sasl.kerberos.service.name = null
	sasl.kerberos.ticket.renew.jitter = 0.05
	sasl.kerberos.ticket.renew.window.factor = 0.8
	sasl.login.callback.handler.class = null
	sasl.login.class = null
	sasl.login.connect.timeout.ms = null
	sasl.login.read.timeout.ms = null
	sasl.login.refresh.buffer.seconds = 300
	sasl.login.refresh.min.period.seconds = 60
	sasl.login.refresh.window.factor = 0.8
	sasl.login.refresh.window.jitter = 0.05
	sasl.login.retry.backoff.max.ms = 10000
	sasl.login.retry.backoff.ms = 100
	sasl.mechanism = GSSAPI
	sasl.oauthbearer.assertion.algorithm = RS256
	sasl.oauthbearer.assertion.claim.aud = null
	sasl.oauthbearer.assertion.claim.exp.seconds = 300
	sasl.oauthbearer.assertion.claim.iss = null
	sasl.oauthbearer.assertion.claim.jti.include = false
	sasl.oauthbearer.assertion.claim.nbf.seconds = 60
	sasl.oauthbearer.assertion.claim.sub = null
	sasl.oauthbearer.assertion.file = null
	sasl.oauthbearer.assertion.private.key.file = null
	sasl.oauthbearer.assertion.private.key.passphrase = null
	sasl.oauthbearer.assertion.template.file = null
	sasl.oauthbearer.client.credentials.client.id = null
	sasl.oauthbearer.client.credentials.client.secret = null
	sasl.oauthbearer.clock.skew.seconds = 30
	sasl.oauthbearer.expected.audience = null
	sasl.oauthbearer.expected.issuer = null
	sasl.oauthbearer.header.urlencode = false
	sasl.oauthbearer.jwks.endpoint.refresh.ms = 3600000
	sasl.oauthbearer.jwks.endpoint.retry.backoff.max.ms = 10000
	sasl.oauthbearer.jwks.endpoint.retry.backoff.ms = 100
	sasl.oauthbearer.jwks.endpoint.url = null
	sasl.oauthbearer.jwt.retriever.class = class org.apache.kafka.common.security.oauthbearer.DefaultJwtRetriever
	sasl.oauthbearer.jwt.validator.class = class org.apache.kafka.common.security.oauthbearer.DefaultJwtValidator
	sasl.oauthbearer.scope = null
	sasl.oauthbearer.scope.claim.name = scope
	sasl.oauthbearer.sub.claim.name = sub
	sasl.oauthbearer.token.endpoint.url = null
	security.protocol = PLAINTEXT
	security.providers = null
	send.buffer.bytes = 131072
	session.timeout.ms = 45000
	share.acknowledgement.mode = implicit
	socket.connection.setup.timeout.max.ms = 30000
	socket.connection.setup.timeout.ms = 10000
	ssl.cipher.suites = null
	ssl.enabled.protocols = [TLSv1.2, TLSv1.3]
	ssl.endpoint.identification.algorithm = https
	ssl.engine.factory.class = null
	ssl.key.password = null
	ssl.keymanager.algorithm = SunX509
	ssl.keystore.certificate.chain = null
	ssl.keystore.key = null
	ssl.keystore.location = null
	ssl.keystore.password = null
	ssl.keystore.type = JKS
	ssl.protocol = TLSv1.3
	ssl.provider = null
	ssl.secure.random.implementation = null
	ssl.trustmanager.algorithm = PKIX
	ssl.truststore.certificates = null
	ssl.truststore.location = null
	ssl.truststore.password = null
	ssl.truststore.type = JKS
	value.deserializer = class org.apache.kafka.common.serialization.StringDeserializer

2025-12-30 12:27:12 [main] INFO  o.a.k.c.t.i.KafkaMetricsCollector - initializing Kafka metrics collector
2025-12-30 12:27:12 [main] INFO  o.a.kafka.common.utils.AppInfoParser - Kafka version: 4.1.1
2025-12-30 12:27:12 [main] INFO  o.a.kafka.common.utils.AppInfoParser - Kafka commitId: be816b82d25370ce
2025-12-30 12:27:12 [main] INFO  o.a.kafka.common.utils.AppInfoParser - Kafka startTimeMs: 1767079632506
2025-12-30 12:27:12 [main] INFO  o.a.k.c.c.i.ClassicKafkaConsumer - [Consumer clientId=consumer-parking-consumer-group-5, groupId=parking-consumer-group] Subscribed to topic(s): parking-events
2025-12-30 12:27:12 [main] INFO  o.a.k.common.config.AbstractConfig - ConsumerConfig values: 
	allow.auto.create.topics = true
	auto.commit.interval.ms = 5000
	auto.offset.reset = earliest
	bootstrap.servers = [localhost:9092]
	check.crcs = true
	client.dns.lookup = use_all_dns_ips
	client.id = consumer-parking-consumer-group-6
	client.rack = 
	connections.max.idle.ms = 540000
	default.api.timeout.ms = 60000
	enable.auto.commit = true
	enable.metrics.push = true
	exclude.internal.topics = true
	fetch.max.bytes = 52428800
	fetch.max.wait.ms = 500
	fetch.min.bytes = 1
	group.id = parking-consumer-group
	group.instance.id = null
	group.protocol = classic
	group.remote.assignor = null
	heartbeat.interval.ms = 3000
	interceptor.classes = []
	internal.leave.group.on.close = true
	internal.throw.on.fetch.stable.offset.unsupported = false
	isolation.level = read_uncommitted
	key.deserializer = class org.apache.kafka.common.serialization.StringDeserializer
	max.partition.fetch.bytes = 1048576
	max.poll.interval.ms = 300000
	max.poll.records = 500
	metadata.max.age.ms = 300000
	metadata.recovery.rebootstrap.trigger.ms = 300000
	metadata.recovery.strategy = rebootstrap
	metric.reporters = [org.apache.kafka.common.metrics.JmxReporter]
	metrics.num.samples = 2
	metrics.recording.level = INFO
	metrics.sample.window.ms = 30000
	partition.assignment.strategy = [class org.apache.kafka.clients.consumer.RangeAssignor, class org.apache.kafka.clients.consumer.CooperativeStickyAssignor]
	receive.buffer.bytes = 65536
	reconnect.backoff.max.ms = 1000
	reconnect.backoff.ms = 50
	request.timeout.ms = 30000
	retry.backoff.max.ms = 1000
	retry.backoff.ms = 100
	sasl.client.callback.handler.class = null
	sasl.jaas.config = null
	sasl.kerberos.kinit.cmd = /usr/bin/kinit
	sasl.kerberos.min.time.before.relogin = 60000
	sasl.kerberos.service.name = null
	sasl.kerberos.ticket.renew.jitter = 0.05
	sasl.kerberos.ticket.renew.window.factor = 0.8
	sasl.login.callback.handler.class = null
	sasl.login.class = null
	sasl.login.connect.timeout.ms = null
	sasl.login.read.timeout.ms = null
	sasl.login.refresh.buffer.seconds = 300
	sasl.login.refresh.min.period.seconds = 60
	sasl.login.refresh.window.factor = 0.8
	sasl.login.refresh.window.jitter = 0.05
	sasl.login.retry.backoff.max.ms = 10000
	sasl.login.retry.backoff.ms = 100
	sasl.mechanism = GSSAPI
	sasl.oauthbearer.assertion.algorithm = RS256
	sasl.oauthbearer.assertion.claim.aud = null
	sasl.oauthbearer.assertion.claim.exp.seconds = 300
	sasl.oauthbearer.assertion.claim.iss = null
	sasl.oauthbearer.assertion.claim.jti.include = false
	sasl.oauthbearer.assertion.claim.nbf.seconds = 60
	sasl.oauthbearer.assertion.claim.sub = null
	sasl.oauthbearer.assertion.file = null
	sasl.oauthbearer.assertion.private.key.file = null
	sasl.oauthbearer.assertion.private.key.passphrase = null
	sasl.oauthbearer.assertion.template.file = null
	sasl.oauthbearer.client.credentials.client.id = null
	sasl.oauthbearer.client.credentials.client.secret = null
	sasl.oauthbearer.clock.skew.seconds = 30
	sasl.oauthbearer.expected.audience = null
	sasl.oauthbearer.expected.issuer = null
	sasl.oauthbearer.header.urlencode = false
	sasl.oauthbearer.jwks.endpoint.refresh.ms = 3600000
	sasl.oauthbearer.jwks.endpoint.retry.backoff.max.ms = 10000
	sasl.oauthbearer.jwks.endpoint.retry.backoff.ms = 100
	sasl.oauthbearer.jwks.endpoint.url = null
	sasl.oauthbearer.jwt.retriever.class = class org.apache.kafka.common.security.oauthbearer.DefaultJwtRetriever
	sasl.oauthbearer.jwt.validator.class = class org.apache.kafka.common.security.oauthbearer.DefaultJwtValidator
	sasl.oauthbearer.scope = null
	sasl.oauthbearer.scope.claim.name = scope
	sasl.oauthbearer.sub.claim.name = sub
	sasl.oauthbearer.token.endpoint.url = null
	security.protocol = PLAINTEXT
	security.providers = null
	send.buffer.bytes = 131072
	session.timeout.ms = 45000
	share.acknowledgement.mode = implicit
	socket.connection.setup.timeout.max.ms = 30000
	socket.connection.setup.timeout.ms = 10000
	ssl.cipher.suites = null
	ssl.enabled.protocols = [TLSv1.2, TLSv1.3]
	ssl.endpoint.identification.algorithm = https
	ssl.engine.factory.class = null
	ssl.key.password = null
	ssl.keymanager.algorithm = SunX509
	ssl.keystore.certificate.chain = null
	ssl.keystore.key = null
	ssl.keystore.location = null
	ssl.keystore.password = null
	ssl.keystore.type = JKS
	ssl.protocol = TLSv1.3
	ssl.provider = null
	ssl.secure.random.implementation = null
	ssl.trustmanager.algorithm = PKIX
	ssl.truststore.certificates = null
	ssl.truststore.location = null
	ssl.truststore.password = null
	ssl.truststore.type = JKS
	value.deserializer = class org.apache.kafka.common.serialization.StringDeserializer

2025-12-30 12:27:12 [main] INFO  o.a.k.c.t.i.KafkaMetricsCollector - initializing Kafka metrics collector
2025-12-30 12:27:12 [main] INFO  o.a.kafka.common.utils.AppInfoParser - Kafka version: 4.1.1
2025-12-30 12:27:12 [main] INFO  o.a.kafka.common.utils.AppInfoParser - Kafka commitId: be816b82d25370ce
2025-12-30 12:27:12 [main] INFO  o.a.kafka.common.utils.AppInfoParser - Kafka startTimeMs: 1767079632520
2025-12-30 12:27:12 [main] INFO  o.a.k.c.c.i.ClassicKafkaConsumer - [Consumer clientId=consumer-parking-consumer-group-6, groupId=parking-consumer-group] Subscribed to topic(s): parking-events
2025-12-30 12:27:12 [main] INFO  o.a.k.common.config.AbstractConfig - ConsumerConfig values: 
	allow.auto.create.topics = true
	auto.commit.interval.ms = 5000
	auto.offset.reset = earliest
	bootstrap.servers = [localhost:9092]
	check.crcs = true
	client.dns.lookup = use_all_dns_ips
	client.id = consumer-parking-consumer-group-7
	client.rack = 
	connections.max.idle.ms = 540000
	default.api.timeout.ms = 60000
	enable.auto.commit = true
	enable.metrics.push = true
	exclude.internal.topics = true
	fetch.max.bytes = 52428800
	fetch.max.wait.ms = 500
	fetch.min.bytes = 1
	group.id = parking-consumer-group
	group.instance.id = null
	group.protocol = classic
	group.remote.assignor = null
	heartbeat.interval.ms = 3000
	interceptor.classes = []
	internal.leave.group.on.close = true
	internal.throw.on.fetch.stable.offset.unsupported = false
	isolation.level = read_uncommitted
	key.deserializer = class org.apache.kafka.common.serialization.StringDeserializer
	max.partition.fetch.bytes = 1048576
	max.poll.interval.ms = 300000
	max.poll.records = 500
	metadata.max.age.ms = 300000
	metadata.recovery.rebootstrap.trigger.ms = 300000
	metadata.recovery.strategy = rebootstrap
	metric.reporters = [org.apache.kafka.common.metrics.JmxReporter]
	metrics.num.samples = 2
	metrics.recording.level = INFO
	metrics.sample.window.ms = 30000
	partition.assignment.strategy = [class org.apache.kafka.clients.consumer.RangeAssignor, class org.apache.kafka.clients.consumer.CooperativeStickyAssignor]
	receive.buffer.bytes = 65536
	reconnect.backoff.max.ms = 1000
	reconnect.backoff.ms = 50
	request.timeout.ms = 30000
	retry.backoff.max.ms = 1000
	retry.backoff.ms = 100
	sasl.client.callback.handler.class = null
	sasl.jaas.config = null
	sasl.kerberos.kinit.cmd = /usr/bin/kinit
	sasl.kerberos.min.time.before.relogin = 60000
	sasl.kerberos.service.name = null
	sasl.kerberos.ticket.renew.jitter = 0.05
	sasl.kerberos.ticket.renew.window.factor = 0.8
	sasl.login.callback.handler.class = null
	sasl.login.class = null
	sasl.login.connect.timeout.ms = null
	sasl.login.read.timeout.ms = null
	sasl.login.refresh.buffer.seconds = 300
	sasl.login.refresh.min.period.seconds = 60
	sasl.login.refresh.window.factor = 0.8
	sasl.login.refresh.window.jitter = 0.05
	sasl.login.retry.backoff.max.ms = 10000
	sasl.login.retry.backoff.ms = 100
	sasl.mechanism = GSSAPI
	sasl.oauthbearer.assertion.algorithm = RS256
	sasl.oauthbearer.assertion.claim.aud = null
	sasl.oauthbearer.assertion.claim.exp.seconds = 300
	sasl.oauthbearer.assertion.claim.iss = null
	sasl.oauthbearer.assertion.claim.jti.include = false
	sasl.oauthbearer.assertion.claim.nbf.seconds = 60
	sasl.oauthbearer.assertion.claim.sub = null
	sasl.oauthbearer.assertion.file = null
	sasl.oauthbearer.assertion.private.key.file = null
	sasl.oauthbearer.assertion.private.key.passphrase = null
	sasl.oauthbearer.assertion.template.file = null
	sasl.oauthbearer.client.credentials.client.id = null
	sasl.oauthbearer.client.credentials.client.secret = null
	sasl.oauthbearer.clock.skew.seconds = 30
	sasl.oauthbearer.expected.audience = null
	sasl.oauthbearer.expected.issuer = null
	sasl.oauthbearer.header.urlencode = false
	sasl.oauthbearer.jwks.endpoint.refresh.ms = 3600000
	sasl.oauthbearer.jwks.endpoint.retry.backoff.max.ms = 10000
	sasl.oauthbearer.jwks.endpoint.retry.backoff.ms = 100
	sasl.oauthbearer.jwks.endpoint.url = null
	sasl.oauthbearer.jwt.retriever.class = class org.apache.kafka.common.security.oauthbearer.DefaultJwtRetriever
	sasl.oauthbearer.jwt.validator.class = class org.apache.kafka.common.security.oauthbearer.DefaultJwtValidator
	sasl.oauthbearer.scope = null
	sasl.oauthbearer.scope.claim.name = scope
	sasl.oauthbearer.sub.claim.name = sub
	sasl.oauthbearer.token.endpoint.url = null
	security.protocol = PLAINTEXT
	security.providers = null
	send.buffer.bytes = 131072
	session.timeout.ms = 45000
	share.acknowledgement.mode = implicit
	socket.connection.setup.timeout.max.ms = 30000
	socket.connection.setup.timeout.ms = 10000
	ssl.cipher.suites = null
	ssl.enabled.protocols = [TLSv1.2, TLSv1.3]
	ssl.endpoint.identification.algorithm = https
	ssl.engine.factory.class = null
	ssl.key.password = null
	ssl.keymanager.algorithm = SunX509
	ssl.keystore.certificate.chain = null
	ssl.keystore.key = null
	ssl.keystore.location = null
	ssl.keystore.password = null
	ssl.keystore.type = JKS
	ssl.protocol = TLSv1.3
	ssl.provider = null
	ssl.secure.random.implementation = null
	ssl.trustmanager.algorithm = PKIX
	ssl.truststore.certificates = null
	ssl.truststore.location = null
	ssl.truststore.password = null
	ssl.truststore.type = JKS
	value.deserializer = class org.apache.kafka.common.serialization.StringDeserializer

2025-12-30 12:27:12 [main] INFO  o.a.k.c.t.i.KafkaMetricsCollector - initializing Kafka metrics collector
2025-12-30 12:27:12 [main] INFO  o.a.kafka.common.utils.AppInfoParser - Kafka version: 4.1.1
2025-12-30 12:27:12 [main] INFO  o.a.kafka.common.utils.AppInfoParser - Kafka commitId: be816b82d25370ce
2025-12-30 12:27:12 [main] INFO  o.a.kafka.common.utils.AppInfoParser - Kafka startTimeMs: 1767079632531
2025-12-30 12:27:12 [main] INFO  o.a.k.c.c.i.ClassicKafkaConsumer - [Consumer clientId=consumer-parking-consumer-group-7, groupId=parking-consumer-group] Subscribed to topic(s): slot-updates
2025-12-30 12:27:12 [main] INFO  o.a.k.common.config.AbstractConfig - ConsumerConfig values: 
	allow.auto.create.topics = true
	auto.commit.interval.ms = 5000
	auto.offset.reset = earliest
	bootstrap.servers = [localhost:9092]
	check.crcs = true
	client.dns.lookup = use_all_dns_ips
	client.id = consumer-parking-consumer-group-8
	client.rack = 
	connections.max.idle.ms = 540000
	default.api.timeout.ms = 60000
	enable.auto.commit = true
	enable.metrics.push = true
	exclude.internal.topics = true
	fetch.max.bytes = 52428800
	fetch.max.wait.ms = 500
	fetch.min.bytes = 1
	group.id = parking-consumer-group
	group.instance.id = null
	group.protocol = classic
	group.remote.assignor = null
	heartbeat.interval.ms = 3000
	interceptor.classes = []
	internal.leave.group.on.close = true
	internal.throw.on.fetch.stable.offset.unsupported = false
	isolation.level = read_uncommitted
	key.deserializer = class org.apache.kafka.common.serialization.StringDeserializer
	max.partition.fetch.bytes = 1048576
	max.poll.interval.ms = 300000
	max.poll.records = 500
	metadata.max.age.ms = 300000
	metadata.recovery.rebootstrap.trigger.ms = 300000
	metadata.recovery.strategy = rebootstrap
	metric.reporters = [org.apache.kafka.common.metrics.JmxReporter]
	metrics.num.samples = 2
	metrics.recording.level = INFO
	metrics.sample.window.ms = 30000
	partition.assignment.strategy = [class org.apache.kafka.clients.consumer.RangeAssignor, class org.apache.kafka.clients.consumer.CooperativeStickyAssignor]
	receive.buffer.bytes = 65536
	reconnect.backoff.max.ms = 1000
	reconnect.backoff.ms = 50
	request.timeout.ms = 30000
	retry.backoff.max.ms = 1000
	retry.backoff.ms = 100
	sasl.client.callback.handler.class = null
	sasl.jaas.config = null
	sasl.kerberos.kinit.cmd = /usr/bin/kinit
	sasl.kerberos.min.time.before.relogin = 60000
	sasl.kerberos.service.name = null
	sasl.kerberos.ticket.renew.jitter = 0.05
	sasl.kerberos.ticket.renew.window.factor = 0.8
	sasl.login.callback.handler.class = null
	sasl.login.class = null
	sasl.login.connect.timeout.ms = null
	sasl.login.read.timeout.ms = null
	sasl.login.refresh.buffer.seconds = 300
	sasl.login.refresh.min.period.seconds = 60
	sasl.login.refresh.window.factor = 0.8
	sasl.login.refresh.window.jitter = 0.05
	sasl.login.retry.backoff.max.ms = 10000
	sasl.login.retry.backoff.ms = 100
	sasl.mechanism = GSSAPI
	sasl.oauthbearer.assertion.algorithm = RS256
	sasl.oauthbearer.assertion.claim.aud = null
	sasl.oauthbearer.assertion.claim.exp.seconds = 300
	sasl.oauthbearer.assertion.claim.iss = null
	sasl.oauthbearer.assertion.claim.jti.include = false
	sasl.oauthbearer.assertion.claim.nbf.seconds = 60
	sasl.oauthbearer.assertion.claim.sub = null
	sasl.oauthbearer.assertion.file = null
	sasl.oauthbearer.assertion.private.key.file = null
	sasl.oauthbearer.assertion.private.key.passphrase = null
	sasl.oauthbearer.assertion.template.file = null
	sasl.oauthbearer.client.credentials.client.id = null
	sasl.oauthbearer.client.credentials.client.secret = null
	sasl.oauthbearer.clock.skew.seconds = 30
	sasl.oauthbearer.expected.audience = null
	sasl.oauthbearer.expected.issuer = null
	sasl.oauthbearer.header.urlencode = false
	sasl.oauthbearer.jwks.endpoint.refresh.ms = 3600000
	sasl.oauthbearer.jwks.endpoint.retry.backoff.max.ms = 10000
	sasl.oauthbearer.jwks.endpoint.retry.backoff.ms = 100
	sasl.oauthbearer.jwks.endpoint.url = null
	sasl.oauthbearer.jwt.retriever.class = class org.apache.kafka.common.security.oauthbearer.DefaultJwtRetriever
	sasl.oauthbearer.jwt.validator.class = class org.apache.kafka.common.security.oauthbearer.DefaultJwtValidator
	sasl.oauthbearer.scope = null
	sasl.oauthbearer.scope.claim.name = scope
	sasl.oauthbearer.sub.claim.name = sub
	sasl.oauthbearer.token.endpoint.url = null
	security.protocol = PLAINTEXT
	security.providers = null
	send.buffer.bytes = 131072
	session.timeout.ms = 45000
	share.acknowledgement.mode = implicit
	socket.connection.setup.timeout.max.ms = 30000
	socket.connection.setup.timeout.ms = 10000
	ssl.cipher.suites = null
	ssl.enabled.protocols = [TLSv1.2, TLSv1.3]
	ssl.endpoint.identification.algorithm = https
	ssl.engine.factory.class = null
	ssl.key.password = null
	ssl.keymanager.algorithm = SunX509
	ssl.keystore.certificate.chain = null
	ssl.keystore.key = null
	ssl.keystore.location = null
	ssl.keystore.password = null
	ssl.keystore.type = JKS
	ssl.protocol = TLSv1.3
	ssl.provider = null
	ssl.secure.random.implementation = null
	ssl.trustmanager.algorithm = PKIX
	ssl.truststore.certificates = null
	ssl.truststore.location = null
	ssl.truststore.password = null
	ssl.truststore.type = JKS
	value.deserializer = class org.apache.kafka.common.serialization.StringDeserializer

2025-12-30 12:27:12 [main] INFO  o.a.k.c.t.i.KafkaMetricsCollector - initializing Kafka metrics collector
2025-12-30 12:27:12 [main] INFO  o.a.kafka.common.utils.AppInfoParser - Kafka version: 4.1.1
2025-12-30 12:27:12 [main] INFO  o.a.kafka.common.utils.AppInfoParser - Kafka commitId: be816b82d25370ce
2025-12-30 12:27:12 [main] INFO  o.a.kafka.common.utils.AppInfoParser - Kafka startTimeMs: 1767079632546
2025-12-30 12:27:12 [main] INFO  o.a.k.c.c.i.ClassicKafkaConsumer - [Consumer clientId=consumer-parking-consumer-group-8, groupId=parking-consumer-group] Subscribed to topic(s): slot-updates
2025-12-30 12:27:12 [main] INFO  o.a.k.common.config.AbstractConfig - ConsumerConfig values: 
	allow.auto.create.topics = true
	auto.commit.interval.ms = 5000
	auto.offset.reset = earliest
	bootstrap.servers = [localhost:9092]
	check.crcs = true
	client.dns.lookup = use_all_dns_ips
	client.id = consumer-parking-consumer-group-9
	client.rack = 
	connections.max.idle.ms = 540000
	default.api.timeout.ms = 60000
	enable.auto.commit = true
	enable.metrics.push = true
	exclude.internal.topics = true
	fetch.max.bytes = 52428800
	fetch.max.wait.ms = 500
	fetch.min.bytes = 1
	group.id = parking-consumer-group
	group.instance.id = null
	group.protocol = classic
	group.remote.assignor = null
	heartbeat.interval.ms = 3000
	interceptor.classes = []
	internal.leave.group.on.close = true
	internal.throw.on.fetch.stable.offset.unsupported = false
	isolation.level = read_uncommitted
	key.deserializer = class org.apache.kafka.common.serialization.StringDeserializer
	max.partition.fetch.bytes = 1048576
	max.poll.interval.ms = 300000
	max.poll.records = 500
	metadata.max.age.ms = 300000
	metadata.recovery.rebootstrap.trigger.ms = 300000
	metadata.recovery.strategy = rebootstrap
	metric.reporters = [org.apache.kafka.common.metrics.JmxReporter]
	metrics.num.samples = 2
	metrics.recording.level = INFO
	metrics.sample.window.ms = 30000
	partition.assignment.strategy = [class org.apache.kafka.clients.consumer.RangeAssignor, class org.apache.kafka.clients.consumer.CooperativeStickyAssignor]
	receive.buffer.bytes = 65536
	reconnect.backoff.max.ms = 1000
	reconnect.backoff.ms = 50
	request.timeout.ms = 30000
	retry.backoff.max.ms = 1000
	retry.backoff.ms = 100
	sasl.client.callback.handler.class = null
	sasl.jaas.config = null
	sasl.kerberos.kinit.cmd = /usr/bin/kinit
	sasl.kerberos.min.time.before.relogin = 60000
	sasl.kerberos.service.name = null
	sasl.kerberos.ticket.renew.jitter = 0.05
	sasl.kerberos.ticket.renew.window.factor = 0.8
	sasl.login.callback.handler.class = null
	sasl.login.class = null
	sasl.login.connect.timeout.ms = null
	sasl.login.read.timeout.ms = null
	sasl.login.refresh.buffer.seconds = 300
	sasl.login.refresh.min.period.seconds = 60
	sasl.login.refresh.window.factor = 0.8
	sasl.login.refresh.window.jitter = 0.05
	sasl.login.retry.backoff.max.ms = 10000
	sasl.login.retry.backoff.ms = 100
	sasl.mechanism = GSSAPI
	sasl.oauthbearer.assertion.algorithm = RS256
	sasl.oauthbearer.assertion.claim.aud = null
	sasl.oauthbearer.assertion.claim.exp.seconds = 300
	sasl.oauthbearer.assertion.claim.iss = null
	sasl.oauthbearer.assertion.claim.jti.include = false
	sasl.oauthbearer.assertion.claim.nbf.seconds = 60
	sasl.oauthbearer.assertion.claim.sub = null
	sasl.oauthbearer.assertion.file = null
	sasl.oauthbearer.assertion.private.key.file = null
	sasl.oauthbearer.assertion.private.key.passphrase = null
	sasl.oauthbearer.assertion.template.file = null
	sasl.oauthbearer.client.credentials.client.id = null
	sasl.oauthbearer.client.credentials.client.secret = null
	sasl.oauthbearer.clock.skew.seconds = 30
	sasl.oauthbearer.expected.audience = null
	sasl.oauthbearer.expected.issuer = null
	sasl.oauthbearer.header.urlencode = false
	sasl.oauthbearer.jwks.endpoint.refresh.ms = 3600000
	sasl.oauthbearer.jwks.endpoint.retry.backoff.max.ms = 10000
	sasl.oauthbearer.jwks.endpoint.retry.backoff.ms = 100
	sasl.oauthbearer.jwks.endpoint.url = null
	sasl.oauthbearer.jwt.retriever.class = class org.apache.kafka.common.security.oauthbearer.DefaultJwtRetriever
	sasl.oauthbearer.jwt.validator.class = class org.apache.kafka.common.security.oauthbearer.DefaultJwtValidator
	sasl.oauthbearer.scope = null
	sasl.oauthbearer.scope.claim.name = scope
	sasl.oauthbearer.sub.claim.name = sub
	sasl.oauthbearer.token.endpoint.url = null
	security.protocol = PLAINTEXT
	security.providers = null
	send.buffer.bytes = 131072
	session.timeout.ms = 45000
	share.acknowledgement.mode = implicit
	socket.connection.setup.timeout.max.ms = 30000
	socket.connection.setup.timeout.ms = 10000
	ssl.cipher.suites = null
	ssl.enabled.protocols = [TLSv1.2, TLSv1.3]
	ssl.endpoint.identification.algorithm = https
	ssl.engine.factory.class = null
	ssl.key.password = null
	ssl.keymanager.algorithm = SunX509
	ssl.keystore.certificate.chain = null
	ssl.keystore.key = null
	ssl.keystore.location = null
	ssl.keystore.password = null
	ssl.keystore.type = JKS
	ssl.protocol = TLSv1.3
	ssl.provider = null
	ssl.secure.random.implementation = null
	ssl.trustmanager.algorithm = PKIX
	ssl.truststore.certificates = null
	ssl.truststore.location = null
	ssl.truststore.password = null
	ssl.truststore.type = JKS
	value.deserializer = class org.apache.kafka.common.serialization.StringDeserializer

2025-12-30 12:27:12 [main] INFO  o.a.k.c.t.i.KafkaMetricsCollector - initializing Kafka metrics collector
2025-12-30 12:27:12 [main] INFO  o.a.kafka.common.utils.AppInfoParser - Kafka version: 4.1.1
2025-12-30 12:27:12 [main] INFO  o.a.kafka.common.utils.AppInfoParser - Kafka commitId: be816b82d25370ce
2025-12-30 12:27:12 [main] INFO  o.a.kafka.common.utils.AppInfoParser - Kafka startTimeMs: 1767079632566
2025-12-30 12:27:12 [main] INFO  o.a.k.c.c.i.ClassicKafkaConsumer - [Consumer clientId=consumer-parking-consumer-group-9, groupId=parking-consumer-group] Subscribed to topic(s): slot-updates
2025-12-30 12:27:12 [main] INFO  parking.SmartParkingApplication - Started SmartParkingApplication in 6.415 seconds (process running for 6.94)
2025-12-30 12:27:13 [org.springframework.kafka.KafkaListenerEndpointContainer#2-2-C-1] INFO  org.apache.kafka.clients.Metadata - [Consumer clientId=consumer-parking-consumer-group-3, groupId=parking-consumer-group] Cluster ID: U86WkiAgRy2dA16VTwDwkA
2025-12-30 12:27:13 [org.springframework.kafka.KafkaListenerEndpointContainer#0-0-C-1] INFO  org.apache.kafka.clients.Metadata - [Consumer clientId=consumer-parking-consumer-group-4, groupId=parking-consumer-group] Cluster ID: U86WkiAgRy2dA16VTwDwkA
2025-12-30 12:27:13 [org.springframework.kafka.KafkaListenerEndpointContainer#2-0-C-1] INFO  org.apache.kafka.clients.Metadata - [Consumer clientId=consumer-parking-consumer-group-1, groupId=parking-consumer-group] Cluster ID: U86WkiAgRy2dA16VTwDwkA
2025-12-30 12:27:13 [org.springframework.kafka.KafkaListenerEndpointContainer#1-1-C-1] INFO  org.apache.kafka.clients.Metadata - [Consumer clientId=consumer-parking-consumer-group-8, groupId=parking-consumer-group] Cluster ID: U86WkiAgRy2dA16VTwDwkA
2025-12-30 12:27:13 [org.springframework.kafka.KafkaListenerEndpointContainer#2-1-C-1] INFO  org.apache.kafka.clients.Metadata - [Consumer clientId=consumer-parking-consumer-group-2, groupId=parking-consumer-group] Cluster ID: U86WkiAgRy2dA16VTwDwkA
2025-12-30 12:27:13 [org.springframework.kafka.KafkaListenerEndpointContainer#0-1-C-1] INFO  org.apache.kafka.clients.Metadata - [Consumer clientId=consumer-parking-consumer-group-5, groupId=parking-consumer-group] Cluster ID: U86WkiAgRy2dA16VTwDwkA
2025-12-30 12:27:13 [org.springframework.kafka.KafkaListenerEndpointContainer#1-0-C-1] INFO  org.apache.kafka.clients.Metadata - [Consumer clientId=consumer-parking-consumer-group-7, groupId=parking-consumer-group] Cluster ID: U86WkiAgRy2dA16VTwDwkA
2025-12-30 12:27:13 [org.springframework.kafka.KafkaListenerEndpointContainer#0-2-C-1] INFO  org.apache.kafka.clients.Metadata - [Consumer clientId=consumer-parking-consumer-group-6, groupId=parking-consumer-group] Cluster ID: U86WkiAgRy2dA16VTwDwkA
2025-12-30 12:27:13 [org.springframework.kafka.KafkaListenerEndpointContainer#1-2-C-1] INFO  org.apache.kafka.clients.Metadata - [Consumer clientId=consumer-parking-consumer-group-9, groupId=parking-consumer-group] Cluster ID: U86WkiAgRy2dA16VTwDwkA
2025-12-30 12:27:13 [org.springframework.kafka.KafkaListenerEndpointContainer#2-0-C-1] INFO  o.a.k.c.c.i.ConsumerCoordinator - [Consumer clientId=consumer-parking-consumer-group-1, groupId=parking-consumer-group] Discovered group coordinator localhost:9092 (id: 2147483646 rack: null isFenced: false)
2025-12-30 12:27:13 [org.springframework.kafka.KafkaListenerEndpointContainer#0-2-C-1] INFO  o.a.k.c.c.i.ConsumerCoordinator - [Consumer clientId=consumer-parking-consumer-group-6, groupId=parking-consumer-group] Discovered group coordinator localhost:9092 (id: 2147483646 rack: null isFenced: false)
2025-12-30 12:27:13 [org.springframework.kafka.KafkaListenerEndpointContainer#2-1-C-1] INFO  o.a.k.c.c.i.ConsumerCoordinator - [Consumer clientId=consumer-parking-consumer-group-2, groupId=parking-consumer-group] Discovered group coordinator localhost:9092 (id: 2147483646 rack: null isFenced: false)
2025-12-30 12:27:13 [org.springframework.kafka.KafkaListenerEndpointContainer#2-2-C-1] INFO  o.a.k.c.c.i.ConsumerCoordinator - [Consumer clientId=consumer-parking-consumer-group-3, groupId=parking-consumer-group] Discovered group coordinator localhost:9092 (id: 2147483646 rack: null isFenced: false)
2025-12-30 12:27:13 [org.springframework.kafka.KafkaListenerEndpointContainer#1-2-C-1] INFO  o.a.k.c.c.i.ConsumerCoordinator - [Consumer clientId=consumer-parking-consumer-group-9, groupId=parking-consumer-group] Discovered group coordinator localhost:9092 (id: 2147483646 rack: null isFenced: false)
2025-12-30 12:27:13 [org.springframework.kafka.KafkaListenerEndpointContainer#1-0-C-1] INFO  o.a.k.c.c.i.ConsumerCoordinator - [Consumer clientId=consumer-parking-consumer-group-7, groupId=parking-consumer-group] Discovered group coordinator localhost:9092 (id: 2147483646 rack: null isFenced: false)
2025-12-30 12:27:13 [org.springframework.kafka.KafkaListenerEndpointContainer#0-0-C-1] INFO  o.a.k.c.c.i.ConsumerCoordinator - [Consumer clientId=consumer-parking-consumer-group-4, groupId=parking-consumer-group] Discovered group coordinator localhost:9092 (id: 2147483646 rack: null isFenced: false)
2025-12-30 12:27:13 [org.springframework.kafka.KafkaListenerEndpointContainer#0-1-C-1] INFO  o.a.k.c.c.i.ConsumerCoordinator - [Consumer clientId=consumer-parking-consumer-group-5, groupId=parking-consumer-group] Discovered group coordinator localhost:9092 (id: 2147483646 rack: null isFenced: false)
2025-12-30 12:27:13 [org.springframework.kafka.KafkaListenerEndpointContainer#1-1-C-1] INFO  o.a.k.c.c.i.ConsumerCoordinator - [Consumer clientId=consumer-parking-consumer-group-8, groupId=parking-consumer-group] Discovered group coordinator localhost:9092 (id: 2147483646 rack: null isFenced: false)
2025-12-30 12:27:13 [org.springframework.kafka.KafkaListenerEndpointContainer#1-0-C-1] INFO  o.a.k.c.c.i.ConsumerCoordinator - [Consumer clientId=consumer-parking-consumer-group-7, groupId=parking-consumer-group] (Re-)joining group
2025-12-30 12:27:13 [org.springframework.kafka.KafkaListenerEndpointContainer#0-0-C-1] INFO  o.a.k.c.c.i.ConsumerCoordinator - [Consumer clientId=consumer-parking-consumer-group-4, groupId=parking-consumer-group] (Re-)joining group
2025-12-30 12:27:13 [org.springframework.kafka.KafkaListenerEndpointContainer#0-1-C-1] INFO  o.a.k.c.c.i.ConsumerCoordinator - [Consumer clientId=consumer-parking-consumer-group-5, groupId=parking-consumer-group] (Re-)joining group
2025-12-30 12:27:13 [org.springframework.kafka.KafkaListenerEndpointContainer#2-1-C-1] INFO  o.a.k.c.c.i.ConsumerCoordinator - [Consumer clientId=consumer-parking-consumer-group-2, groupId=parking-consumer-group] (Re-)joining group
2025-12-30 12:27:13 [org.springframework.kafka.KafkaListenerEndpointContainer#2-2-C-1] INFO  o.a.k.c.c.i.ConsumerCoordinator - [Consumer clientId=consumer-parking-consumer-group-3, groupId=parking-consumer-group] (Re-)joining group
2025-12-30 12:27:13 [org.springframework.kafka.KafkaListenerEndpointContainer#1-1-C-1] INFO  o.a.k.c.c.i.ConsumerCoordinator - [Consumer clientId=consumer-parking-consumer-group-8, groupId=parking-consumer-group] (Re-)joining group
2025-12-30 12:27:13 [org.springframework.kafka.KafkaListenerEndpointContainer#0-2-C-1] INFO  o.a.k.c.c.i.ConsumerCoordinator - [Consumer clientId=consumer-parking-consumer-group-6, groupId=parking-consumer-group] (Re-)joining group
2025-12-30 12:27:13 [org.springframework.kafka.KafkaListenerEndpointContainer#2-0-C-1] INFO  o.a.k.c.c.i.ConsumerCoordinator - [Consumer clientId=consumer-parking-consumer-group-1, groupId=parking-consumer-group] (Re-)joining group
2025-12-30 12:27:13 [org.springframework.kafka.KafkaListenerEndpointContainer#1-2-C-1] INFO  o.a.k.c.c.i.ConsumerCoordinator - [Consumer clientId=consumer-parking-consumer-group-9, groupId=parking-consumer-group] (Re-)joining group
2025-12-30 12:27:13 [org.springframework.kafka.KafkaListenerEndpointContainer#0-1-C-1] INFO  o.a.k.c.c.i.ConsumerCoordinator - [Consumer clientId=consumer-parking-consumer-group-5, groupId=parking-consumer-group] Request joining group due to: need to re-join with the given member-id: consumer-parking-consumer-group-5-1e2c5b61-8dd7-4b86-b824-553574c64fc8
2025-12-30 12:27:13 [org.springframework.kafka.KafkaListenerEndpointContainer#0-1-C-1] INFO  o.a.k.c.c.i.ConsumerCoordinator - [Consumer clientId=consumer-parking-consumer-group-5, groupId=parking-consumer-group] (Re-)joining group
2025-12-30 12:27:13 [org.springframework.kafka.KafkaListenerEndpointContainer#2-2-C-1] INFO  o.a.k.c.c.i.ConsumerCoordinator - [Consumer clientId=consumer-parking-consumer-group-3, groupId=parking-consumer-group] Request joining group due to: need to re-join with the given member-id: consumer-parking-consumer-group-3-3464db41-1f04-4359-a627-e250b4fee4aa
2025-12-30 12:27:13 [org.springframework.kafka.KafkaListenerEndpointContainer#0-2-C-1] INFO  o.a.k.c.c.i.ConsumerCoordinator - [Consumer clientId=consumer-parking-consumer-group-6, groupId=parking-consumer-group] Request joining group due to: need to re-join with the given member-id: consumer-parking-consumer-group-6-f8e2fb64-4abe-4a00-baac-793c2abdf710
2025-12-30 12:27:13 [org.springframework.kafka.KafkaListenerEndpointContainer#1-2-C-1] INFO  o.a.k.c.c.i.ConsumerCoordinator - [Consumer clientId=consumer-parking-consumer-group-9, groupId=parking-consumer-group] Request joining group due to: need to re-join with the given member-id: consumer-parking-consumer-group-9-225ce475-1414-486c-85d7-06eb2e7b588d
2025-12-30 12:27:13 [org.springframework.kafka.KafkaListenerEndpointContainer#0-2-C-1] INFO  o.a.k.c.c.i.ConsumerCoordinator - [Consumer clientId=consumer-parking-consumer-group-6, groupId=parking-consumer-group] (Re-)joining group
2025-12-30 12:27:13 [org.springframework.kafka.KafkaListenerEndpointContainer#2-2-C-1] INFO  o.a.k.c.c.i.ConsumerCoordinator - [Consumer clientId=consumer-parking-consumer-group-3, groupId=parking-consumer-group] (Re-)joining group
2025-12-30 12:27:13 [org.springframework.kafka.KafkaListenerEndpointContainer#1-2-C-1] INFO  o.a.k.c.c.i.ConsumerCoordinator - [Consumer clientId=consumer-parking-consumer-group-9, groupId=parking-consumer-group] (Re-)joining group
2025-12-30 12:27:13 [org.springframework.kafka.KafkaListenerEndpointContainer#1-1-C-1] INFO  o.a.k.c.c.i.ConsumerCoordinator - [Consumer clientId=consumer-parking-consumer-group-8, groupId=parking-consumer-group] Request joining group due to: need to re-join with the given member-id: consumer-parking-consumer-group-8-d4bf5141-0530-45f4-a258-b1f3aef0e4fe
2025-12-30 12:27:13 [org.springframework.kafka.KafkaListenerEndpointContainer#0-0-C-1] INFO  o.a.k.c.c.i.ConsumerCoordinator - [Consumer clientId=consumer-parking-consumer-group-4, groupId=parking-consumer-group] Request joining group due to: need to re-join with the given member-id: consumer-parking-consumer-group-4-44f81e0f-caef-41d2-9d1f-411647c7439f
2025-12-30 12:27:13 [org.springframework.kafka.KafkaListenerEndpointContainer#1-1-C-1] INFO  o.a.k.c.c.i.ConsumerCoordinator - [Consumer clientId=consumer-parking-consumer-group-8, groupId=parking-consumer-group] (Re-)joining group
2025-12-30 12:27:13 [org.springframework.kafka.KafkaListenerEndpointContainer#0-0-C-1] INFO  o.a.k.c.c.i.ConsumerCoordinator - [Consumer clientId=consumer-parking-consumer-group-4, groupId=parking-consumer-group] (Re-)joining group
2025-12-30 12:27:13 [org.springframework.kafka.KafkaListenerEndpointContainer#1-0-C-1] INFO  o.a.k.c.c.i.ConsumerCoordinator - [Consumer clientId=consumer-parking-consumer-group-7, groupId=parking-consumer-group] Request joining group due to: need to re-join with the given member-id: consumer-parking-consumer-group-7-e77bed37-a97c-4d28-9727-1b72d1bba028
2025-12-30 12:27:13 [org.springframework.kafka.KafkaListenerEndpointContainer#2-1-C-1] INFO  o.a.k.c.c.i.ConsumerCoordinator - [Consumer clientId=consumer-parking-consumer-group-2, groupId=parking-consumer-group] Request joining group due to: need to re-join with the given member-id: consumer-parking-consumer-group-2-6c0b4082-d639-4cfe-b42a-20d1898820b2
2025-12-30 12:27:13 [org.springframework.kafka.KafkaListenerEndpointContainer#1-0-C-1] INFO  o.a.k.c.c.i.ConsumerCoordinator - [Consumer clientId=consumer-parking-consumer-group-7, groupId=parking-consumer-group] (Re-)joining group
2025-12-30 12:27:13 [org.springframework.kafka.KafkaListenerEndpointContainer#2-1-C-1] INFO  o.a.k.c.c.i.ConsumerCoordinator - [Consumer clientId=consumer-parking-consumer-group-2, groupId=parking-consumer-group] (Re-)joining group
2025-12-30 12:27:13 [org.springframework.kafka.KafkaListenerEndpointContainer#2-0-C-1] INFO  o.a.k.c.c.i.ConsumerCoordinator - [Consumer clientId=consumer-parking-consumer-group-1, groupId=parking-consumer-group] Request joining group due to: need to re-join with the given member-id: consumer-parking-consumer-group-1-04f46455-e514-47d3-8d49-d5878afb0f42
2025-12-30 12:27:13 [org.springframework.kafka.KafkaListenerEndpointContainer#2-0-C-1] INFO  o.a.k.c.c.i.ConsumerCoordinator - [Consumer clientId=consumer-parking-consumer-group-1, groupId=parking-consumer-group] (Re-)joining group
2025-12-30 12:27:14 [http-nio-8080-exec-5] DEBUG org.hibernate.SQL - 
    select
        ps1_0.id,
        ps1_0.current_vehicle_number,
        ps1_0.floor,
        ps1_0.last_updated,
        ps1_0.max_stay_minutes,
        ps1_0.occupied_since,
        ps1_0.reserved,
        ps1_0.slot_number,
        ps1_0.status,
        ps1_0.zone 
    from
        parking_slots ps1_0
2025-12-30 12:27:14 [http-nio-8080-exec-5] INFO  p.controller.ParkingController - Retrieved 8 parking slots
2025-12-30 12:27:14 [http-nio-8080-exec-6] INFO  p.controller.ParkingController - Fetching parking statistics
2025-12-30 12:27:14 [http-nio-8080-exec-6] DEBUG org.hibernate.SQL - 
    select
        count(*) 
    from
        parking_slots ps1_0
2025-12-30 12:27:14 [http-nio-8080-exec-6] DEBUG org.hibernate.SQL - 
    select
        count(ps1_0.id) 
    from
        parking_slots ps1_0 
    where
        ps1_0.status='VACANT'
2025-12-30 12:27:14 [http-nio-8080-exec-6] DEBUG org.hibernate.SQL - 
    select
        count(pv1_0.id) 
    from
        parking_violations pv1_0 
    where
        pv1_0.resolved=false
2025-12-30 12:27:14 [http-nio-8080-exec-6] INFO  parking.services.ParkingService - Parking Stats - Total: 8, Available: 8, Occupied: 0, Violations: 0, Occupancy Rate: 0.00%
2025-12-30 12:27:14 [http-nio-8080-exec-8] INFO  p.controller.ViolationController - Fetching active violations
2025-12-30 12:27:14 [http-nio-8080-exec-8] DEBUG org.hibernate.SQL - 
    select
        pv1_0.id,
        pv1_0.detected_at,
        pv1_0.entry_time,
        pv1_0.notes,
        pv1_0.overstay_minutes,
        pv1_0.resolved,
        pv1_0.resolved_at,
        pv1_0.slot_number,
        pv1_0.vehicle_number,
        pv1_0.violation_type 
    from
        parking_violations pv1_0 
    where
        pv1_0.resolved=false 
    order by
        pv1_0.detected_at desc
2025-12-30 12:27:14 [http-nio-8080-exec-8] INFO  p.services.ViolationDetectionService - Found 0 active violations
2025-12-30 12:27:16 [org.springframework.kafka.KafkaListenerEndpointContainer#0-0-C-1] INFO  o.a.k.c.c.i.ConsumerCoordinator - [Consumer clientId=consumer-parking-consumer-group-4, groupId=parking-consumer-group] Successfully joined group with generation Generation{generationId=35, memberId='consumer-parking-consumer-group-4-44f81e0f-caef-41d2-9d1f-411647c7439f', protocol='range'}
2025-12-30 12:27:16 [org.springframework.kafka.KafkaListenerEndpointContainer#0-2-C-1] INFO  o.a.k.c.c.i.ConsumerCoordinator - [Consumer clientId=consumer-parking-consumer-group-6, groupId=parking-consumer-group] Successfully joined group with generation Generation{generationId=35, memberId='consumer-parking-consumer-group-6-f8e2fb64-4abe-4a00-baac-793c2abdf710', protocol='range'}
2025-12-30 12:27:16 [org.springframework.kafka.KafkaListenerEndpointContainer#2-0-C-1] INFO  o.a.k.c.c.i.ConsumerCoordinator - [Consumer clientId=consumer-parking-consumer-group-1, groupId=parking-consumer-group] Successfully joined group with generation Generation{generationId=35, memberId='consumer-parking-consumer-group-1-04f46455-e514-47d3-8d49-d5878afb0f42', protocol='range'}
2025-12-30 12:27:16 [org.springframework.kafka.KafkaListenerEndpointContainer#2-2-C-1] INFO  o.a.k.c.c.i.ConsumerCoordinator - [Consumer clientId=consumer-parking-consumer-group-3, groupId=parking-consumer-group] Successfully joined group with generation Generation{generationId=35, memberId='consumer-parking-consumer-group-3-3464db41-1f04-4359-a627-e250b4fee4aa', protocol='range'}
2025-12-30 12:27:16 [org.springframework.kafka.KafkaListenerEndpointContainer#2-1-C-1] INFO  o.a.k.c.c.i.ConsumerCoordinator - [Consumer clientId=consumer-parking-consumer-group-2, groupId=parking-consumer-group] Successfully joined group with generation Generation{generationId=35, memberId='consumer-parking-consumer-group-2-6c0b4082-d639-4cfe-b42a-20d1898820b2', protocol='range'}
2025-12-30 12:27:16 [org.springframework.kafka.KafkaListenerEndpointContainer#0-1-C-1] INFO  o.a.k.c.c.i.ConsumerCoordinator - [Consumer clientId=consumer-parking-consumer-group-5, groupId=parking-consumer-group] Successfully joined group with generation Generation{generationId=35, memberId='consumer-parking-consumer-group-5-1e2c5b61-8dd7-4b86-b824-553574c64fc8', protocol='range'}
2025-12-30 12:27:16 [org.springframework.kafka.KafkaListenerEndpointContainer#1-2-C-1] INFO  o.a.k.c.c.i.ConsumerCoordinator - [Consumer clientId=consumer-parking-consumer-group-9, groupId=parking-consumer-group] Successfully joined group with generation Generation{generationId=35, memberId='consumer-parking-consumer-group-9-225ce475-1414-486c-85d7-06eb2e7b588d', protocol='range'}
2025-12-30 12:27:16 [org.springframework.kafka.KafkaListenerEndpointContainer#1-1-C-1] INFO  o.a.k.c.c.i.ConsumerCoordinator - [Consumer clientId=consumer-parking-consumer-group-8, groupId=parking-consumer-group] Successfully joined group with generation Generation{generationId=35, memberId='consumer-parking-consumer-group-8-d4bf5141-0530-45f4-a258-b1f3aef0e4fe', protocol='range'}
2025-12-30 12:27:16 [org.springframework.kafka.KafkaListenerEndpointContainer#1-0-C-1] INFO  o.a.k.c.c.i.ConsumerCoordinator - [Consumer clientId=consumer-parking-consumer-group-7, groupId=parking-consumer-group] Successfully joined group with generation Generation{generationId=35, memberId='consumer-parking-consumer-group-7-e77bed37-a97c-4d28-9727-1b72d1bba028', protocol='range'}
2025-12-30 12:27:16 [org.springframework.kafka.KafkaListenerEndpointContainer#0-1-C-1] INFO  o.a.k.c.c.i.ConsumerCoordinator - [Consumer clientId=consumer-parking-consumer-group-5, groupId=parking-consumer-group] Finished assignment for group at generation 35: {consumer-parking-consumer-group-8-d4bf5141-0530-45f4-a258-b1f3aef0e4fe=Assignment(partitions=[slot-updates-1]), consumer-parking-consumer-group-6-f8e2fb64-4abe-4a00-baac-793c2abdf710=Assignment(partitions=[parking-events-2]), consumer-parking-consumer-group-1-04f46455-e514-47d3-8d49-d5878afb0f42=Assignment(partitions=[parking-violations-0]), consumer-parking-consumer-group-9-225ce475-1414-486c-85d7-06eb2e7b588d=Assignment(partitions=[slot-updates-2]), consumer-parking-consumer-group-5-1e2c5b61-8dd7-4b86-b824-553574c64fc8=Assignment(partitions=[parking-events-1]), consumer-parking-consumer-group-3-3464db41-1f04-4359-a627-e250b4fee4aa=Assignment(partitions=[parking-violations-2]), consumer-parking-consumer-group-7-e77bed37-a97c-4d28-9727-1b72d1bba028=Assignment(partitions=[slot-updates-0]), consumer-parking-consumer-group-2-6c0b4082-d639-4cfe-b42a-20d1898820b2=Assignment(partitions=[parking-violations-1]), consumer-parking-consumer-group-4-44f81e0f-caef-41d2-9d1f-411647c7439f=Assignment(partitions=[parking-events-0])}
2025-12-30 12:27:16 [org.springframework.kafka.KafkaListenerEndpointContainer#2-2-C-1] INFO  o.a.k.c.c.i.ConsumerCoordinator - [Consumer clientId=consumer-parking-consumer-group-3, groupId=parking-consumer-group] Successfully synced group in generation Generation{generationId=35, memberId='consumer-parking-consumer-group-3-3464db41-1f04-4359-a627-e250b4fee4aa', protocol='range'}
2025-12-30 12:27:16 [org.springframework.kafka.KafkaListenerEndpointContainer#2-0-C-1] INFO  o.a.k.c.c.i.ConsumerCoordinator - [Consumer clientId=consumer-parking-consumer-group-1, groupId=parking-consumer-group] Successfully synced group in generation Generation{generationId=35, memberId='consumer-parking-consumer-group-1-04f46455-e514-47d3-8d49-d5878afb0f42', protocol='range'}
2025-12-30 12:27:16 [org.springframework.kafka.KafkaListenerEndpointContainer#0-0-C-1] INFO  o.a.k.c.c.i.ConsumerCoordinator - [Consumer clientId=consumer-parking-consumer-group-4, groupId=parking-consumer-group] Successfully synced group in generation Generation{generationId=35, memberId='consumer-parking-consumer-group-4-44f81e0f-caef-41d2-9d1f-411647c7439f', protocol='range'}
2025-12-30 12:27:16 [org.springframework.kafka.KafkaListenerEndpointContainer#2-2-C-1] INFO  o.a.k.c.c.i.ConsumerCoordinator - [Consumer clientId=consumer-parking-consumer-group-3, groupId=parking-consumer-group] Notifying assignor about the new Assignment(partitions=[parking-violations-2])
2025-12-30 12:27:16 [org.springframework.kafka.KafkaListenerEndpointContainer#0-0-C-1] INFO  o.a.k.c.c.i.ConsumerCoordinator - [Consumer clientId=consumer-parking-consumer-group-4, groupId=parking-consumer-group] Notifying assignor about the new Assignment(partitions=[parking-events-0])
2025-12-30 12:27:16 [org.springframework.kafka.KafkaListenerEndpointContainer#2-0-C-1] INFO  o.a.k.c.c.i.ConsumerCoordinator - [Consumer clientId=consumer-parking-consumer-group-1, groupId=parking-consumer-group] Notifying assignor about the new Assignment(partitions=[parking-violations-0])
2025-12-30 12:27:16 [org.springframework.kafka.KafkaListenerEndpointContainer#2-1-C-1] INFO  o.a.k.c.c.i.ConsumerCoordinator - [Consumer clientId=consumer-parking-consumer-group-2, groupId=parking-consumer-group] Successfully synced group in generation Generation{generationId=35, memberId='consumer-parking-consumer-group-2-6c0b4082-d639-4cfe-b42a-20d1898820b2', protocol='range'}
2025-12-30 12:27:16 [org.springframework.kafka.KafkaListenerEndpointContainer#1-0-C-1] INFO  o.a.k.c.c.i.ConsumerCoordinator - [Consumer clientId=consumer-parking-consumer-group-7, groupId=parking-consumer-group] Successfully synced group in generation Generation{generationId=35, memberId='consumer-parking-consumer-group-7-e77bed37-a97c-4d28-9727-1b72d1bba028', protocol='range'}
2025-12-30 12:27:16 [org.springframework.kafka.KafkaListenerEndpointContainer#2-1-C-1] INFO  o.a.k.c.c.i.ConsumerCoordinator - [Consumer clientId=consumer-parking-consumer-group-2, groupId=parking-consumer-group] Notifying assignor about the new Assignment(partitions=[parking-violations-1])
2025-12-30 12:27:16 [org.springframework.kafka.KafkaListenerEndpointContainer#1-0-C-1] INFO  o.a.k.c.c.i.ConsumerCoordinator - [Consumer clientId=consumer-parking-consumer-group-7, groupId=parking-consumer-group] Notifying assignor about the new Assignment(partitions=[slot-updates-0])
2025-12-30 12:27:16 [org.springframework.kafka.KafkaListenerEndpointContainer#1-2-C-1] INFO  o.a.k.c.c.i.ConsumerCoordinator - [Consumer clientId=consumer-parking-consumer-group-9, groupId=parking-consumer-group] Successfully synced group in generation Generation{generationId=35, memberId='consumer-parking-consumer-group-9-225ce475-1414-486c-85d7-06eb2e7b588d', protocol='range'}
2025-12-30 12:27:16 [org.springframework.kafka.KafkaListenerEndpointContainer#0-1-C-1] INFO  o.a.k.c.c.i.ConsumerCoordinator - [Consumer clientId=consumer-parking-consumer-group-5, groupId=parking-consumer-group] Successfully synced group in generation Generation{generationId=35, memberId='consumer-parking-consumer-group-5-1e2c5b61-8dd7-4b86-b824-553574c64fc8', protocol='range'}
2025-12-30 12:27:16 [org.springframework.kafka.KafkaListenerEndpointContainer#1-2-C-1] INFO  o.a.k.c.c.i.ConsumerCoordinator - [Consumer clientId=consumer-parking-consumer-group-9, groupId=parking-consumer-group] Notifying assignor about the new Assignment(partitions=[slot-updates-2])
2025-12-30 12:27:16 [org.springframework.kafka.KafkaListenerEndpointContainer#1-1-C-1] INFO  o.a.k.c.c.i.ConsumerCoordinator - [Consumer clientId=consumer-parking-consumer-group-8, groupId=parking-consumer-group] Successfully synced group in generation Generation{generationId=35, memberId='consumer-parking-consumer-group-8-d4bf5141-0530-45f4-a258-b1f3aef0e4fe', protocol='range'}
2025-12-30 12:27:16 [org.springframework.kafka.KafkaListenerEndpointContainer#0-1-C-1] INFO  o.a.k.c.c.i.ConsumerCoordinator - [Consumer clientId=consumer-parking-consumer-group-5, groupId=parking-consumer-group] Notifying assignor about the new Assignment(partitions=[parking-events-1])
2025-12-30 12:27:16 [org.springframework.kafka.KafkaListenerEndpointContainer#1-1-C-1] INFO  o.a.k.c.c.i.ConsumerCoordinator - [Consumer clientId=consumer-parking-consumer-group-8, groupId=parking-consumer-group] Notifying assignor about the new Assignment(partitions=[slot-updates-1])
2025-12-30 12:27:16 [org.springframework.kafka.KafkaListenerEndpointContainer#0-2-C-1] INFO  o.a.k.c.c.i.ConsumerCoordinator - [Consumer clientId=consumer-parking-consumer-group-6, groupId=parking-consumer-group] Successfully synced group in generation Generation{generationId=35, memberId='consumer-parking-consumer-group-6-f8e2fb64-4abe-4a00-baac-793c2abdf710', protocol='range'}
2025-12-30 12:27:16 [org.springframework.kafka.KafkaListenerEndpointContainer#0-2-C-1] INFO  o.a.k.c.c.i.ConsumerCoordinator - [Consumer clientId=consumer-parking-consumer-group-6, groupId=parking-consumer-group] Notifying assignor about the new Assignment(partitions=[parking-events-2])
2025-12-30 12:27:16 [org.springframework.kafka.KafkaListenerEndpointContainer#2-2-C-1] INFO  o.a.k.c.c.i.ConsumerRebalanceListenerInvoker - [Consumer clientId=consumer-parking-consumer-group-3, groupId=parking-consumer-group] Adding newly assigned partitions: [parking-violations-2]
2025-12-30 12:27:16 [org.springframework.kafka.KafkaListenerEndpointContainer#2-1-C-1] INFO  o.a.k.c.c.i.ConsumerRebalanceListenerInvoker - [Consumer clientId=consumer-parking-consumer-group-2, groupId=parking-consumer-group] Adding newly assigned partitions: [parking-violations-1]
2025-12-30 12:27:16 [org.springframework.kafka.KafkaListenerEndpointContainer#1-0-C-1] INFO  o.a.k.c.c.i.ConsumerRebalanceListenerInvoker - [Consumer clientId=consumer-parking-consumer-group-7, groupId=parking-consumer-group] Adding newly assigned partitions: [slot-updates-0]
2025-12-30 12:27:16 [org.springframework.kafka.KafkaListenerEndpointContainer#0-1-C-1] INFO  o.a.k.c.c.i.ConsumerRebalanceListenerInvoker - [Consumer clientId=consumer-parking-consumer-group-5, groupId=parking-consumer-group] Adding newly assigned partitions: [parking-events-1]
2025-12-30 12:27:16 [org.springframework.kafka.KafkaListenerEndpointContainer#1-2-C-1] INFO  o.a.k.c.c.i.ConsumerRebalanceListenerInvoker - [Consumer clientId=consumer-parking-consumer-group-9, groupId=parking-consumer-group] Adding newly assigned partitions: [slot-updates-2]
2025-12-30 12:27:16 [org.springframework.kafka.KafkaListenerEndpointContainer#1-1-C-1] INFO  o.a.k.c.c.i.ConsumerRebalanceListenerInvoker - [Consumer clientId=consumer-parking-consumer-group-8, groupId=parking-consumer-group] Adding newly assigned partitions: [slot-updates-1]
2025-12-30 12:27:16 [org.springframework.kafka.KafkaListenerEndpointContainer#0-0-C-1] INFO  o.a.k.c.c.i.ConsumerRebalanceListenerInvoker - [Consumer clientId=consumer-parking-consumer-group-4, groupId=parking-consumer-group] Adding newly assigned partitions: [parking-events-0]
2025-12-30 12:27:16 [org.springframework.kafka.KafkaListenerEndpointContainer#0-2-C-1] INFO  o.a.k.c.c.i.ConsumerRebalanceListenerInvoker - [Consumer clientId=consumer-parking-consumer-group-6, groupId=parking-consumer-group] Adding newly assigned partitions: [parking-events-2]
2025-12-30 12:27:16 [org.springframework.kafka.KafkaListenerEndpointContainer#2-0-C-1] INFO  o.a.k.c.c.i.ConsumerRebalanceListenerInvoker - [Consumer clientId=consumer-parking-consumer-group-1, groupId=parking-consumer-group] Adding newly assigned partitions: [parking-violations-0]
2025-12-30 12:27:16 [org.springframework.kafka.KafkaListenerEndpointContainer#2-0-C-1] INFO  o.a.k.c.c.internals.ConsumerUtils - Setting offset for partition parking-violations-0 to the committed offset FetchPosition{offset=832, offsetEpoch=Optional[14], currentLeader=LeaderAndEpoch{leader=Optional[localhost:9092 (id: 1 rack: null isFenced: false)], epoch=16}}
2025-12-30 12:27:16 [org.springframework.kafka.KafkaListenerEndpointContainer#2-2-C-1] INFO  o.a.k.c.c.internals.ConsumerUtils - Setting offset for partition parking-violations-2 to the committed offset FetchPosition{offset=5, offsetEpoch=Optional[14], currentLeader=LeaderAndEpoch{leader=Optional[localhost:9092 (id: 1 rack: null isFenced: false)], epoch=16}}
2025-12-30 12:27:16 [org.springframework.kafka.KafkaListenerEndpointContainer#0-2-C-1] INFO  o.a.k.c.c.internals.ConsumerUtils - Setting offset for partition parking-events-2 to the committed offset FetchPosition{offset=0, offsetEpoch=Optional.empty, currentLeader=LeaderAndEpoch{leader=Optional[localhost:9092 (id: 1 rack: null isFenced: false)], epoch=16}}
2025-12-30 12:27:16 [org.springframework.kafka.KafkaListenerEndpointContainer#0-1-C-1] INFO  o.a.k.c.c.internals.ConsumerUtils - Setting offset for partition parking-events-1 to the committed offset FetchPosition{offset=0, offsetEpoch=Optional.empty, currentLeader=LeaderAndEpoch{leader=Optional[localhost:9092 (id: 1 rack: null isFenced: false)], epoch=16}}
2025-12-30 12:27:16 [org.springframework.kafka.KafkaListenerEndpointContainer#1-0-C-1] INFO  o.a.k.c.c.internals.ConsumerUtils - Setting offset for partition slot-updates-0 to the committed offset FetchPosition{offset=0, offsetEpoch=Optional.empty, currentLeader=LeaderAndEpoch{leader=Optional[localhost:9092 (id: 1 rack: null isFenced: false)], epoch=16}}
2025-12-30 12:27:16 [org.springframework.kafka.KafkaListenerEndpointContainer#0-0-C-1] INFO  o.a.k.c.c.internals.ConsumerUtils - Setting offset for partition parking-events-0 to the committed offset FetchPosition{offset=0, offsetEpoch=Optional.empty, currentLeader=LeaderAndEpoch{leader=Optional[localhost:9092 (id: 1 rack: null isFenced: false)], epoch=16}}
2025-12-30 12:27:16 [org.springframework.kafka.KafkaListenerEndpointContainer#1-2-C-1] INFO  o.a.k.c.c.internals.ConsumerUtils - Setting offset for partition slot-updates-2 to the committed offset FetchPosition{offset=0, offsetEpoch=Optional.empty, currentLeader=LeaderAndEpoch{leader=Optional[localhost:9092 (id: 1 rack: null isFenced: false)], epoch=16}}
2025-12-30 12:27:16 [org.springframework.kafka.KafkaListenerEndpointContainer#2-1-C-1] INFO  o.a.k.c.c.internals.ConsumerUtils - Setting offset for partition parking-violations-1 to the committed offset FetchPosition{offset=415, offsetEpoch=Optional[0], currentLeader=LeaderAndEpoch{leader=Optional[localhost:9092 (id: 1 rack: null isFenced: false)], epoch=16}}
2025-12-30 12:27:16 [org.springframework.kafka.KafkaListenerEndpointContainer#1-1-C-1] INFO  o.a.k.c.c.internals.ConsumerUtils - Setting offset for partition slot-updates-1 to the committed offset FetchPosition{offset=0, offsetEpoch=Optional.empty, currentLeader=LeaderAndEpoch{leader=Optional[localhost:9092 (id: 1 rack: null isFenced: false)], epoch=16}}
2025-12-30 12:27:16 [org.springframework.kafka.KafkaListenerEndpointContainer#0-2-C-1] INFO  o.s.k.l.KafkaMessageListenerContainer - parking-consumer-group: partitions assigned: [parking-events-2]
2025-12-30 12:27:16 [org.springframework.kafka.KafkaListenerEndpointContainer#1-1-C-1] INFO  o.s.k.l.KafkaMessageListenerContainer - parking-consumer-group: partitions assigned: [slot-updates-1]
2025-12-30 12:27:16 [org.springframework.kafka.KafkaListenerEndpointContainer#0-1-C-1] INFO  o.s.k.l.KafkaMessageListenerContainer - parking-consumer-group: partitions assigned: [parking-events-1]
2025-12-30 12:27:16 [org.springframework.kafka.KafkaListenerEndpointContainer#1-0-C-1] INFO  o.s.k.l.KafkaMessageListenerContainer - parking-consumer-group: partitions assigned: [slot-updates-0]
2025-12-30 12:27:16 [org.springframework.kafka.KafkaListenerEndpointContainer#0-0-C-1] INFO  o.s.k.l.KafkaMessageListenerContainer - parking-consumer-group: partitions assigned: [parking-events-0]
2025-12-30 12:27:16 [org.springframework.kafka.KafkaListenerEndpointContainer#1-2-C-1] INFO  o.s.k.l.KafkaMessageListenerContainer - parking-consumer-group: partitions assigned: [slot-updates-2]
2025-12-30 12:27:16 [org.springframework.kafka.KafkaListenerEndpointContainer#2-1-C-1] INFO  o.s.k.l.KafkaMessageListenerContainer - parking-consumer-group: partitions assigned: [parking-violations-1]
2025-12-30 12:27:16 [org.springframework.kafka.KafkaListenerEndpointContainer#2-0-C-1] INFO  o.s.k.l.KafkaMessageListenerContainer - parking-consumer-group: partitions assigned: [parking-violations-0]
2025-12-30 12:27:16 [org.springframework.kafka.KafkaListenerEndpointContainer#2-2-C-1] INFO  o.s.k.l.KafkaMessageListenerContainer - parking-consumer-group: partitions assigned: [parking-violations-2]
2025-12-30 12:27:17 [http-nio-8080-exec-1] DEBUG org.hibernate.SQL - 
    select
        ps1_0.id,
        ps1_0.current_vehicle_number,
        ps1_0.floor,
        ps1_0.last_updated,
        ps1_0.max_stay_minutes,
        ps1_0.occupied_since,
        ps1_0.reserved,
        ps1_0.slot_number,
        ps1_0.status,
        ps1_0.zone 
    from
        parking_slots ps1_0
2025-12-30 12:27:17 [http-nio-8080-exec-1] INFO  p.controller.ParkingController - Retrieved 8 parking slots
2025-12-30 12:27:17 [http-nio-8080-exec-2] INFO  p.controller.ParkingController - Fetching parking statistics
2025-12-30 12:27:17 [http-nio-8080-exec-2] DEBUG org.hibernate.SQL - 
    select
        count(*) 
    from
        parking_slots ps1_0
2025-12-30 12:27:17 [http-nio-8080-exec-2] DEBUG org.hibernate.SQL - 
    select
        count(ps1_0.id) 
    from
        parking_slots ps1_0 
    where
        ps1_0.status='VACANT'
2025-12-30 12:27:17 [http-nio-8080-exec-2] DEBUG org.hibernate.SQL - 
    select
        count(pv1_0.id) 
    from
        parking_violations pv1_0 
    where
        pv1_0.resolved=false
2025-12-30 12:27:17 [http-nio-8080-exec-2] INFO  parking.services.ParkingService - Parking Stats - Total: 8, Available: 8, Occupied: 0, Violations: 0, Occupancy Rate: 0.00%
2025-12-30 12:27:17 [http-nio-8080-exec-10] INFO  p.controller.ViolationController - Fetching active violations
2025-12-30 12:27:17 [http-nio-8080-exec-10] DEBUG org.hibernate.SQL - 
    select
        pv1_0.id,
        pv1_0.detected_at,
        pv1_0.entry_time,
        pv1_0.notes,
        pv1_0.overstay_minutes,
        pv1_0.resolved,
        pv1_0.resolved_at,
        pv1_0.slot_number,
        pv1_0.vehicle_number,
        pv1_0.violation_type 
    from
        parking_violations pv1_0 
    where
        pv1_0.resolved=false 
    order by
        pv1_0.detected_at desc
2025-12-30 12:27:17 [http-nio-8080-exec-10] INFO  p.services.ViolationDetectionService - Found 0 active violations
2025-12-30 12:27:19 [http-nio-8080-exec-4] DEBUG org.hibernate.SQL - 
    select
        ps1_0.id,
        ps1_0.current_vehicle_number,
        ps1_0.floor,
        ps1_0.last_updated,
        ps1_0.max_stay_minutes,
        ps1_0.occupied_since,
        ps1_0.reserved,
        ps1_0.slot_number,
        ps1_0.status,
        ps1_0.zone 
    from
        parking_slots ps1_0
2025-12-30 12:27:19 [http-nio-8080-exec-4] INFO  p.controller.ParkingController - Retrieved 8 parking slots
2025-12-30 12:27:19 [http-nio-8080-exec-5] INFO  p.controller.ParkingController - Fetching parking statistics
2025-12-30 12:27:19 [http-nio-8080-exec-5] DEBUG org.hibernate.SQL - 
    select
        count(*) 
    from
        parking_slots ps1_0
2025-12-30 12:27:19 [http-nio-8080-exec-5] DEBUG org.hibernate.SQL - 
    select
        count(ps1_0.id) 
    from
        parking_slots ps1_0 
    where
        ps1_0.status='VACANT'
2025-12-30 12:27:19 [http-nio-8080-exec-5] DEBUG org.hibernate.SQL - 
    select
        count(pv1_0.id) 
    from
        parking_violations pv1_0 
    where
        pv1_0.resolved=false
2025-12-30 12:27:19 [http-nio-8080-exec-5] INFO  parking.services.ParkingService - Parking Stats - Total: 8, Available: 8, Occupied: 0, Violations: 0, Occupancy Rate: 0.00%
2025-12-30 12:27:19 [http-nio-8080-exec-6] INFO  p.controller.ViolationController - Fetching active violations
2025-12-30 12:27:19 [http-nio-8080-exec-6] DEBUG org.hibernate.SQL - 
    select
        pv1_0.id,
        pv1_0.detected_at,
        pv1_0.entry_time,
        pv1_0.notes,
        pv1_0.overstay_minutes,
        pv1_0.resolved,
        pv1_0.resolved_at,
        pv1_0.slot_number,
        pv1_0.vehicle_number,
        pv1_0.violation_type 
    from
        parking_violations pv1_0 
    where
        pv1_0.resolved=false 
    order by
        pv1_0.detected_at desc
2025-12-30 12:27:19 [http-nio-8080-exec-6] INFO  p.services.ViolationDetectionService - Found 0 active violations
2025-12-30 12:27:22 [http-nio-8080-exec-3] DEBUG org.hibernate.SQL - 
    select
        ps1_0.id,
        ps1_0.current_vehicle_number,
        ps1_0.floor,
        ps1_0.last_updated,
        ps1_0.max_stay_minutes,
        ps1_0.occupied_since,
        ps1_0.reserved,
        ps1_0.slot_number,
        ps1_0.status,
        ps1_0.zone 
    from
        parking_slots ps1_0
2025-12-30 12:27:22 [http-nio-8080-exec-3] INFO  p.controller.ParkingController - Retrieved 8 parking slots
2025-12-30 12:27:22 [http-nio-8080-exec-9] INFO  p.controller.ParkingController - Fetching parking statistics
2025-12-30 12:27:22 [http-nio-8080-exec-9] DEBUG org.hibernate.SQL - 
    select
        count(*) 
    from
        parking_slots ps1_0
2025-12-30 12:27:22 [http-nio-8080-exec-9] DEBUG org.hibernate.SQL - 
    select
        count(ps1_0.id) 
    from
        parking_slots ps1_0 
    where
        ps1_0.status='VACANT'
2025-12-30 12:27:22 [http-nio-8080-exec-9] DEBUG org.hibernate.SQL - 
    select
        count(pv1_0.id) 
    from
        parking_violations pv1_0 
    where
        pv1_0.resolved=false
2025-12-30 12:27:22 [http-nio-8080-exec-9] INFO  parking.services.ParkingService - Parking Stats - Total: 8, Available: 8, Occupied: 0, Violations: 0, Occupancy Rate: 0.00%
2025-12-30 12:27:22 [http-nio-8080-exec-7] INFO  p.controller.ViolationController - Fetching active violations
2025-12-30 12:27:22 [http-nio-8080-exec-7] DEBUG org.hibernate.SQL - 
    select
        pv1_0.id,
        pv1_0.detected_at,
        pv1_0.entry_time,
        pv1_0.notes,
        pv1_0.overstay_minutes,
        pv1_0.resolved,
        pv1_0.resolved_at,
        pv1_0.slot_number,
        pv1_0.vehicle_number,
        pv1_0.violation_type 
    from
        parking_violations pv1_0 
    where
        pv1_0.resolved=false 
    order by
        pv1_0.detected_at desc
2025-12-30 12:27:22 [http-nio-8080-exec-7] INFO  p.services.ViolationDetectionService - Found 0 active violations
2025-12-30 12:27:25 [http-nio-8080-exec-2] DEBUG org.hibernate.SQL - 
    select
        ps1_0.id,
        ps1_0.current_vehicle_number,
        ps1_0.floor,
        ps1_0.last_updated,
        ps1_0.max_stay_minutes,
        ps1_0.occupied_since,
        ps1_0.reserved,
        ps1_0.slot_number,
        ps1_0.status,
        ps1_0.zone 
    from
        parking_slots ps1_0
2025-12-30 12:27:25 [http-nio-8080-exec-2] INFO  p.controller.ParkingController - Retrieved 8 parking slots
2025-12-30 12:27:25 [http-nio-8080-exec-10] INFO  p.controller.ParkingController - Fetching parking statistics
2025-12-30 12:27:25 [http-nio-8080-exec-10] DEBUG org.hibernate.SQL - 
    select
        count(*) 
    from
        parking_slots ps1_0
2025-12-30 12:27:25 [http-nio-8080-exec-10] DEBUG org.hibernate.SQL - 
    select
        count(ps1_0.id) 
    from
        parking_slots ps1_0 
    where
        ps1_0.status='VACANT'
2025-12-30 12:27:25 [http-nio-8080-exec-10] DEBUG org.hibernate.SQL - 
    select
        count(pv1_0.id) 
    from
        parking_violations pv1_0 
    where
        pv1_0.resolved=false
2025-12-30 12:27:25 [http-nio-8080-exec-10] INFO  parking.services.ParkingService - Parking Stats - Total: 8, Available: 8, Occupied: 0, Violations: 0, Occupancy Rate: 0.00%
2025-12-30 12:27:25 [http-nio-8080-exec-4] INFO  p.controller.ViolationController - Fetching active violations
2025-12-30 12:27:25 [http-nio-8080-exec-4] DEBUG org.hibernate.SQL - 
    select
        pv1_0.id,
        pv1_0.detected_at,
        pv1_0.entry_time,
        pv1_0.notes,
        pv1_0.overstay_minutes,
        pv1_0.resolved,
        pv1_0.resolved_at,
        pv1_0.slot_number,
        pv1_0.vehicle_number,
        pv1_0.violation_type 
    from
        parking_violations pv1_0 
    where
        pv1_0.resolved=false 
    order by
        pv1_0.detected_at desc
2025-12-30 12:27:25 [http-nio-8080-exec-4] INFO  p.services.ViolationDetectionService - Found 0 active violations
2025-12-30 12:27:29 [http-nio-8080-exec-5] DEBUG org.hibernate.SQL - 
    select
        ps1_0.id,
        ps1_0.current_vehicle_number,
        ps1_0.floor,
        ps1_0.last_updated,
        ps1_0.max_stay_minutes,
        ps1_0.occupied_since,
        ps1_0.reserved,
        ps1_0.slot_number,
        ps1_0.status,
        ps1_0.zone 
    from
        parking_slots ps1_0
2025-12-30 12:27:29 [http-nio-8080-exec-5] INFO  p.controller.ParkingController - Retrieved 8 parking slots
2025-12-30 12:27:29 [http-nio-8080-exec-6] INFO  p.controller.ParkingController - Fetching parking statistics
2025-12-30 12:27:29 [http-nio-8080-exec-6] DEBUG org.hibernate.SQL - 
    select
        count(*) 
    from
        parking_slots ps1_0
2025-12-30 12:27:29 [http-nio-8080-exec-6] DEBUG org.hibernate.SQL - 
    select
        count(ps1_0.id) 
    from
        parking_slots ps1_0 
    where
        ps1_0.status='VACANT'
2025-12-30 12:27:29 [http-nio-8080-exec-6] DEBUG org.hibernate.SQL - 
    select
        count(pv1_0.id) 
    from
        parking_violations pv1_0 
    where
        pv1_0.resolved=false
2025-12-30 12:27:29 [http-nio-8080-exec-6] INFO  parking.services.ParkingService - Parking Stats - Total: 8, Available: 8, Occupied: 0, Violations: 0, Occupancy Rate: 0.00%
2025-12-30 12:27:29 [http-nio-8080-exec-8] INFO  p.controller.ViolationController - Fetching active violations
2025-12-30 12:27:29 [http-nio-8080-exec-8] DEBUG org.hibernate.SQL - 
    select
        pv1_0.id,
        pv1_0.detected_at,
        pv1_0.entry_time,
        pv1_0.notes,
        pv1_0.overstay_minutes,
        pv1_0.resolved,
        pv1_0.resolved_at,
        pv1_0.slot_number,
        pv1_0.vehicle_number,
        pv1_0.violation_type 
    from
        parking_violations pv1_0 
    where
        pv1_0.resolved=false 
    order by
        pv1_0.detected_at desc
2025-12-30 12:27:29 [http-nio-8080-exec-8] INFO  p.services.ViolationDetectionService - Found 0 active violations
2025-12-30 12:27:31 [http-nio-8080-exec-1] INFO  p.controller.ParkingController - === Received parking event request ===
2025-12-30 12:27:31 [http-nio-8080-exec-1] INFO  p.controller.ParkingController - Slot: A1, Vehicle: ABC-1234, Type: ENTRY
2025-12-30 12:27:31 [http-nio-8080-exec-1] INFO  p.services.KafkaProducerService - Sending parking event to Kafka topic: parking-events
2025-12-30 12:27:31 [http-nio-8080-exec-1] INFO  o.a.k.common.config.AbstractConfig - ProducerConfig values: 
	acks = -1
	batch.size = 16384
	bootstrap.servers = [localhost:9092]
	buffer.memory = 33554432
	client.dns.lookup = use_all_dns_ips
	client.id = smart parking-producer-1
	compression.gzip.level = -1
	compression.lz4.level = 9
	compression.type = none
	compression.zstd.level = 3
	connections.max.idle.ms = 540000
	delivery.timeout.ms = 120000
	enable.idempotence = true
	enable.metrics.push = true
	interceptor.classes = []
	key.serializer = class org.apache.kafka.common.serialization.StringSerializer
	linger.ms = 5
	max.block.ms = 60000
	max.in.flight.requests.per.connection = 5
	max.request.size = 1048576
	metadata.max.age.ms = 300000
	metadata.max.idle.ms = 300000
	metadata.recovery.rebootstrap.trigger.ms = 300000
	metadata.recovery.strategy = rebootstrap
	metric.reporters = [org.apache.kafka.common.metrics.JmxReporter]
	metrics.num.samples = 2
	metrics.recording.level = INFO
	metrics.sample.window.ms = 30000
	partitioner.adaptive.partitioning.enable = true
	partitioner.availability.timeout.ms = 0
	partitioner.class = null
	partitioner.ignore.keys = false
	receive.buffer.bytes = 32768
	reconnect.backoff.max.ms = 1000
	reconnect.backoff.ms = 50
	request.timeout.ms = 30000
	retries = 3
	retry.backoff.max.ms = 1000
	retry.backoff.ms = 100
	sasl.client.callback.handler.class = null
	sasl.jaas.config = null
	sasl.kerberos.kinit.cmd = /usr/bin/kinit
	sasl.kerberos.min.time.before.relogin = 60000
	sasl.kerberos.service.name = null
	sasl.kerberos.ticket.renew.jitter = 0.05
	sasl.kerberos.ticket.renew.window.factor = 0.8
	sasl.login.callback.handler.class = null
	sasl.login.class = null
	sasl.login.connect.timeout.ms = null
	sasl.login.read.timeout.ms = null
	sasl.login.refresh.buffer.seconds = 300
	sasl.login.refresh.min.period.seconds = 60
	sasl.login.refresh.window.factor = 0.8
	sasl.login.refresh.window.jitter = 0.05
	sasl.login.retry.backoff.max.ms = 10000
	sasl.login.retry.backoff.ms = 100
	sasl.mechanism = GSSAPI
	sasl.oauthbearer.assertion.algorithm = RS256
	sasl.oauthbearer.assertion.claim.aud = null
	sasl.oauthbearer.assertion.claim.exp.seconds = 300
	sasl.oauthbearer.assertion.claim.iss = null
	sasl.oauthbearer.assertion.claim.jti.include = false
	sasl.oauthbearer.assertion.claim.nbf.seconds = 60
	sasl.oauthbearer.assertion.claim.sub = null
	sasl.oauthbearer.assertion.file = null
	sasl.oauthbearer.assertion.private.key.file = null
	sasl.oauthbearer.assertion.private.key.passphrase = null
	sasl.oauthbearer.assertion.template.file = null
	sasl.oauthbearer.client.credentials.client.id = null
	sasl.oauthbearer.client.credentials.client.secret = null
	sasl.oauthbearer.clock.skew.seconds = 30
	sasl.oauthbearer.expected.audience = null
	sasl.oauthbearer.expected.issuer = null
	sasl.oauthbearer.header.urlencode = false
	sasl.oauthbearer.jwks.endpoint.refresh.ms = 3600000
	sasl.oauthbearer.jwks.endpoint.retry.backoff.max.ms = 10000
	sasl.oauthbearer.jwks.endpoint.retry.backoff.ms = 100
	sasl.oauthbearer.jwks.endpoint.url = null
	sasl.oauthbearer.jwt.retriever.class = class org.apache.kafka.common.security.oauthbearer.DefaultJwtRetriever
	sasl.oauthbearer.jwt.validator.class = class org.apache.kafka.common.security.oauthbearer.DefaultJwtValidator
	sasl.oauthbearer.scope = null
	sasl.oauthbearer.scope.claim.name = scope
	sasl.oauthbearer.sub.claim.name = sub
	sasl.oauthbearer.token.endpoint.url = null
	security.protocol = PLAINTEXT
	security.providers = null
	send.buffer.bytes = 131072
	socket.connection.setup.timeout.max.ms = 30000
	socket.connection.setup.timeout.ms = 10000
	ssl.cipher.suites = null
	ssl.enabled.protocols = [TLSv1.2, TLSv1.3]
	ssl.endpoint.identification.algorithm = https
	ssl.engine.factory.class = null
	ssl.key.password = null
	ssl.keymanager.algorithm = SunX509
	ssl.keystore.certificate.chain = null
	ssl.keystore.key = null
	ssl.keystore.location = null
	ssl.keystore.password = null
	ssl.keystore.type = JKS
	ssl.protocol = TLSv1.3
	ssl.provider = null
	ssl.secure.random.implementation = null
	ssl.trustmanager.algorithm = PKIX
	ssl.truststore.certificates = null
	ssl.truststore.location = null
	ssl.truststore.password = null
	ssl.truststore.type = JKS
	transaction.timeout.ms = 60000
	transaction.two.phase.commit.enable = false
	transactional.id = null
	value.serializer = class org.apache.kafka.common.serialization.StringSerializer

2025-12-30 12:27:31 [http-nio-8080-exec-1] INFO  o.a.k.c.t.i.KafkaMetricsCollector - initializing Kafka metrics collector
2025-12-30 12:27:31 [http-nio-8080-exec-1] INFO  o.a.k.clients.producer.KafkaProducer - [Producer clientId=smart parking-producer-1] Instantiated an idempotent producer.
2025-12-30 12:27:31 [http-nio-8080-exec-1] INFO  o.a.kafka.common.utils.AppInfoParser - Kafka version: 4.1.1
2025-12-30 12:27:31 [http-nio-8080-exec-1] INFO  o.a.kafka.common.utils.AppInfoParser - Kafka commitId: be816b82d25370ce
2025-12-30 12:27:31 [http-nio-8080-exec-1] INFO  o.a.kafka.common.utils.AppInfoParser - Kafka startTimeMs: 1767079651601
2025-12-30 12:27:31 [kafka-producer-network-thread | smart parking-producer-1] INFO  org.apache.kafka.clients.Metadata - [Producer clientId=smart parking-producer-1] Cluster ID: U86WkiAgRy2dA16VTwDwkA
2025-12-30 12:27:31 [http-nio-8080-exec-1] INFO  parking.services.ParkingService - Processing ENTRY event - Vehicle: ABC-1234, Slot: A1
2025-12-30 12:27:31 [http-nio-8080-exec-1] DEBUG org.hibernate.SQL - 
    select
        ps1_0.id,
        ps1_0.current_vehicle_number,
        ps1_0.floor,
        ps1_0.last_updated,
        ps1_0.max_stay_minutes,
        ps1_0.occupied_since,
        ps1_0.reserved,
        ps1_0.slot_number,
        ps1_0.status,
        ps1_0.zone 
    from
        parking_slots ps1_0 
    where
        ps1_0.slot_number=?
2025-12-30 12:27:31 [http-nio-8080-exec-1] INFO  parking.services.ParkingService - Slot A1 marked as OCCUPIED for vehicle: ABC-1234 at 2025-12-30T12:27:31.653007800
2025-12-30 12:27:31 [http-nio-8080-exec-1] INFO  parking.entity.ParkingEvent - Creating parking event: ENTRY for vehicle ABC-1234 at slot A1
2025-12-30 12:27:31 [http-nio-8080-exec-1] DEBUG org.hibernate.SQL - 
    insert 
    into
        parking_events
        (additional_info, duration_minutes, event_type, slot_number, timestamp, vehicle_number) 
    values
        (?, ?, ?, ?, ?, ?)
2025-12-30 12:27:31 [http-nio-8080-exec-1] INFO  parking.services.ParkingService - Created ENTRY event with ID: 1 for vehicle: ABC-1234
2025-12-30 12:27:31 [http-nio-8080-exec-1] INFO  p.services.KafkaProducerService - Sending slot update to Kafka - Slot: A1, Status: OCCUPIED
2025-12-30 12:27:31 [http-nio-8080-exec-1] DEBUG org.hibernate.SQL - 
    update
        parking_slots 
    set
        current_vehicle_number=?,
        floor=?,
        last_updated=?,
        max_stay_minutes=?,
        occupied_since=?,
        reserved=?,
        slot_number=?,
        status=?,
        zone=? 
    where
        id=?
2025-12-30 12:27:31 [http-nio-8080-exec-1] INFO  p.controller.ParkingController - Event processed successfully: Vehicle entry recorded successfully
2025-12-30 12:27:31 [kafka-producer-network-thread | smart parking-producer-1] INFO  o.a.k.c.p.i.TransactionManager - [Producer clientId=smart parking-producer-1] ProducerId set to 1000 with epoch 0
2025-12-30 12:27:32 [http-nio-8080-exec-2] DEBUG org.hibernate.SQL - 
    select
        ps1_0.id,
        ps1_0.current_vehicle_number,
        ps1_0.floor,
        ps1_0.last_updated,
        ps1_0.max_stay_minutes,
        ps1_0.occupied_since,
        ps1_0.reserved,
        ps1_0.slot_number,
        ps1_0.status,
        ps1_0.zone 
    from
        parking_slots ps1_0
2025-12-30 12:27:32 [http-nio-8080-exec-2] INFO  p.controller.ParkingController - Retrieved 8 parking slots
2025-12-30 12:27:32 [http-nio-8080-exec-10] INFO  p.controller.ParkingController - Fetching parking statistics
2025-12-30 12:27:32 [http-nio-8080-exec-10] DEBUG org.hibernate.SQL - 
    select
        count(*) 
    from
        parking_slots ps1_0
2025-12-30 12:27:32 [http-nio-8080-exec-10] DEBUG org.hibernate.SQL - 
    select
        count(ps1_0.id) 
    from
        parking_slots ps1_0 
    where
        ps1_0.status='VACANT'
2025-12-30 12:27:32 [http-nio-8080-exec-10] DEBUG org.hibernate.SQL - 
    select
        count(pv1_0.id) 
    from
        parking_violations pv1_0 
    where
        pv1_0.resolved=false
2025-12-30 12:27:32 [http-nio-8080-exec-10] INFO  parking.services.ParkingService - Parking Stats - Total: 8, Available: 7, Occupied: 1, Violations: 0, Occupancy Rate: 12.50%
2025-12-30 12:27:32 [http-nio-8080-exec-4] INFO  p.controller.ViolationController - Fetching active violations
2025-12-30 12:27:32 [http-nio-8080-exec-4] DEBUG org.hibernate.SQL - 
    select
        pv1_0.id,
        pv1_0.detected_at,
        pv1_0.entry_time,
        pv1_0.notes,
        pv1_0.overstay_minutes,
        pv1_0.resolved,
        pv1_0.resolved_at,
        pv1_0.slot_number,
        pv1_0.vehicle_number,
        pv1_0.violation_type 
    from
        parking_violations pv1_0 
    where
        pv1_0.resolved=false 
    order by
        pv1_0.detected_at desc
2025-12-30 12:27:32 [http-nio-8080-exec-4] INFO  p.services.ViolationDetectionService - Found 0 active violations
2025-12-30 12:27:33 [kafka-producer-network-thread | smart parking-producer-1] INFO  p.services.KafkaProducerService - ✓ Successfully sent slot update for slot: A1 to offset: 0
2025-12-30 12:27:33 [kafka-producer-network-thread | smart parking-producer-1] INFO  p.services.KafkaProducerService - ✓ Successfully sent parking event to topic: parking-events at offset: 0
2025-12-30 12:27:33 [org.springframework.kafka.KafkaListenerEndpointContainer#0-0-C-1] INFO  p.services.KafkaConsumerService - Received parking event from Kafka: {"slotNumber":"A1","vehicleNumber":"ABC-1234","eventType":"ENTRY","additionalInfo":"Regular customer"}
2025-12-30 12:27:33 [org.springframework.kafka.KafkaListenerEndpointContainer#1-0-C-1] INFO  p.services.KafkaConsumerService - Received slot update from Kafka: {"slotNumber":"A1","status":"OCCUPIED","vehicleNumber":"ABC-1234","timestamp":[2025,12,30,12,27,31,707828000],"occupancyDuration":0,"floor":"1","zone":"North"}
2025-12-30 12:27:33 [org.springframework.kafka.KafkaListenerEndpointContainer#1-0-C-1] INFO  parking.services.SSEService - Broadcasting slot update to 0 clients - Slot: A1, Status: OCCUPIED
2025-12-30 12:27:33 [org.springframework.kafka.KafkaListenerEndpointContainer#1-0-C-1] INFO  p.services.KafkaConsumerService - Broadcasted slot update to SSE clients for slot: A1
2025-12-30 12:27:33 [org.springframework.kafka.KafkaListenerEndpointContainer#0-0-C-1] INFO  parking.services.ParkingService - Processing event - Type: ENTRY, Slot: A1, Vehicle: ABC-1234
2025-12-30 12:27:33 [org.springframework.kafka.KafkaListenerEndpointContainer#0-0-C-1] INFO  parking.services.ParkingService - Processing ENTRY event - Vehicle: ABC-1234, Slot: A1
2025-12-30 12:27:33 [org.springframework.kafka.KafkaListenerEndpointContainer#0-0-C-1] DEBUG org.hibernate.SQL - 
    select
        ps1_0.id,
        ps1_0.current_vehicle_number,
        ps1_0.floor,
        ps1_0.last_updated,
        ps1_0.max_stay_minutes,
        ps1_0.occupied_since,
        ps1_0.reserved,
        ps1_0.slot_number,
        ps1_0.status,
        ps1_0.zone 
    from
        parking_slots ps1_0 
    where
        ps1_0.slot_number=?
2025-12-30 12:27:33 [org.springframework.kafka.KafkaListenerEndpointContainer#0-0-C-1] ERROR parking.services.ParkingService - Slot A1 is not available. Current status: OCCUPIED
2025-12-30 12:27:33 [org.springframework.kafka.KafkaListenerEndpointContainer#0-0-C-1] ERROR p.services.KafkaConsumerService - Error processing parking event: {"slotNumber":"A1","vehicleNumber":"ABC-1234","eventType":"ENTRY","additionalInfo":"Regular customer"}. Exception: Slot is not available
java.lang.RuntimeException: Slot is not available
	at parking.services.ParkingService.handleEntry(ParkingService.java:49)
	at parking.services.ParkingService.processEvent(ParkingService.java:169)
	at java.base/jdk.internal.reflect.DirectMethodHandleAccessor.invoke(DirectMethodHandleAccessor.java:104)
	at java.base/java.lang.reflect.Method.invoke(Method.java:565)
	at org.springframework.aop.support.AopUtils.invokeJoinpointUsingReflection(AopUtils.java:359)
	at org.springframework.aop.framework.ReflectiveMethodInvocation.invokeJoinpoint(ReflectiveMethodInvocation.java:190)
	at org.springframework.aop.framework.ReflectiveMethodInvocation.proceed(ReflectiveMethodInvocation.java:158)
	at org.springframework.transaction.interceptor.TransactionAspectSupport.invokeWithinTransaction(TransactionAspectSupport.java:370)
	at org.springframework.transaction.interceptor.TransactionInterceptor.invoke(TransactionInterceptor.java:118)
	at org.springframework.aop.framework.ReflectiveMethodInvocation.proceed(ReflectiveMethodInvocation.java:179)
	at org.springframework.aop.framework.CglibAopProxy$DynamicAdvisedInterceptor.intercept(CglibAopProxy.java:719)
	at parking.services.ParkingService$$SpringCGLIB$$0.processEvent(<generated>)
	at parking.services.KafkaConsumerService.consumeParkingEvent(KafkaConsumerService.java:28)
	at java.base/jdk.internal.reflect.DirectMethodHandleAccessor.invoke(DirectMethodHandleAccessor.java:104)
	at java.base/java.lang.reflect.Method.invoke(Method.java:565)
	at org.springframework.messaging.handler.invocation.InvocableHandlerMethod.doInvoke(InvocableHandlerMethod.java:168)
	at org.springframework.kafka.listener.adapter.KotlinAwareInvocableHandlerMethod.doInvoke(KotlinAwareInvocableHandlerMethod.java:48)
	at org.springframework.messaging.handler.invocation.InvocableHandlerMethod.invoke(InvocableHandlerMethod.java:119)
	at org.springframework.kafka.listener.adapter.HandlerAdapter.invoke(HandlerAdapter.java:80)
	at org.springframework.kafka.listener.adapter.MessagingMessageListenerAdapter.invokeHandler(MessagingMessageListenerAdapter.java:488)
	at org.springframework.kafka.listener.adapter.MessagingMessageListenerAdapter.invoke(MessagingMessageListenerAdapter.java:425)
	at org.springframework.kafka.listener.adapter.RecordMessagingMessageListenerAdapter.onMessage(RecordMessagingMessageListenerAdapter.java:92)
	at org.springframework.kafka.listener.adapter.RecordMessagingMessageListenerAdapter.onMessage(RecordMessagingMessageListenerAdapter.java:52)
	at org.springframework.kafka.listener.KafkaMessageListenerContainer$ListenerConsumer.doInvokeOnMessage(KafkaMessageListenerContainer.java:2898)
	at org.springframework.kafka.listener.KafkaMessageListenerContainer$ListenerConsumer.invokeOnMessage(KafkaMessageListenerContainer.java:2877)
	at org.springframework.kafka.listener.KafkaMessageListenerContainer$ListenerConsumer.doInvokeRecordListener(KafkaMessageListenerContainer.java:2787)
	at org.springframework.kafka.listener.KafkaMessageListenerContainer$ListenerConsumer.doInvokeWithRecords(KafkaMessageListenerContainer.java:2629)
	at org.springframework.kafka.listener.KafkaMessageListenerContainer$ListenerConsumer.invokeRecordListener(KafkaMessageListenerContainer.java:2523)
	at org.springframework.kafka.listener.KafkaMessageListenerContainer$ListenerConsumer.invokeListener(KafkaMessageListenerContainer.java:2161)
	at org.springframework.kafka.listener.KafkaMessageListenerContainer$ListenerConsumer.invokeIfHaveRecords(KafkaMessageListenerContainer.java:1538)
	at org.springframework.kafka.listener.KafkaMessageListenerContainer$ListenerConsumer.pollAndInvoke(KafkaMessageListenerContainer.java:1476)
	at org.springframework.kafka.listener.KafkaMessageListenerContainer$ListenerConsumer.run(KafkaMessageListenerContainer.java:1345)
	at java.base/java.util.concurrent.CompletableFuture$AsyncRun.run(CompletableFuture.java:1825)
	at java.base/java.lang.Thread.run(Thread.java:1474)
2025-12-30 12:27:35 [http-nio-8080-exec-6] DEBUG org.hibernate.SQL - 
    select
        ps1_0.id,
        ps1_0.current_vehicle_number,
        ps1_0.floor,
        ps1_0.last_updated,
        ps1_0.max_stay_minutes,
        ps1_0.occupied_since,
        ps1_0.reserved,
        ps1_0.slot_number,
        ps1_0.status,
        ps1_0.zone 
    from
        parking_slots ps1_0
2025-12-30 12:27:35 [http-nio-8080-exec-6] INFO  p.controller.ParkingController - Retrieved 8 parking slots
2025-12-30 12:27:35 [http-nio-8080-exec-8] INFO  p.controller.ParkingController - Fetching parking statistics
2025-12-30 12:27:35 [http-nio-8080-exec-8] DEBUG org.hibernate.SQL - 
    select
        count(*) 
    from
        parking_slots ps1_0
2025-12-30 12:27:35 [http-nio-8080-exec-8] DEBUG org.hibernate.SQL - 
    select
        count(ps1_0.id) 
    from
        parking_slots ps1_0 
    where
        ps1_0.status='VACANT'
2025-12-30 12:27:35 [http-nio-8080-exec-8] DEBUG org.hibernate.SQL - 
    select
        count(pv1_0.id) 
    from
        parking_violations pv1_0 
    where
        pv1_0.resolved=false
2025-12-30 12:27:35 [http-nio-8080-exec-8] INFO  parking.services.ParkingService - Parking Stats - Total: 8, Available: 7, Occupied: 1, Violations: 0, Occupancy Rate: 12.50%
2025-12-30 12:27:35 [http-nio-8080-exec-3] INFO  p.controller.ViolationController - Fetching active violations
2025-12-30 12:27:35 [http-nio-8080-exec-3] DEBUG org.hibernate.SQL - 
    select
        pv1_0.id,
        pv1_0.detected_at,
        pv1_0.entry_time,
        pv1_0.notes,
        pv1_0.overstay_minutes,
        pv1_0.resolved,
        pv1_0.resolved_at,
        pv1_0.slot_number,
        pv1_0.vehicle_number,
        pv1_0.violation_type 
    from
        parking_violations pv1_0 
    where
        pv1_0.resolved=false 
    order by
        pv1_0.detected_at desc
2025-12-30 12:27:35 [http-nio-8080-exec-3] INFO  p.services.ViolationDetectionService - Found 0 active violations
2025-12-30 12:27:38 [http-nio-8080-exec-9] DEBUG org.hibernate.SQL - 
    select
        ps1_0.id,
        ps1_0.current_vehicle_number,
        ps1_0.floor,
        ps1_0.last_updated,
        ps1_0.max_stay_minutes,
        ps1_0.occupied_since,
        ps1_0.reserved,
        ps1_0.slot_number,
        ps1_0.status,
        ps1_0.zone 
    from
        parking_slots ps1_0
2025-12-30 12:27:38 [http-nio-8080-exec-9] INFO  p.controller.ParkingController - Retrieved 8 parking slots
2025-12-30 12:27:38 [http-nio-8080-exec-7] INFO  p.controller.ParkingController - Fetching parking statistics
2025-12-30 12:27:38 [http-nio-8080-exec-7] DEBUG org.hibernate.SQL - 
    select
        count(*) 
    from
        parking_slots ps1_0
2025-12-30 12:27:38 [http-nio-8080-exec-7] DEBUG org.hibernate.SQL - 
    select
        count(ps1_0.id) 
    from
        parking_slots ps1_0 
    where
        ps1_0.status='VACANT'
2025-12-30 12:27:38 [http-nio-8080-exec-7] DEBUG org.hibernate.SQL - 
    select
        count(pv1_0.id) 
    from
        parking_violations pv1_0 
    where
        pv1_0.resolved=false
2025-12-30 12:27:38 [http-nio-8080-exec-7] INFO  parking.services.ParkingService - Parking Stats - Total: 8, Available: 7, Occupied: 1, Violations: 0, Occupancy Rate: 12.50%
2025-12-30 12:27:38 [http-nio-8080-exec-1] INFO  p.controller.ViolationController - Fetching active violations
2025-12-30 12:27:38 [http-nio-8080-exec-1] DEBUG org.hibernate.SQL - 
    select
        pv1_0.id,
        pv1_0.detected_at,
        pv1_0.entry_time,
        pv1_0.notes,
        pv1_0.overstay_minutes,
        pv1_0.resolved,
        pv1_0.resolved_at,
        pv1_0.slot_number,
        pv1_0.vehicle_number,
        pv1_0.violation_type 
    from
        parking_violations pv1_0 
    where
        pv1_0.resolved=false 
    order by
        pv1_0.detected_at desc
2025-12-30 12:27:38 [http-nio-8080-exec-1] INFO  p.services.ViolationDetectionService - Found 0 active violations
2025-12-30 12:27:41 [http-nio-8080-exec-10] DEBUG org.hibernate.SQL - 
    select
        ps1_0.id,
        ps1_0.current_vehicle_number,
        ps1_0.floor,
        ps1_0.last_updated,
        ps1_0.max_stay_minutes,
        ps1_0.occupied_since,
        ps1_0.reserved,
        ps1_0.slot_number,
        ps1_0.status,
        ps1_0.zone 
    from
        parking_slots ps1_0
2025-12-30 12:27:41 [http-nio-8080-exec-10] INFO  p.controller.ParkingController - Retrieved 8 parking slots
2025-12-30 12:27:41 [http-nio-8080-exec-4] INFO  p.controller.ParkingController - Fetching parking statistics
2025-12-30 12:27:41 [http-nio-8080-exec-4] DEBUG org.hibernate.SQL - 
    select
        count(*) 
    from
        parking_slots ps1_0
2025-12-30 12:27:41 [http-nio-8080-exec-4] DEBUG org.hibernate.SQL - 
    select
        count(ps1_0.id) 
    from
        parking_slots ps1_0 
    where
        ps1_0.status='VACANT'
2025-12-30 12:27:41 [http-nio-8080-exec-4] DEBUG org.hibernate.SQL - 
    select
        count(pv1_0.id) 
    from
        parking_violations pv1_0 
    where
        pv1_0.resolved=false
2025-12-30 12:27:41 [http-nio-8080-exec-4] INFO  parking.services.ParkingService - Parking Stats - Total: 8, Available: 7, Occupied: 1, Violations: 0, Occupancy Rate: 12.50%
2025-12-30 12:27:41 [http-nio-8080-exec-5] INFO  p.controller.ViolationController - Fetching active violations
2025-12-30 12:27:41 [http-nio-8080-exec-5] DEBUG org.hibernate.SQL - 
    select
        pv1_0.id,
        pv1_0.detected_at,
        pv1_0.entry_time,
        pv1_0.notes,
        pv1_0.overstay_minutes,
        pv1_0.resolved,
        pv1_0.resolved_at,
        pv1_0.slot_number,
        pv1_0.vehicle_number,
        pv1_0.violation_type 
    from
        parking_violations pv1_0 
    where
        pv1_0.resolved=false 
    order by
        pv1_0.detected_at desc
2025-12-30 12:27:41 [http-nio-8080-exec-5] INFO  p.services.ViolationDetectionService - Found 0 active violations
2025-12-30 12:27:44 [http-nio-8080-exec-6] DEBUG org.hibernate.SQL - 
    select
        ps1_0.id,
        ps1_0.current_vehicle_number,
        ps1_0.floor,
        ps1_0.last_updated,
        ps1_0.max_stay_minutes,
        ps1_0.occupied_since,
        ps1_0.reserved,
        ps1_0.slot_number,
        ps1_0.status,
        ps1_0.zone 
    from
        parking_slots ps1_0
2025-12-30 12:27:44 [http-nio-8080-exec-6] INFO  p.controller.ParkingController - Retrieved 8 parking slots
2025-12-30 12:27:44 [http-nio-8080-exec-8] INFO  p.controller.ParkingController - Fetching parking statistics
2025-12-30 12:27:44 [http-nio-8080-exec-8] DEBUG org.hibernate.SQL - 
    select
        count(*) 
    from
        parking_slots ps1_0
2025-12-30 12:27:44 [http-nio-8080-exec-8] DEBUG org.hibernate.SQL - 
    select
        count(ps1_0.id) 
    from
        parking_slots ps1_0 
    where
        ps1_0.status='VACANT'
2025-12-30 12:27:44 [http-nio-8080-exec-8] DEBUG org.hibernate.SQL - 
    select
        count(pv1_0.id) 
    from
        parking_violations pv1_0 
    where
        pv1_0.resolved=false
2025-12-30 12:27:44 [http-nio-8080-exec-8] INFO  parking.services.ParkingService - Parking Stats - Total: 8, Available: 7, Occupied: 1, Violations: 0, Occupancy Rate: 12.50%
2025-12-30 12:27:44 [http-nio-8080-exec-3] INFO  p.controller.ViolationController - Fetching active violations
2025-12-30 12:27:44 [http-nio-8080-exec-3] DEBUG org.hibernate.SQL - 
    select
        pv1_0.id,
        pv1_0.detected_at,
        pv1_0.entry_time,
        pv1_0.notes,
        pv1_0.overstay_minutes,
        pv1_0.resolved,
        pv1_0.resolved_at,
        pv1_0.slot_number,
        pv1_0.vehicle_number,
        pv1_0.violation_type 
    from
        parking_violations pv1_0 
    where
        pv1_0.resolved=false 
    order by
        pv1_0.detected_at desc
2025-12-30 12:27:44 [http-nio-8080-exec-3] INFO  p.services.ViolationDetectionService - Found 0 active violations
2025-12-30 12:27:47 [http-nio-8080-exec-7] DEBUG org.hibernate.SQL - 
    select
        ps1_0.id,
        ps1_0.current_vehicle_number,
        ps1_0.floor,
        ps1_0.last_updated,
        ps1_0.max_stay_minutes,
        ps1_0.occupied_since,
        ps1_0.reserved,
        ps1_0.slot_number,
        ps1_0.status,
        ps1_0.zone 
    from
        parking_slots ps1_0
2025-12-30 12:27:47 [http-nio-8080-exec-7] INFO  p.controller.ParkingController - Retrieved 8 parking slots
2025-12-30 12:27:47 [http-nio-8080-exec-1] INFO  p.controller.ParkingController - Fetching parking statistics
2025-12-30 12:27:47 [http-nio-8080-exec-1] DEBUG org.hibernate.SQL - 
    select
        count(*) 
    from
        parking_slots ps1_0
2025-12-30 12:27:47 [http-nio-8080-exec-1] DEBUG org.hibernate.SQL - 
    select
        count(ps1_0.id) 
    from
        parking_slots ps1_0 
    where
        ps1_0.status='VACANT'
2025-12-30 12:27:47 [http-nio-8080-exec-1] DEBUG org.hibernate.SQL - 
    select
        count(pv1_0.id) 
    from
        parking_violations pv1_0 
    where
        pv1_0.resolved=false
2025-12-30 12:27:47 [http-nio-8080-exec-1] INFO  parking.services.ParkingService - Parking Stats - Total: 8, Available: 7, Occupied: 1, Violations: 0, Occupancy Rate: 12.50%
2025-12-30 12:27:47 [http-nio-8080-exec-2] INFO  p.controller.ViolationController - Fetching active violations
2025-12-30 12:27:47 [http-nio-8080-exec-2] DEBUG org.hibernate.SQL - 
    select
        pv1_0.id,
        pv1_0.detected_at,
        pv1_0.entry_time,
        pv1_0.notes,
        pv1_0.overstay_minutes,
        pv1_0.resolved,
        pv1_0.resolved_at,
        pv1_0.slot_number,
        pv1_0.vehicle_number,
        pv1_0.violation_type 
    from
        parking_violations pv1_0 
    where
        pv1_0.resolved=false 
    order by
        pv1_0.detected_at desc
2025-12-30 12:27:47 [http-nio-8080-exec-2] INFO  p.services.ViolationDetectionService - Found 0 active violations
2025-12-30 12:27:50 [http-nio-8080-exec-4] DEBUG org.hibernate.SQL - 
    select
        ps1_0.id,
        ps1_0.current_vehicle_number,
        ps1_0.floor,
        ps1_0.last_updated,
        ps1_0.max_stay_minutes,
        ps1_0.occupied_since,
        ps1_0.reserved,
        ps1_0.slot_number,
        ps1_0.status,
        ps1_0.zone 
    from
        parking_slots ps1_0
2025-12-30 12:27:50 [http-nio-8080-exec-4] INFO  p.controller.ParkingController - Retrieved 8 parking slots
2025-12-30 12:27:50 [http-nio-8080-exec-5] INFO  p.controller.ParkingController - Fetching parking statistics
2025-12-30 12:27:50 [http-nio-8080-exec-5] DEBUG org.hibernate.SQL - 
    select
        count(*) 
    from
        parking_slots ps1_0
2025-12-30 12:27:50 [http-nio-8080-exec-5] DEBUG org.hibernate.SQL - 
    select
        count(ps1_0.id) 
    from
        parking_slots ps1_0 
    where
        ps1_0.status='VACANT'
2025-12-30 12:27:50 [http-nio-8080-exec-5] DEBUG org.hibernate.SQL - 
    select
        count(pv1_0.id) 
    from
        parking_violations pv1_0 
    where
        pv1_0.resolved=false
2025-12-30 12:27:50 [http-nio-8080-exec-5] INFO  parking.services.ParkingService - Parking Stats - Total: 8, Available: 7, Occupied: 1, Violations: 0, Occupancy Rate: 12.50%
2025-12-30 12:27:50 [http-nio-8080-exec-6] INFO  p.controller.ViolationController - Fetching active violations
2025-12-30 12:27:50 [http-nio-8080-exec-6] DEBUG org.hibernate.SQL - 
    select
        pv1_0.id,
        pv1_0.detected_at,
        pv1_0.entry_time,
        pv1_0.notes,
        pv1_0.overstay_minutes,
        pv1_0.resolved,
        pv1_0.resolved_at,
        pv1_0.slot_number,
        pv1_0.vehicle_number,
        pv1_0.violation_type 
    from
        parking_violations pv1_0 
    where
        pv1_0.resolved=false 
    order by
        pv1_0.detected_at desc
2025-12-30 12:27:50 [http-nio-8080-exec-6] INFO  p.services.ViolationDetectionService - Found 0 active violations
2025-12-30 12:27:53 [http-nio-8080-exec-8] DEBUG org.hibernate.SQL - 
    select
        ps1_0.id,
        ps1_0.current_vehicle_number,
        ps1_0.floor,
        ps1_0.last_updated,
        ps1_0.max_stay_minutes,
        ps1_0.occupied_since,
        ps1_0.reserved,
        ps1_0.slot_number,
        ps1_0.status,
        ps1_0.zone 
    from
        parking_slots ps1_0
2025-12-30 12:27:53 [http-nio-8080-exec-8] INFO  p.controller.ParkingController - Retrieved 8 parking slots
2025-12-30 12:27:53 [http-nio-8080-exec-3] INFO  p.controller.ParkingController - Fetching parking statistics
2025-12-30 12:27:53 [http-nio-8080-exec-3] DEBUG org.hibernate.SQL - 
    select
        count(*) 
    from
        parking_slots ps1_0
2025-12-30 12:27:53 [http-nio-8080-exec-3] DEBUG org.hibernate.SQL - 
    select
        count(ps1_0.id) 
    from
        parking_slots ps1_0 
    where
        ps1_0.status='VACANT'
2025-12-30 12:27:53 [http-nio-8080-exec-3] DEBUG org.hibernate.SQL - 
    select
        count(pv1_0.id) 
    from
        parking_violations pv1_0 
    where
        pv1_0.resolved=false
2025-12-30 12:27:53 [http-nio-8080-exec-3] INFO  parking.services.ParkingService - Parking Stats - Total: 8, Available: 7, Occupied: 1, Violations: 0, Occupancy Rate: 12.50%
2025-12-30 12:27:53 [http-nio-8080-exec-9] INFO  p.controller.ViolationController - Fetching active violations
2025-12-30 12:27:53 [http-nio-8080-exec-9] DEBUG org.hibernate.SQL - 
    select
        pv1_0.id,
        pv1_0.detected_at,
        pv1_0.entry_time,
        pv1_0.notes,
        pv1_0.overstay_minutes,
        pv1_0.resolved,
        pv1_0.resolved_at,
        pv1_0.slot_number,
        pv1_0.vehicle_number,
        pv1_0.violation_type 
    from
        parking_violations pv1_0 
    where
        pv1_0.resolved=false 
    order by
        pv1_0.detected_at desc
2025-12-30 12:27:53 [http-nio-8080-exec-9] INFO  p.services.ViolationDetectionService - Found 0 active violations
2025-12-30 12:27:55 [http-nio-8080-exec-1] DEBUG org.hibernate.SQL - 
    select
        ps1_0.id,
        ps1_0.current_vehicle_number,
        ps1_0.floor,
        ps1_0.last_updated,
        ps1_0.max_stay_minutes,
        ps1_0.occupied_since,
        ps1_0.reserved,
        ps1_0.slot_number,
        ps1_0.status,
        ps1_0.zone 
    from
        parking_slots ps1_0
2025-12-30 12:27:55 [http-nio-8080-exec-1] INFO  p.controller.ParkingController - Retrieved 8 parking slots
2025-12-30 12:27:55 [http-nio-8080-exec-2] INFO  p.controller.ParkingController - Fetching parking statistics
2025-12-30 12:27:55 [http-nio-8080-exec-2] DEBUG org.hibernate.SQL - 
    select
        count(*) 
    from
        parking_slots ps1_0
2025-12-30 12:27:55 [http-nio-8080-exec-2] DEBUG org.hibernate.SQL - 
    select
        count(ps1_0.id) 
    from
        parking_slots ps1_0 
    where
        ps1_0.status='VACANT'
2025-12-30 12:27:55 [http-nio-8080-exec-2] DEBUG org.hibernate.SQL - 
    select
        count(pv1_0.id) 
    from
        parking_violations pv1_0 
    where
        pv1_0.resolved=false
2025-12-30 12:27:55 [http-nio-8080-exec-2] INFO  parking.services.ParkingService - Parking Stats - Total: 8, Available: 7, Occupied: 1, Violations: 0, Occupancy Rate: 12.50%
2025-12-30 12:27:55 [http-nio-8080-exec-10] INFO  p.controller.ViolationController - Fetching active violations
2025-12-30 12:27:55 [http-nio-8080-exec-10] DEBUG org.hibernate.SQL - 
    select
        pv1_0.id,
        pv1_0.detected_at,
        pv1_0.entry_time,
        pv1_0.notes,
        pv1_0.overstay_minutes,
        pv1_0.resolved,
        pv1_0.resolved_at,
        pv1_0.slot_number,
        pv1_0.vehicle_number,
        pv1_0.violation_type 
    from
        parking_violations pv1_0 
    where
        pv1_0.resolved=false 
    order by
        pv1_0.detected_at desc
2025-12-30 12:27:55 [http-nio-8080-exec-10] INFO  p.services.ViolationDetectionService - Found 0 active violations
2025-12-30 12:27:58 [http-nio-8080-exec-4] DEBUG org.hibernate.SQL - 
    select
        ps1_0.id,
        ps1_0.current_vehicle_number,
        ps1_0.floor,
        ps1_0.last_updated,
        ps1_0.max_stay_minutes,
        ps1_0.occupied_since,
        ps1_0.reserved,
        ps1_0.slot_number,
        ps1_0.status,
        ps1_0.zone 
    from
        parking_slots ps1_0
2025-12-30 12:27:58 [http-nio-8080-exec-4] INFO  p.controller.ParkingController - Retrieved 8 parking slots
2025-12-30 12:27:58 [http-nio-8080-exec-5] INFO  p.controller.ParkingController - Fetching parking statistics
2025-12-30 12:27:58 [http-nio-8080-exec-5] DEBUG org.hibernate.SQL - 
    select
        count(*) 
    from
        parking_slots ps1_0
2025-12-30 12:27:58 [http-nio-8080-exec-5] DEBUG org.hibernate.SQL - 
    select
        count(ps1_0.id) 
    from
        parking_slots ps1_0 
    where
        ps1_0.status='VACANT'
2025-12-30 12:27:58 [http-nio-8080-exec-5] DEBUG org.hibernate.SQL - 
    select
        count(pv1_0.id) 
    from
        parking_violations pv1_0 
    where
        pv1_0.resolved=false
2025-12-30 12:27:58 [http-nio-8080-exec-5] INFO  parking.services.ParkingService - Parking Stats - Total: 8, Available: 7, Occupied: 1, Violations: 0, Occupancy Rate: 12.50%
2025-12-30 12:27:58 [http-nio-8080-exec-6] INFO  p.controller.ViolationController - Fetching active violations
2025-12-30 12:27:58 [http-nio-8080-exec-6] DEBUG org.hibernate.SQL - 
    select
        pv1_0.id,
        pv1_0.detected_at,
        pv1_0.entry_time,
        pv1_0.notes,
        pv1_0.overstay_minutes,
        pv1_0.resolved,
        pv1_0.resolved_at,
        pv1_0.slot_number,
        pv1_0.vehicle_number,
        pv1_0.violation_type 
    from
        parking_violations pv1_0 
    where
        pv1_0.resolved=false 
    order by
        pv1_0.detected_at desc
2025-12-30 12:27:58 [http-nio-8080-exec-6] INFO  p.services.ViolationDetectionService - Found 0 active violations
2025-12-30 12:28:01 [http-nio-8080-exec-3] DEBUG org.hibernate.SQL - 
    select
        ps1_0.id,
        ps1_0.current_vehicle_number,
        ps1_0.floor,
        ps1_0.last_updated,
        ps1_0.max_stay_minutes,
        ps1_0.occupied_since,
        ps1_0.reserved,
        ps1_0.slot_number,
        ps1_0.status,
        ps1_0.zone 
    from
        parking_slots ps1_0
2025-12-30 12:28:01 [http-nio-8080-exec-3] INFO  p.controller.ParkingController - Retrieved 8 parking slots
2025-12-30 12:28:01 [http-nio-8080-exec-9] INFO  p.controller.ParkingController - Fetching parking statistics
2025-12-30 12:28:01 [http-nio-8080-exec-9] DEBUG org.hibernate.SQL - 
    select
        count(*) 
    from
        parking_slots ps1_0
2025-12-30 12:28:01 [http-nio-8080-exec-9] DEBUG org.hibernate.SQL - 
    select
        count(ps1_0.id) 
    from
        parking_slots ps1_0 
    where
        ps1_0.status='VACANT'
2025-12-30 12:28:01 [http-nio-8080-exec-9] DEBUG org.hibernate.SQL - 
    select
        count(pv1_0.id) 
    from
        parking_violations pv1_0 
    where
        pv1_0.resolved=false
2025-12-30 12:28:01 [http-nio-8080-exec-9] INFO  parking.services.ParkingService - Parking Stats - Total: 8, Available: 7, Occupied: 1, Violations: 0, Occupancy Rate: 12.50%
2025-12-30 12:28:01 [http-nio-8080-exec-7] INFO  p.controller.ViolationController - Fetching active violations
2025-12-30 12:28:01 [http-nio-8080-exec-7] DEBUG org.hibernate.SQL - 
    select
        pv1_0.id,
        pv1_0.detected_at,
        pv1_0.entry_time,
        pv1_0.notes,
        pv1_0.overstay_minutes,
        pv1_0.resolved,
        pv1_0.resolved_at,
        pv1_0.slot_number,
        pv1_0.vehicle_number,
        pv1_0.violation_type 
    from
        parking_violations pv1_0 
    where
        pv1_0.resolved=false 
    order by
        pv1_0.detected_at desc
2025-12-30 12:28:01 [http-nio-8080-exec-7] INFO  p.services.ViolationDetectionService - Found 0 active violations
2025-12-30 12:28:03 [http-nio-8080-exec-2] INFO  p.controller.ParkingController - Fetching parking statistics
2025-12-30 12:28:03 [http-nio-8080-exec-4] INFO  p.controller.ViolationController - Fetching active violations
2025-12-30 12:28:03 [http-nio-8080-exec-2] DEBUG org.hibernate.SQL - 
    select
        count(*) 
    from
        parking_slots ps1_0
2025-12-30 12:28:03 [http-nio-8080-exec-4] DEBUG org.hibernate.SQL - 
    select
        pv1_0.id,
        pv1_0.detected_at,
        pv1_0.entry_time,
        pv1_0.notes,
        pv1_0.overstay_minutes,
        pv1_0.resolved,
        pv1_0.resolved_at,
        pv1_0.slot_number,
        pv1_0.vehicle_number,
        pv1_0.violation_type 
    from
        parking_violations pv1_0 
    where
        pv1_0.resolved=false 
    order by
        pv1_0.detected_at desc
2025-12-30 12:28:03 [http-nio-8080-exec-10] DEBUG org.hibernate.SQL - 
    select
        pe1_0.id,
        pe1_0.additional_info,
        pe1_0.duration_minutes,
        pe1_0.event_type,
        pe1_0.slot_number,
        pe1_0.timestamp,
        pe1_0.vehicle_number 
    from
        parking_events pe1_0
2025-12-30 12:28:03 [http-nio-8080-exec-1] DEBUG org.hibernate.SQL - 
    select
        ps1_0.id,
        ps1_0.current_vehicle_number,
        ps1_0.floor,
        ps1_0.last_updated,
        ps1_0.max_stay_minutes,
        ps1_0.occupied_since,
        ps1_0.reserved,
        ps1_0.slot_number,
        ps1_0.status,
        ps1_0.zone 
    from
        parking_slots ps1_0
2025-12-30 12:28:03 [http-nio-8080-exec-2] DEBUG org.hibernate.SQL - 
    select
        count(ps1_0.id) 
    from
        parking_slots ps1_0 
    where
        ps1_0.status='VACANT'
2025-12-30 12:28:03 [http-nio-8080-exec-1] INFO  p.controller.ParkingController - Retrieved 8 parking slots
2025-12-30 12:28:03 [http-nio-8080-exec-4] INFO  p.services.ViolationDetectionService - Found 0 active violations
2025-12-30 12:28:03 [http-nio-8080-exec-2] DEBUG org.hibernate.SQL - 
    select
        count(pv1_0.id) 
    from
        parking_violations pv1_0 
    where
        pv1_0.resolved=false
2025-12-30 12:28:03 [http-nio-8080-exec-2] INFO  parking.services.ParkingService - Parking Stats - Total: 8, Available: 7, Occupied: 1, Violations: 0, Occupancy Rate: 12.50%
2025-12-30 12:28:03 [http-nio-8080-exec-10] INFO  p.controller.ParkingController - Retrieved 1 parking events
2025-12-30 12:28:04 [http-nio-8080-exec-5] DEBUG org.hibernate.SQL - 
    select
        ps1_0.id,
        ps1_0.current_vehicle_number,
        ps1_0.floor,
        ps1_0.last_updated,
        ps1_0.max_stay_minutes,
        ps1_0.occupied_since,
        ps1_0.reserved,
        ps1_0.slot_number,
        ps1_0.status,
        ps1_0.zone 
    from
        parking_slots ps1_0
2025-12-30 12:28:04 [http-nio-8080-exec-5] INFO  p.controller.ParkingController - Retrieved 8 parking slots
2025-12-30 12:28:04 [http-nio-8080-exec-6] INFO  p.controller.ParkingController - Fetching parking statistics
2025-12-30 12:28:04 [http-nio-8080-exec-6] DEBUG org.hibernate.SQL - 
    select
        count(*) 
    from
        parking_slots ps1_0
2025-12-30 12:28:04 [http-nio-8080-exec-6] DEBUG org.hibernate.SQL - 
    select
        count(ps1_0.id) 
    from
        parking_slots ps1_0 
    where
        ps1_0.status='VACANT'
2025-12-30 12:28:04 [http-nio-8080-exec-6] DEBUG org.hibernate.SQL - 
    select
        count(pv1_0.id) 
    from
        parking_violations pv1_0 
    where
        pv1_0.resolved=false
2025-12-30 12:28:04 [http-nio-8080-exec-6] INFO  parking.services.ParkingService - Parking Stats - Total: 8, Available: 7, Occupied: 1, Violations: 0, Occupancy Rate: 12.50%
2025-12-30 12:28:04 [http-nio-8080-exec-8] INFO  p.controller.ViolationController - Fetching active violations
2025-12-30 12:28:04 [http-nio-8080-exec-8] DEBUG org.hibernate.SQL - 
    select
        pv1_0.id,
        pv1_0.detected_at,
        pv1_0.entry_time,
        pv1_0.notes,
        pv1_0.overstay_minutes,
        pv1_0.resolved,
        pv1_0.resolved_at,
        pv1_0.slot_number,
        pv1_0.vehicle_number,
        pv1_0.violation_type 
    from
        parking_violations pv1_0 
    where
        pv1_0.resolved=false 
    order by
        pv1_0.detected_at desc
2025-12-30 12:28:04 [http-nio-8080-exec-8] INFO  p.services.ViolationDetectionService - Found 0 active violations
2025-12-30 12:28:05 [http-nio-8080-exec-1] DEBUG org.hibernate.SQL - 
    select
        ps1_0.id,
        ps1_0.current_vehicle_number,
        ps1_0.floor,
        ps1_0.last_updated,
        ps1_0.max_stay_minutes,
        ps1_0.occupied_since,
        ps1_0.reserved,
        ps1_0.slot_number,
        ps1_0.status,
        ps1_0.zone 
    from
        parking_slots ps1_0
2025-12-30 12:28:05 [http-nio-8080-exec-1] INFO  p.controller.ParkingController - Retrieved 8 parking slots
2025-12-30 12:28:05 [http-nio-8080-exec-2] INFO  parking.controller.StreamController - === New SSE connection request for slot updates ===
2025-12-30 12:28:05 [http-nio-8080-exec-2] INFO  parking.services.SSEService - Creating new SSE emitter for slot updates
2025-12-30 12:28:05 [http-nio-8080-exec-10] INFO  parking.controller.StreamController - === New SSE connection request for violations ===
2025-12-30 12:28:05 [http-nio-8080-exec-10] INFO  parking.services.SSEService - Creating new SSE emitter for violation updates
2025-12-30 12:28:05 [http-nio-8080-exec-2] INFO  parking.services.SSEService - New SSE slot emitter created. Total active slot emitters: 1
2025-12-30 12:28:05 [http-nio-8080-exec-10] INFO  parking.services.SSEService - New SSE violation emitter created. Total active violation emitters: 1
2025-12-30 12:28:06 [http-nio-8080-exec-5] INFO  p.controller.ParkingController - Fetching parking statistics
2025-12-30 12:28:06 [http-nio-8080-exec-8] INFO  p.controller.ViolationController - Fetching active violations
2025-12-30 12:28:06 [http-nio-8080-exec-5] DEBUG org.hibernate.SQL - 
    select
        count(*) 
    from
        parking_slots ps1_0
2025-12-30 12:28:06 [http-nio-8080-exec-8] DEBUG org.hibernate.SQL - 
    select
        pv1_0.id,
        pv1_0.detected_at,
        pv1_0.entry_time,
        pv1_0.notes,
        pv1_0.overstay_minutes,
        pv1_0.resolved,
        pv1_0.resolved_at,
        pv1_0.slot_number,
        pv1_0.vehicle_number,
        pv1_0.violation_type 
    from
        parking_violations pv1_0 
    where
        pv1_0.resolved=false 
    order by
        pv1_0.detected_at desc
2025-12-30 12:28:06 [http-nio-8080-exec-6] DEBUG org.hibernate.SQL - 
    select
        pe1_0.id,
        pe1_0.additional_info,
        pe1_0.duration_minutes,
        pe1_0.event_type,
        pe1_0.slot_number,
        pe1_0.timestamp,
        pe1_0.vehicle_number 
    from
        parking_events pe1_0
2025-12-30 12:28:06 [http-nio-8080-exec-5] DEBUG org.hibernate.SQL - 
    select
        count(ps1_0.id) 
    from
        parking_slots ps1_0 
    where
        ps1_0.status='VACANT'
2025-12-30 12:28:06 [http-nio-8080-exec-6] INFO  p.controller.ParkingController - Retrieved 1 parking events
2025-12-30 12:28:06 [http-nio-8080-exec-5] DEBUG org.hibernate.SQL - 
    select
        count(pv1_0.id) 
    from
        parking_violations pv1_0 
    where
        pv1_0.resolved=false
2025-12-30 12:28:06 [http-nio-8080-exec-8] INFO  p.services.ViolationDetectionService - Found 0 active violations
2025-12-30 12:28:06 [http-nio-8080-exec-5] INFO  parking.services.ParkingService - Parking Stats - Total: 8, Available: 7, Occupied: 1, Violations: 0, Occupancy Rate: 12.50%
2025-12-30 12:29:34 [http-nio-8080-exec-8] INFO  p.controller.ParkingController - === Received parking event request ===
2025-12-30 12:29:34 [http-nio-8080-exec-8] INFO  p.controller.ParkingController - Slot: A1, Vehicle: ABC-1234, Type: EXIT
2025-12-30 12:29:34 [http-nio-8080-exec-8] INFO  p.services.KafkaProducerService - Sending parking event to Kafka topic: parking-events
2025-12-30 12:29:34 [http-nio-8080-exec-8] INFO  parking.services.ParkingService - Processing EXIT event - Vehicle: ABC-1234, Slot: A1
2025-12-30 12:29:34 [http-nio-8080-exec-8] DEBUG org.hibernate.SQL - 
    select
        ps1_0.id,
        ps1_0.current_vehicle_number,
        ps1_0.floor,
        ps1_0.last_updated,
        ps1_0.max_stay_minutes,
        ps1_0.occupied_since,
        ps1_0.reserved,
        ps1_0.slot_number,
        ps1_0.status,
        ps1_0.zone 
    from
        parking_slots ps1_0 
    where
        ps1_0.slot_number=?
2025-12-30 12:29:34 [http-nio-8080-exec-8] INFO  parking.services.ParkingService - Vehicle ABC-1234 stayed in slot A1 for 2 minutes
2025-12-30 12:29:34 [http-nio-8080-exec-8] INFO  parking.services.ParkingService - Slot A1 marked as VACANT
2025-12-30 12:29:34 [http-nio-8080-exec-8] INFO  parking.entity.ParkingEvent - Creating parking event: EXIT for vehicle ABC-1234 at slot A1
2025-12-30 12:29:35 [http-nio-8080-exec-8] DEBUG org.hibernate.SQL - 
    insert 
    into
        parking_events
        (additional_info, duration_minutes, event_type, slot_number, timestamp, vehicle_number) 
    values
        (?, ?, ?, ?, ?, ?)
2025-12-30 12:29:35 [http-nio-8080-exec-8] INFO  parking.services.ParkingService - Created EXIT event with ID: 2 for vehicle: ABC-1234 with duration: 2 minutes
2025-12-30 12:29:35 [kafka-producer-network-thread | smart parking-producer-1] INFO  p.services.KafkaProducerService - ✓ Successfully sent parking event to topic: parking-events at offset: 1
2025-12-30 12:29:35 [http-nio-8080-exec-8] INFO  p.services.KafkaProducerService - Sending slot update to Kafka - Slot: A1, Status: VACANT
2025-12-30 12:29:35 [kafka-producer-network-thread | smart parking-producer-1] INFO  p.services.KafkaProducerService - ✓ Successfully sent slot update for slot: A1 to offset: 1
2025-12-30 12:29:35 [http-nio-8080-exec-8] DEBUG org.hibernate.SQL - 
    update
        parking_slots 
    set
        current_vehicle_number=?,
        floor=?,
        last_updated=?,
        max_stay_minutes=?,
        occupied_since=?,
        reserved=?,
        slot_number=?,
        status=?,
        zone=? 
    where
        id=?
2025-12-30 12:29:35 [http-nio-8080-exec-8] INFO  p.controller.ParkingController - Event processed successfully: Vehicle exit recorded successfully. Duration: 2 minutes
2025-12-30 12:29:35 [org.springframework.kafka.KafkaListenerEndpointContainer#0-0-C-1] INFO  p.services.KafkaConsumerService - Received parking event from Kafka: {"slotNumber":"A1","vehicleNumber":"ABC-1234","eventType":"EXIT","additionalInfo":"Regular customer"}
2025-12-30 12:29:35 [org.springframework.kafka.KafkaListenerEndpointContainer#1-0-C-1] INFO  p.services.KafkaConsumerService - Received slot update from Kafka: {"slotNumber":"A1","status":"VACANT","vehicleNumber":null,"timestamp":[2025,12,30,12,29,35,23465400],"occupancyDuration":2,"floor":"1","zone":"North"}
2025-12-30 12:29:35 [org.springframework.kafka.KafkaListenerEndpointContainer#0-0-C-1] INFO  parking.services.ParkingService - Processing event - Type: EXIT, Slot: A1, Vehicle: ABC-1234
2025-12-30 12:29:35 [org.springframework.kafka.KafkaListenerEndpointContainer#0-0-C-1] INFO  parking.services.ParkingService - Processing EXIT event - Vehicle: ABC-1234, Slot: A1
2025-12-30 12:29:35 [org.springframework.kafka.KafkaListenerEndpointContainer#1-0-C-1] INFO  parking.services.SSEService - Broadcasting slot update to 1 clients - Slot: A1, Status: VACANT
2025-12-30 12:29:35 [org.springframework.kafka.KafkaListenerEndpointContainer#0-0-C-1] DEBUG org.hibernate.SQL - 
    select
        ps1_0.id,
        ps1_0.current_vehicle_number,
        ps1_0.floor,
        ps1_0.last_updated,
        ps1_0.max_stay_minutes,
        ps1_0.occupied_since,
        ps1_0.reserved,
        ps1_0.slot_number,
        ps1_0.status,
        ps1_0.zone 
    from
        parking_slots ps1_0 
    where
        ps1_0.slot_number=?
2025-12-30 12:29:35 [org.springframework.kafka.KafkaListenerEndpointContainer#1-0-C-1] INFO  parking.services.SSEService - Slot update broadcast completed - Success: 1, Failed: 0, Active emitters: 1
2025-12-30 12:29:35 [org.springframework.kafka.KafkaListenerEndpointContainer#1-0-C-1] INFO  p.services.KafkaConsumerService - Broadcasted slot update to SSE clients for slot: A1
2025-12-30 12:29:35 [org.springframework.kafka.KafkaListenerEndpointContainer#0-0-C-1] ERROR parking.services.ParkingService - Slot A1 is not occupied. Current status: VACANT
2025-12-30 12:29:35 [http-nio-8080-exec-2] INFO  p.controller.ParkingController - Fetching parking statistics
2025-12-30 12:29:35 [http-nio-8080-exec-2] DEBUG org.hibernate.SQL - 
    select
        count(*) 
    from
        parking_slots ps1_0
2025-12-30 12:29:35 [org.springframework.kafka.KafkaListenerEndpointContainer#0-0-C-1] ERROR p.services.KafkaConsumerService - Error processing parking event: {"slotNumber":"A1","vehicleNumber":"ABC-1234","eventType":"EXIT","additionalInfo":"Regular customer"}. Exception: Slot is not occupied
java.lang.RuntimeException: Slot is not occupied
	at parking.services.ParkingService.handleExit(ParkingService.java:110)
	at parking.services.ParkingService.processEvent(ParkingService.java:171)
	at java.base/jdk.internal.reflect.DirectMethodHandleAccessor.invoke(DirectMethodHandleAccessor.java:104)
	at java.base/java.lang.reflect.Method.invoke(Method.java:565)
	at org.springframework.aop.support.AopUtils.invokeJoinpointUsingReflection(AopUtils.java:359)
	at org.springframework.aop.framework.ReflectiveMethodInvocation.invokeJoinpoint(ReflectiveMethodInvocation.java:190)
	at org.springframework.aop.framework.ReflectiveMethodInvocation.proceed(ReflectiveMethodInvocation.java:158)
	at org.springframework.transaction.interceptor.TransactionAspectSupport.invokeWithinTransaction(TransactionAspectSupport.java:370)
	at org.springframework.transaction.interceptor.TransactionInterceptor.invoke(TransactionInterceptor.java:118)
	at org.springframework.aop.framework.ReflectiveMethodInvocation.proceed(ReflectiveMethodInvocation.java:179)
	at org.springframework.aop.framework.CglibAopProxy$DynamicAdvisedInterceptor.intercept(CglibAopProxy.java:719)
	at parking.services.ParkingService$$SpringCGLIB$$0.processEvent(<generated>)
	at parking.services.KafkaConsumerService.consumeParkingEvent(KafkaConsumerService.java:28)
	at java.base/jdk.internal.reflect.DirectMethodHandleAccessor.invoke(DirectMethodHandleAccessor.java:104)
	at java.base/java.lang.reflect.Method.invoke(Method.java:565)
	at org.springframework.messaging.handler.invocation.InvocableHandlerMethod.doInvoke(InvocableHandlerMethod.java:168)
	at org.springframework.kafka.listener.adapter.KotlinAwareInvocableHandlerMethod.doInvoke(KotlinAwareInvocableHandlerMethod.java:48)
	at org.springframework.messaging.handler.invocation.InvocableHandlerMethod.invoke(InvocableHandlerMethod.java:119)
	at org.springframework.kafka.listener.adapter.HandlerAdapter.invoke(HandlerAdapter.java:80)
	at org.springframework.kafka.listener.adapter.MessagingMessageListenerAdapter.invokeHandler(MessagingMessageListenerAdapter.java:488)
	at org.springframework.kafka.listener.adapter.MessagingMessageListenerAdapter.invoke(MessagingMessageListenerAdapter.java:425)
	at org.springframework.kafka.listener.adapter.RecordMessagingMessageListenerAdapter.onMessage(RecordMessagingMessageListenerAdapter.java:92)
	at org.springframework.kafka.listener.adapter.RecordMessagingMessageListenerAdapter.onMessage(RecordMessagingMessageListenerAdapter.java:52)
	at org.springframework.kafka.listener.KafkaMessageListenerContainer$ListenerConsumer.doInvokeOnMessage(KafkaMessageListenerContainer.java:2898)
	at org.springframework.kafka.listener.KafkaMessageListenerContainer$ListenerConsumer.invokeOnMessage(KafkaMessageListenerContainer.java:2877)
	at org.springframework.kafka.listener.KafkaMessageListenerContainer$ListenerConsumer.doInvokeRecordListener(KafkaMessageListenerContainer.java:2787)
	at org.springframework.kafka.listener.KafkaMessageListenerContainer$ListenerConsumer.doInvokeWithRecords(KafkaMessageListenerContainer.java:2629)
	at org.springframework.kafka.listener.KafkaMessageListenerContainer$ListenerConsumer.invokeRecordListener(KafkaMessageListenerContainer.java:2523)
	at org.springframework.kafka.listener.KafkaMessageListenerContainer$ListenerConsumer.invokeListener(KafkaMessageListenerContainer.java:2161)
	at org.springframework.kafka.listener.KafkaMessageListenerContainer$ListenerConsumer.invokeIfHaveRecords(KafkaMessageListenerContainer.java:1538)
	at org.springframework.kafka.listener.KafkaMessageListenerContainer$ListenerConsumer.pollAndInvoke(KafkaMessageListenerContainer.java:1476)
	at org.springframework.kafka.listener.KafkaMessageListenerContainer$ListenerConsumer.run(KafkaMessageListenerContainer.java:1345)
	at java.base/java.util.concurrent.CompletableFuture$AsyncRun.run(CompletableFuture.java:1825)
	at java.base/java.lang.Thread.run(Thread.java:1474)
2025-12-30 12:29:35 [http-nio-8080-exec-2] DEBUG org.hibernate.SQL - 
    select
        count(ps1_0.id) 
    from
        parking_slots ps1_0 
    where
        ps1_0.status='VACANT'
2025-12-30 12:29:35 [http-nio-8080-exec-2] DEBUG org.hibernate.SQL - 
    select
        count(pv1_0.id) 
    from
        parking_violations pv1_0 
    where
        pv1_0.resolved=false
2025-12-30 12:29:35 [http-nio-8080-exec-2] INFO  parking.services.ParkingService - Parking Stats - Total: 8, Available: 8, Occupied: 0, Violations: 0, Occupancy Rate: 0.00%
2025-12-30 12:30:15 [http-nio-8080-exec-7] INFO  p.controller.ParkingController - === Received parking event request ===
2025-12-30 12:30:15 [http-nio-8080-exec-7] INFO  p.controller.ParkingController - Slot: A1, Vehicle: ABC-1234, Type: ENTER
2025-12-30 12:30:15 [http-nio-8080-exec-7] INFO  p.services.KafkaProducerService - Sending parking event to Kafka topic: parking-events
2025-12-30 12:30:15 [http-nio-8080-exec-7] ERROR p.controller.ParkingController - Invalid event type: ENTER
2025-12-30 12:30:15 [http-nio-8080-exec-7] ERROR p.controller.ParkingController - Error processing parking event: Invalid event type: ENTER
java.lang.IllegalArgumentException: Invalid event type: ENTER
	at parking.controller.ParkingController.createEvent(ParkingController.java:52)
	at java.base/jdk.internal.reflect.DirectMethodHandleAccessor.invoke(DirectMethodHandleAccessor.java:104)
	at java.base/java.lang.reflect.Method.invoke(Method.java:565)
	at org.springframework.web.method.support.InvocableHandlerMethod.doInvoke(InvocableHandlerMethod.java:258)
	at org.springframework.web.method.support.InvocableHandlerMethod.invokeForRequest(InvocableHandlerMethod.java:190)
	at org.springframework.web.servlet.mvc.method.annotation.ServletInvocableHandlerMethod.invokeAndHandle(ServletInvocableHandlerMethod.java:117)
	at org.springframework.web.servlet.mvc.method.annotation.RequestMappingHandlerAdapter.invokeHandlerMethod(RequestMappingHandlerAdapter.java:934)
	at org.springframework.web.servlet.mvc.method.annotation.RequestMappingHandlerAdapter.handleInternal(RequestMappingHandlerAdapter.java:853)
	at org.springframework.web.servlet.mvc.method.AbstractHandlerMethodAdapter.handle(AbstractHandlerMethodAdapter.java:86)
	at org.springframework.web.servlet.DispatcherServlet.doDispatch(DispatcherServlet.java:963)
	at org.springframework.web.servlet.DispatcherServlet.doService(DispatcherServlet.java:866)
	at org.springframework.web.servlet.FrameworkServlet.processRequest(FrameworkServlet.java:1003)
	at org.springframework.web.servlet.FrameworkServlet.doPost(FrameworkServlet.java:903)
	at jakarta.servlet.http.HttpServlet.service(HttpServlet.java:649)
	at org.springframework.web.servlet.FrameworkServlet.service(FrameworkServlet.java:874)
	at jakarta.servlet.http.HttpServlet.service(HttpServlet.java:710)
	at org.apache.catalina.core.ApplicationFilterChain.doFilter(ApplicationFilterChain.java:128)
	at org.apache.tomcat.websocket.server.WsFilter.doFilter(WsFilter.java:53)
	at org.apache.catalina.core.ApplicationFilterChain.doFilter(ApplicationFilterChain.java:107)
	at org.springframework.web.filter.RequestContextFilter.doFilterInternal(RequestContextFilter.java:100)
	at org.springframework.web.filter.OncePerRequestFilter.doFilter(OncePerRequestFilter.java:116)
	at org.apache.catalina.core.ApplicationFilterChain.doFilter(ApplicationFilterChain.java:107)
	at org.springframework.web.filter.FormContentFilter.doFilterInternal(FormContentFilter.java:93)
	at org.springframework.web.filter.OncePerRequestFilter.doFilter(OncePerRequestFilter.java:116)
	at org.apache.catalina.core.ApplicationFilterChain.doFilter(ApplicationFilterChain.java:107)
	at org.springframework.web.filter.CharacterEncodingFilter.doFilterInternal(CharacterEncodingFilter.java:199)
	at org.springframework.web.filter.OncePerRequestFilter.doFilter(OncePerRequestFilter.java:116)
	at org.apache.catalina.core.ApplicationFilterChain.doFilter(ApplicationFilterChain.java:107)
	at org.apache.catalina.core.StandardWrapperValve.invoke(StandardWrapperValve.java:165)
	at org.apache.catalina.core.StandardContextValve.invoke(StandardContextValve.java:77)
	at org.apache.catalina.authenticator.AuthenticatorBase.invoke(AuthenticatorBase.java:482)
	at org.apache.catalina.core.StandardHostValve.invoke(StandardHostValve.java:113)
	at org.apache.catalina.valves.ErrorReportValve.invoke(ErrorReportValve.java:83)
	at org.apache.catalina.core.StandardEngineValve.invoke(StandardEngineValve.java:72)
	at org.apache.catalina.connector.CoyoteAdapter.service(CoyoteAdapter.java:341)
	at org.apache.coyote.http11.Http11Processor.service(Http11Processor.java:397)
	at org.apache.coyote.AbstractProcessorLight.process(AbstractProcessorLight.java:63)
	at org.apache.coyote.AbstractProtocol$ConnectionHandler.process(AbstractProtocol.java:903)
	at org.apache.tomcat.util.net.NioEndpoint$SocketProcessor.doRun(NioEndpoint.java:1778)
	at org.apache.tomcat.util.net.SocketProcessorBase.run(SocketProcessorBase.java:52)
	at org.apache.tomcat.util.threads.ThreadPoolExecutor.runWorker(ThreadPoolExecutor.java:946)
	at org.apache.tomcat.util.threads.ThreadPoolExecutor$Worker.run(ThreadPoolExecutor.java:480)
	at org.apache.tomcat.util.threads.TaskThread$WrappingRunnable.run(TaskThread.java:57)
	at java.base/java.lang.Thread.run(Thread.java:1474)
2025-12-30 12:30:15 [kafka-producer-network-thread | smart parking-producer-1] INFO  p.services.KafkaProducerService - ✓ Successfully sent parking event to topic: parking-events at offset: 2
2025-12-30 12:30:15 [org.springframework.kafka.KafkaListenerEndpointContainer#0-0-C-1] INFO  p.services.KafkaConsumerService - Received parking event from Kafka: {"slotNumber":"A1","vehicleNumber":"ABC-1234","eventType":"ENTER","additionalInfo":"Regular customer"}
2025-12-30 12:30:15 [org.springframework.kafka.KafkaListenerEndpointContainer#0-0-C-1] INFO  parking.services.ParkingService - Processing event - Type: ENTER, Slot: A1, Vehicle: ABC-1234
2025-12-30 12:30:15 [org.springframework.kafka.KafkaListenerEndpointContainer#0-0-C-1] ERROR parking.services.ParkingService - Invalid event type: ENTER
2025-12-30 12:30:15 [org.springframework.kafka.KafkaListenerEndpointContainer#0-0-C-1] ERROR p.services.KafkaConsumerService - Error processing parking event: {"slotNumber":"A1","vehicleNumber":"ABC-1234","eventType":"ENTER","additionalInfo":"Regular customer"}. Exception: Invalid event type: ENTER
java.lang.RuntimeException: Invalid event type: ENTER
	at parking.services.ParkingService.processEvent(ParkingService.java:174)
	at java.base/jdk.internal.reflect.DirectMethodHandleAccessor.invoke(DirectMethodHandleAccessor.java:104)
	at java.base/java.lang.reflect.Method.invoke(Method.java:565)
	at org.springframework.aop.support.AopUtils.invokeJoinpointUsingReflection(AopUtils.java:359)
	at org.springframework.aop.framework.ReflectiveMethodInvocation.invokeJoinpoint(ReflectiveMethodInvocation.java:190)
	at org.springframework.aop.framework.ReflectiveMethodInvocation.proceed(ReflectiveMethodInvocation.java:158)
	at org.springframework.transaction.interceptor.TransactionAspectSupport.invokeWithinTransaction(TransactionAspectSupport.java:370)
	at org.springframework.transaction.interceptor.TransactionInterceptor.invoke(TransactionInterceptor.java:118)
	at org.springframework.aop.framework.ReflectiveMethodInvocation.proceed(ReflectiveMethodInvocation.java:179)
	at org.springframework.aop.framework.CglibAopProxy$DynamicAdvisedInterceptor.intercept(CglibAopProxy.java:719)
	at parking.services.ParkingService$$SpringCGLIB$$0.processEvent(<generated>)
	at parking.services.KafkaConsumerService.consumeParkingEvent(KafkaConsumerService.java:28)
	at java.base/jdk.internal.reflect.DirectMethodHandleAccessor.invoke(DirectMethodHandleAccessor.java:104)
	at java.base/java.lang.reflect.Method.invoke(Method.java:565)
	at org.springframework.messaging.handler.invocation.InvocableHandlerMethod.doInvoke(InvocableHandlerMethod.java:168)
	at org.springframework.kafka.listener.adapter.KotlinAwareInvocableHandlerMethod.doInvoke(KotlinAwareInvocableHandlerMethod.java:48)
	at org.springframework.messaging.handler.invocation.InvocableHandlerMethod.invoke(InvocableHandlerMethod.java:119)
	at org.springframework.kafka.listener.adapter.HandlerAdapter.invoke(HandlerAdapter.java:80)
	at org.springframework.kafka.listener.adapter.MessagingMessageListenerAdapter.invokeHandler(MessagingMessageListenerAdapter.java:488)
	at org.springframework.kafka.listener.adapter.MessagingMessageListenerAdapter.invoke(MessagingMessageListenerAdapter.java:425)
	at org.springframework.kafka.listener.adapter.RecordMessagingMessageListenerAdapter.onMessage(RecordMessagingMessageListenerAdapter.java:92)
	at org.springframework.kafka.listener.adapter.RecordMessagingMessageListenerAdapter.onMessage(RecordMessagingMessageListenerAdapter.java:52)
	at org.springframework.kafka.listener.KafkaMessageListenerContainer$ListenerConsumer.doInvokeOnMessage(KafkaMessageListenerContainer.java:2898)
	at org.springframework.kafka.listener.KafkaMessageListenerContainer$ListenerConsumer.invokeOnMessage(KafkaMessageListenerContainer.java:2877)
	at org.springframework.kafka.listener.KafkaMessageListenerContainer$ListenerConsumer.doInvokeRecordListener(KafkaMessageListenerContainer.java:2787)
	at org.springframework.kafka.listener.KafkaMessageListenerContainer$ListenerConsumer.doInvokeWithRecords(KafkaMessageListenerContainer.java:2629)
	at org.springframework.kafka.listener.KafkaMessageListenerContainer$ListenerConsumer.invokeRecordListener(KafkaMessageListenerContainer.java:2523)
	at org.springframework.kafka.listener.KafkaMessageListenerContainer$ListenerConsumer.invokeListener(KafkaMessageListenerContainer.java:2161)
	at org.springframework.kafka.listener.KafkaMessageListenerContainer$ListenerConsumer.invokeIfHaveRecords(KafkaMessageListenerContainer.java:1538)
	at org.springframework.kafka.listener.KafkaMessageListenerContainer$ListenerConsumer.pollAndInvoke(KafkaMessageListenerContainer.java:1476)
	at org.springframework.kafka.listener.KafkaMessageListenerContainer$ListenerConsumer.run(KafkaMessageListenerContainer.java:1345)
	at java.base/java.util.concurrent.CompletableFuture$AsyncRun.run(CompletableFuture.java:1825)
	at java.base/java.lang.Thread.run(Thread.java:1474)
2025-12-30 12:30:15 [http-nio-8080-exec-7] ERROR o.a.c.c.C.[.[.[.[dispatcherServlet] - Servlet.service() for servlet [dispatcherServlet] in context with path [] threw exception [Request processing failed: java.lang.IllegalArgumentException: Invalid event type: ENTER] with root cause
java.lang.IllegalArgumentException: Invalid event type: ENTER
	at parking.controller.ParkingController.createEvent(ParkingController.java:52)
	at java.base/jdk.internal.reflect.DirectMethodHandleAccessor.invoke(DirectMethodHandleAccessor.java:104)
	at java.base/java.lang.reflect.Method.invoke(Method.java:565)
	at org.springframework.web.method.support.InvocableHandlerMethod.doInvoke(InvocableHandlerMethod.java:258)
	at org.springframework.web.method.support.InvocableHandlerMethod.invokeForRequest(InvocableHandlerMethod.java:190)
	at org.springframework.web.servlet.mvc.method.annotation.ServletInvocableHandlerMethod.invokeAndHandle(ServletInvocableHandlerMethod.java:117)
	at org.springframework.web.servlet.mvc.method.annotation.RequestMappingHandlerAdapter.invokeHandlerMethod(RequestMappingHandlerAdapter.java:934)
	at org.springframework.web.servlet.mvc.method.annotation.RequestMappingHandlerAdapter.handleInternal(RequestMappingHandlerAdapter.java:853)
	at org.springframework.web.servlet.mvc.method.AbstractHandlerMethodAdapter.handle(AbstractHandlerMethodAdapter.java:86)
	at org.springframework.web.servlet.DispatcherServlet.doDispatch(DispatcherServlet.java:963)
	at org.springframework.web.servlet.DispatcherServlet.doService(DispatcherServlet.java:866)
	at org.springframework.web.servlet.FrameworkServlet.processRequest(FrameworkServlet.java:1003)
	at org.springframework.web.servlet.FrameworkServlet.doPost(FrameworkServlet.java:903)
	at jakarta.servlet.http.HttpServlet.service(HttpServlet.java:649)
	at org.springframework.web.servlet.FrameworkServlet.service(FrameworkServlet.java:874)
	at jakarta.servlet.http.HttpServlet.service(HttpServlet.java:710)
	at org.apache.catalina.core.ApplicationFilterChain.doFilter(ApplicationFilterChain.java:128)
	at org.apache.tomcat.websocket.server.WsFilter.doFilter(WsFilter.java:53)
	at org.apache.catalina.core.ApplicationFilterChain.doFilter(ApplicationFilterChain.java:107)
	at org.springframework.web.filter.RequestContextFilter.doFilterInternal(RequestContextFilter.java:100)
	at org.springframework.web.filter.OncePerRequestFilter.doFilter(OncePerRequestFilter.java:116)
	at org.apache.catalina.core.ApplicationFilterChain.doFilter(ApplicationFilterChain.java:107)
	at org.springframework.web.filter.FormContentFilter.doFilterInternal(FormContentFilter.java:93)
	at org.springframework.web.filter.OncePerRequestFilter.doFilter(OncePerRequestFilter.java:116)
	at org.apache.catalina.core.ApplicationFilterChain.doFilter(ApplicationFilterChain.java:107)
	at org.springframework.web.filter.CharacterEncodingFilter.doFilterInternal(CharacterEncodingFilter.java:199)
	at org.springframework.web.filter.OncePerRequestFilter.doFilter(OncePerRequestFilter.java:116)
	at org.apache.catalina.core.ApplicationFilterChain.doFilter(ApplicationFilterChain.java:107)
	at org.apache.catalina.core.StandardWrapperValve.invoke(StandardWrapperValve.java:165)
	at org.apache.catalina.core.StandardContextValve.invoke(StandardContextValve.java:77)
	at org.apache.catalina.authenticator.AuthenticatorBase.invoke(AuthenticatorBase.java:482)
	at org.apache.catalina.core.StandardHostValve.invoke(StandardHostValve.java:113)
	at org.apache.catalina.valves.ErrorReportValve.invoke(ErrorReportValve.java:83)
	at org.apache.catalina.core.StandardEngineValve.invoke(StandardEngineValve.java:72)
	at org.apache.catalina.connector.CoyoteAdapter.service(CoyoteAdapter.java:341)
	at org.apache.coyote.http11.Http11Processor.service(Http11Processor.java:397)
	at org.apache.coyote.AbstractProcessorLight.process(AbstractProcessorLight.java:63)
	at org.apache.coyote.AbstractProtocol$ConnectionHandler.process(AbstractProtocol.java:903)
	at org.apache.tomcat.util.net.NioEndpoint$SocketProcessor.doRun(NioEndpoint.java:1778)
	at org.apache.tomcat.util.net.SocketProcessorBase.run(SocketProcessorBase.java:52)
	at org.apache.tomcat.util.threads.ThreadPoolExecutor.runWorker(ThreadPoolExecutor.java:946)
	at org.apache.tomcat.util.threads.ThreadPoolExecutor$Worker.run(ThreadPoolExecutor.java:480)
	at org.apache.tomcat.util.threads.TaskThread$WrappingRunnable.run(TaskThread.java:57)
	at java.base/java.lang.Thread.run(Thread.java:1474)
2025-12-30 12:30:44 [http-nio-8080-exec-9] INFO  p.controller.ParkingController - === Received parking event request ===
2025-12-30 12:30:44 [http-nio-8080-exec-9] INFO  p.controller.ParkingController - Slot: A1, Vehicle: ABC-1234, Type: ENTRY
2025-12-30 12:30:44 [http-nio-8080-exec-9] INFO  p.services.KafkaProducerService - Sending parking event to Kafka topic: parking-events
2025-12-30 12:30:44 [http-nio-8080-exec-9] INFO  parking.services.ParkingService - Processing ENTRY event - Vehicle: ABC-1234, Slot: A1
2025-12-30 12:30:44 [http-nio-8080-exec-9] DEBUG org.hibernate.SQL - 
    select
        ps1_0.id,
        ps1_0.current_vehicle_number,
        ps1_0.floor,
        ps1_0.last_updated,
        ps1_0.max_stay_minutes,
        ps1_0.occupied_since,
        ps1_0.reserved,
        ps1_0.slot_number,
        ps1_0.status,
        ps1_0.zone 
    from
        parking_slots ps1_0 
    where
        ps1_0.slot_number=?
2025-12-30 12:30:44 [http-nio-8080-exec-9] INFO  parking.services.ParkingService - Slot A1 marked as OCCUPIED for vehicle: ABC-1234 at 2025-12-30T12:30:44.880928200
2025-12-30 12:30:44 [http-nio-8080-exec-9] INFO  parking.entity.ParkingEvent - Creating parking event: ENTRY for vehicle ABC-1234 at slot A1
2025-12-30 12:30:44 [http-nio-8080-exec-9] DEBUG org.hibernate.SQL - 
    insert 
    into
        parking_events
        (additional_info, duration_minutes, event_type, slot_number, timestamp, vehicle_number) 
    values
        (?, ?, ?, ?, ?, ?)
2025-12-30 12:30:44 [http-nio-8080-exec-9] INFO  parking.services.ParkingService - Created ENTRY event with ID: 3 for vehicle: ABC-1234
2025-12-30 12:30:44 [kafka-producer-network-thread | smart parking-producer-1] INFO  p.services.KafkaProducerService - ✓ Successfully sent parking event to topic: parking-events at offset: 3
2025-12-30 12:30:44 [http-nio-8080-exec-9] INFO  p.services.KafkaProducerService - Sending slot update to Kafka - Slot: A1, Status: OCCUPIED
2025-12-30 12:30:44 [org.springframework.kafka.KafkaListenerEndpointContainer#0-0-C-1] INFO  p.services.KafkaConsumerService - Received parking event from Kafka: {"slotNumber":"A1","vehicleNumber":"ABC-1234","eventType":"ENTRY","additionalInfo":"Regular customer"}
2025-12-30 12:30:44 [http-nio-8080-exec-9] DEBUG org.hibernate.SQL - 
    update
        parking_slots 
    set
        current_vehicle_number=?,
        floor=?,
        last_updated=?,
        max_stay_minutes=?,
        occupied_since=?,
        reserved=?,
        slot_number=?,
        status=?,
        zone=? 
    where
        id=?
2025-12-30 12:30:44 [org.springframework.kafka.KafkaListenerEndpointContainer#0-0-C-1] INFO  parking.services.ParkingService - Processing event - Type: ENTRY, Slot: A1, Vehicle: ABC-1234
2025-12-30 12:30:44 [org.springframework.kafka.KafkaListenerEndpointContainer#0-0-C-1] INFO  parking.services.ParkingService - Processing ENTRY event - Vehicle: ABC-1234, Slot: A1
2025-12-30 12:30:44 [org.springframework.kafka.KafkaListenerEndpointContainer#0-0-C-1] DEBUG org.hibernate.SQL - 
    select
        ps1_0.id,
        ps1_0.current_vehicle_number,
        ps1_0.floor,
        ps1_0.last_updated,
        ps1_0.max_stay_minutes,
        ps1_0.occupied_since,
        ps1_0.reserved,
        ps1_0.slot_number,
        ps1_0.status,
        ps1_0.zone 
    from
        parking_slots ps1_0 
    where
        ps1_0.slot_number=?
2025-12-30 12:30:44 [http-nio-8080-exec-9] INFO  p.controller.ParkingController - Event processed successfully: Vehicle entry recorded successfully
2025-12-30 12:30:44 [org.springframework.kafka.KafkaListenerEndpointContainer#0-0-C-1] INFO  parking.services.ParkingService - Slot A1 marked as OCCUPIED for vehicle: ABC-1234 at 2025-12-30T12:30:44.891927400
2025-12-30 12:30:44 [org.springframework.kafka.KafkaListenerEndpointContainer#0-0-C-1] INFO  parking.entity.ParkingEvent - Creating parking event: ENTRY for vehicle ABC-1234 at slot A1
2025-12-30 12:30:44 [org.springframework.kafka.KafkaListenerEndpointContainer#0-0-C-1] DEBUG org.hibernate.SQL - 
    insert 
    into
        parking_events
        (additional_info, duration_minutes, event_type, slot_number, timestamp, vehicle_number) 
    values
        (?, ?, ?, ?, ?, ?)
2025-12-30 12:30:44 [org.springframework.kafka.KafkaListenerEndpointContainer#0-0-C-1] INFO  parking.services.ParkingService - Created ENTRY event with ID: 4 for vehicle: ABC-1234
2025-12-30 12:30:44 [org.springframework.kafka.KafkaListenerEndpointContainer#0-0-C-1] INFO  p.services.KafkaProducerService - Sending slot update to Kafka - Slot: A1, Status: OCCUPIED
2025-12-30 12:30:44 [kafka-producer-network-thread | smart parking-producer-1] INFO  p.services.KafkaProducerService - ✓ Successfully sent slot update for slot: A1 to offset: 2
2025-12-30 12:30:44 [org.springframework.kafka.KafkaListenerEndpointContainer#0-0-C-1] DEBUG org.hibernate.SQL - 
    update
        parking_slots 
    set
        current_vehicle_number=?,
        floor=?,
        last_updated=?,
        max_stay_minutes=?,
        occupied_since=?,
        reserved=?,
        slot_number=?,
        status=?,
        zone=? 
    where
        id=?
2025-12-30 12:30:44 [org.springframework.kafka.KafkaListenerEndpointContainer#1-0-C-1] INFO  p.services.KafkaConsumerService - Received slot update from Kafka: {"slotNumber":"A1","status":"OCCUPIED","vehicleNumber":"ABC-1234","timestamp":[2025,12,30,12,30,44,887928000],"occupancyDuration":0,"floor":"1","zone":"North"}
2025-12-30 12:30:44 [org.springframework.kafka.KafkaListenerEndpointContainer#1-0-C-1] INFO  parking.services.SSEService - Broadcasting slot update to 1 clients - Slot: A1, Status: OCCUPIED
2025-12-30 12:30:44 [org.springframework.kafka.KafkaListenerEndpointContainer#1-0-C-1] INFO  parking.services.SSEService - Slot update broadcast completed - Success: 1, Failed: 0, Active emitters: 1
2025-12-30 12:30:44 [org.springframework.kafka.KafkaListenerEndpointContainer#1-0-C-1] INFO  p.services.KafkaConsumerService - Broadcasted slot update to SSE clients for slot: A1
2025-12-30 12:30:44 [org.springframework.kafka.KafkaListenerEndpointContainer#0-0-C-1] INFO  p.services.KafkaConsumerService - Successfully processed parking event for slot: A1
2025-12-30 12:30:44 [kafka-producer-network-thread | smart parking-producer-1] INFO  p.services.KafkaProducerService - ✓ Successfully sent slot update for slot: A1 to offset: 3
2025-12-30 12:30:44 [http-nio-8080-exec-1] INFO  p.controller.ParkingController - Fetching parking statistics
2025-12-30 12:30:44 [org.springframework.kafka.KafkaListenerEndpointContainer#1-0-C-1] INFO  p.services.KafkaConsumerService - Received slot update from Kafka: {"slotNumber":"A1","status":"OCCUPIED","vehicleNumber":"ABC-1234","timestamp":[2025,12,30,12,30,44,898951700],"occupancyDuration":0,"floor":"1","zone":"North"}
2025-12-30 12:30:44 [org.springframework.kafka.KafkaListenerEndpointContainer#1-0-C-1] INFO  parking.services.SSEService - Broadcasting slot update to 1 clients - Slot: A1, Status: OCCUPIED
2025-12-30 12:30:44 [org.springframework.kafka.KafkaListenerEndpointContainer#1-0-C-1] INFO  parking.services.SSEService - Slot update broadcast completed - Success: 1, Failed: 0, Active emitters: 1
2025-12-30 12:30:44 [org.springframework.kafka.KafkaListenerEndpointContainer#1-0-C-1] INFO  p.services.KafkaConsumerService - Broadcasted slot update to SSE clients for slot: A1
2025-12-30 12:30:44 [http-nio-8080-exec-1] DEBUG org.hibernate.SQL - 
    select
        count(*) 
    from
        parking_slots ps1_0
2025-12-30 12:30:44 [http-nio-8080-exec-1] DEBUG org.hibernate.SQL - 
    select
        count(ps1_0.id) 
    from
        parking_slots ps1_0 
    where
        ps1_0.status='VACANT'
2025-12-30 12:30:44 [http-nio-8080-exec-1] DEBUG org.hibernate.SQL - 
    select
        count(pv1_0.id) 
    from
        parking_violations pv1_0 
    where
        pv1_0.resolved=false
2025-12-30 12:30:44 [http-nio-8080-exec-1] INFO  parking.services.ParkingService - Parking Stats - Total: 8, Available: 7, Occupied: 1, Violations: 0, Occupancy Rate: 12.50%
2025-12-30 12:30:44 [http-nio-8080-exec-6] INFO  p.controller.ParkingController - Fetching parking statistics
2025-12-30 12:30:44 [http-nio-8080-exec-6] DEBUG org.hibernate.SQL - 
    select
        count(*) 
    from
        parking_slots ps1_0
2025-12-30 12:30:44 [http-nio-8080-exec-6] DEBUG org.hibernate.SQL - 
    select
        count(ps1_0.id) 
    from
        parking_slots ps1_0 
    where
        ps1_0.status='VACANT'
2025-12-30 12:30:44 [http-nio-8080-exec-6] DEBUG org.hibernate.SQL - 
    select
        count(pv1_0.id) 
    from
        parking_violations pv1_0 
    where
        pv1_0.resolved=false
2025-12-30 12:30:44 [http-nio-8080-exec-6] INFO  parking.services.ParkingService - Parking Stats - Total: 8, Available: 7, Occupied: 1, Violations: 0, Occupancy Rate: 12.50%
2025-12-30 12:30:56 [http-nio-8080-exec-8] INFO  p.controller.ParkingController - === Received parking event request ===
2025-12-30 12:30:56 [http-nio-8080-exec-8] INFO  p.controller.ParkingController - Slot: B1, Vehicle: ABC-1234, Type: ENTRY
2025-12-30 12:30:56 [http-nio-8080-exec-8] INFO  p.services.KafkaProducerService - Sending parking event to Kafka topic: parking-events
2025-12-30 12:30:56 [http-nio-8080-exec-8] INFO  parking.services.ParkingService - Processing ENTRY event - Vehicle: ABC-1234, Slot: B1
2025-12-30 12:30:56 [http-nio-8080-exec-8] DEBUG org.hibernate.SQL - 
    select
        ps1_0.id,
        ps1_0.current_vehicle_number,
        ps1_0.floor,
        ps1_0.last_updated,
        ps1_0.max_stay_minutes,
        ps1_0.occupied_since,
        ps1_0.reserved,
        ps1_0.slot_number,
        ps1_0.status,
        ps1_0.zone 
    from
        parking_slots ps1_0 
    where
        ps1_0.slot_number=?
2025-12-30 12:30:56 [http-nio-8080-exec-8] INFO  parking.services.ParkingService - Slot B1 marked as OCCUPIED for vehicle: ABC-1234 at 2025-12-30T12:30:56.842081200
2025-12-30 12:30:56 [http-nio-8080-exec-8] INFO  parking.entity.ParkingEvent - Creating parking event: ENTRY for vehicle ABC-1234 at slot B1
2025-12-30 12:30:56 [http-nio-8080-exec-8] DEBUG org.hibernate.SQL - 
    insert 
    into
        parking_events
        (additional_info, duration_minutes, event_type, slot_number, timestamp, vehicle_number) 
    values
        (?, ?, ?, ?, ?, ?)
2025-12-30 12:30:56 [http-nio-8080-exec-8] INFO  parking.services.ParkingService - Created ENTRY event with ID: 5 for vehicle: ABC-1234
2025-12-30 12:30:56 [http-nio-8080-exec-8] INFO  p.services.KafkaProducerService - Sending slot update to Kafka - Slot: B1, Status: OCCUPIED
2025-12-30 12:30:56 [http-nio-8080-exec-8] DEBUG org.hibernate.SQL - 
    update
        parking_slots 
    set
        current_vehicle_number=?,
        floor=?,
        last_updated=?,
        max_stay_minutes=?,
        occupied_since=?,
        reserved=?,
        slot_number=?,
        status=?,
        zone=? 
    where
        id=?
2025-12-30 12:30:56 [http-nio-8080-exec-8] INFO  p.controller.ParkingController - Event processed successfully: Vehicle entry recorded successfully
2025-12-30 12:30:56 [kafka-producer-network-thread | smart parking-producer-1] INFO  p.services.KafkaProducerService - ✓ Successfully sent slot update for slot: B1 to offset: 0
2025-12-30 12:30:56 [kafka-producer-network-thread | smart parking-producer-1] INFO  p.services.KafkaProducerService - ✓ Successfully sent parking event to topic: parking-events at offset: 4
2025-12-30 12:30:56 [org.springframework.kafka.KafkaListenerEndpointContainer#1-1-C-1] INFO  p.services.KafkaConsumerService - Received slot update from Kafka: {"slotNumber":"B1","status":"OCCUPIED","vehicleNumber":"ABC-1234","timestamp":[2025,12,30,12,30,56,844114200],"occupancyDuration":0,"floor":"2","zone":"South"}
2025-12-30 12:30:56 [org.springframework.kafka.KafkaListenerEndpointContainer#0-0-C-1] INFO  p.services.KafkaConsumerService - Received parking event from Kafka: {"slotNumber":"B1","vehicleNumber":"ABC-1234","eventType":"ENTRY","additionalInfo":"Regular customer"}
2025-12-30 12:30:56 [org.springframework.kafka.KafkaListenerEndpointContainer#1-1-C-1] INFO  parking.services.SSEService - Broadcasting slot update to 1 clients - Slot: B1, Status: OCCUPIED
2025-12-30 12:30:56 [org.springframework.kafka.KafkaListenerEndpointContainer#1-1-C-1] INFO  parking.services.SSEService - Slot update broadcast completed - Success: 1, Failed: 0, Active emitters: 1
2025-12-30 12:30:56 [org.springframework.kafka.KafkaListenerEndpointContainer#1-1-C-1] INFO  p.services.KafkaConsumerService - Broadcasted slot update to SSE clients for slot: B1
2025-12-30 12:30:56 [org.springframework.kafka.KafkaListenerEndpointContainer#0-0-C-1] INFO  parking.services.ParkingService - Processing event - Type: ENTRY, Slot: B1, Vehicle: ABC-1234
2025-12-30 12:30:56 [org.springframework.kafka.KafkaListenerEndpointContainer#0-0-C-1] INFO  parking.services.ParkingService - Processing ENTRY event - Vehicle: ABC-1234, Slot: B1
2025-12-30 12:30:56 [org.springframework.kafka.KafkaListenerEndpointContainer#0-0-C-1] DEBUG org.hibernate.SQL - 
    select
        ps1_0.id,
        ps1_0.current_vehicle_number,
        ps1_0.floor,
        ps1_0.last_updated,
        ps1_0.max_stay_minutes,
        ps1_0.occupied_since,
        ps1_0.reserved,
        ps1_0.slot_number,
        ps1_0.status,
        ps1_0.zone 
    from
        parking_slots ps1_0 
    where
        ps1_0.slot_number=?
2025-12-30 12:30:56 [org.springframework.kafka.KafkaListenerEndpointContainer#0-0-C-1] ERROR parking.services.ParkingService - Slot B1 is not available. Current status: OCCUPIED
2025-12-30 12:30:56 [org.springframework.kafka.KafkaListenerEndpointContainer#0-0-C-1] ERROR p.services.KafkaConsumerService - Error processing parking event: {"slotNumber":"B1","vehicleNumber":"ABC-1234","eventType":"ENTRY","additionalInfo":"Regular customer"}. Exception: Slot is not available
java.lang.RuntimeException: Slot is not available
	at parking.services.ParkingService.handleEntry(ParkingService.java:49)
	at parking.services.ParkingService.processEvent(ParkingService.java:169)
	at java.base/jdk.internal.reflect.DirectMethodHandleAccessor.invoke(DirectMethodHandleAccessor.java:104)
	at java.base/java.lang.reflect.Method.invoke(Method.java:565)
	at org.springframework.aop.support.AopUtils.invokeJoinpointUsingReflection(AopUtils.java:359)
	at org.springframework.aop.framework.ReflectiveMethodInvocation.invokeJoinpoint(ReflectiveMethodInvocation.java:190)
	at org.springframework.aop.framework.ReflectiveMethodInvocation.proceed(ReflectiveMethodInvocation.java:158)
	at org.springframework.transaction.interceptor.TransactionAspectSupport.invokeWithinTransaction(TransactionAspectSupport.java:370)
	at org.springframework.transaction.interceptor.TransactionInterceptor.invoke(TransactionInterceptor.java:118)
	at org.springframework.aop.framework.ReflectiveMethodInvocation.proceed(ReflectiveMethodInvocation.java:179)
	at org.springframework.aop.framework.CglibAopProxy$DynamicAdvisedInterceptor.intercept(CglibAopProxy.java:719)
	at parking.services.ParkingService$$SpringCGLIB$$0.processEvent(<generated>)
	at parking.services.KafkaConsumerService.consumeParkingEvent(KafkaConsumerService.java:28)
	at java.base/jdk.internal.reflect.DirectMethodHandleAccessor.invoke(DirectMethodHandleAccessor.java:104)
	at java.base/java.lang.reflect.Method.invoke(Method.java:565)
	at org.springframework.messaging.handler.invocation.InvocableHandlerMethod.doInvoke(InvocableHandlerMethod.java:168)
	at org.springframework.kafka.listener.adapter.KotlinAwareInvocableHandlerMethod.doInvoke(KotlinAwareInvocableHandlerMethod.java:48)
	at org.springframework.messaging.handler.invocation.InvocableHandlerMethod.invoke(InvocableHandlerMethod.java:119)
	at org.springframework.kafka.listener.adapter.HandlerAdapter.invoke(HandlerAdapter.java:80)
	at org.springframework.kafka.listener.adapter.MessagingMessageListenerAdapter.invokeHandler(MessagingMessageListenerAdapter.java:488)
	at org.springframework.kafka.listener.adapter.MessagingMessageListenerAdapter.invoke(MessagingMessageListenerAdapter.java:425)
	at org.springframework.kafka.listener.adapter.RecordMessagingMessageListenerAdapter.onMessage(RecordMessagingMessageListenerAdapter.java:92)
	at org.springframework.kafka.listener.adapter.RecordMessagingMessageListenerAdapter.onMessage(RecordMessagingMessageListenerAdapter.java:52)
	at org.springframework.kafka.listener.KafkaMessageListenerContainer$ListenerConsumer.doInvokeOnMessage(KafkaMessageListenerContainer.java:2898)
	at org.springframework.kafka.listener.KafkaMessageListenerContainer$ListenerConsumer.invokeOnMessage(KafkaMessageListenerContainer.java:2877)
	at org.springframework.kafka.listener.KafkaMessageListenerContainer$ListenerConsumer.doInvokeRecordListener(KafkaMessageListenerContainer.java:2787)
	at org.springframework.kafka.listener.KafkaMessageListenerContainer$ListenerConsumer.doInvokeWithRecords(KafkaMessageListenerContainer.java:2629)
	at org.springframework.kafka.listener.KafkaMessageListenerContainer$ListenerConsumer.invokeRecordListener(KafkaMessageListenerContainer.java:2523)
	at org.springframework.kafka.listener.KafkaMessageListenerContainer$ListenerConsumer.invokeListener(KafkaMessageListenerContainer.java:2161)
	at org.springframework.kafka.listener.KafkaMessageListenerContainer$ListenerConsumer.invokeIfHaveRecords(KafkaMessageListenerContainer.java:1538)
	at org.springframework.kafka.listener.KafkaMessageListenerContainer$ListenerConsumer.pollAndInvoke(KafkaMessageListenerContainer.java:1476)
	at org.springframework.kafka.listener.KafkaMessageListenerContainer$ListenerConsumer.run(KafkaMessageListenerContainer.java:1345)
	at java.base/java.util.concurrent.CompletableFuture$AsyncRun.run(CompletableFuture.java:1825)
	at java.base/java.lang.Thread.run(Thread.java:1474)
2025-12-30 12:30:56 [http-nio-8080-exec-2] INFO  p.controller.ParkingController - Fetching parking statistics
2025-12-30 12:30:56 [http-nio-8080-exec-2] DEBUG org.hibernate.SQL - 
    select
        count(*) 
    from
        parking_slots ps1_0
2025-12-30 12:30:56 [http-nio-8080-exec-2] DEBUG org.hibernate.SQL - 
    select
        count(ps1_0.id) 
    from
        parking_slots ps1_0 
    where
        ps1_0.status='VACANT'
2025-12-30 12:30:56 [http-nio-8080-exec-2] DEBUG org.hibernate.SQL - 
    select
        count(pv1_0.id) 
    from
        parking_violations pv1_0 
    where
        pv1_0.resolved=false
2025-12-30 12:30:56 [http-nio-8080-exec-2] INFO  parking.services.ParkingService - Parking Stats - Total: 8, Available: 6, Occupied: 2, Violations: 0, Occupancy Rate: 25.00%
2025-12-30 12:48:56 [org.springframework.kafka.KafkaListenerEndpointContainer#1-1-C-1] INFO  o.a.k.c.c.i.ConsumerRebalanceListenerInvoker - [Consumer clientId=consumer-parking-consumer-group-8, groupId=parking-consumer-group] Revoke previously assigned partitions [slot-updates-1]
2025-12-30 12:48:56 [org.springframework.kafka.KafkaListenerEndpointContainer#2-1-C-1] INFO  o.a.k.c.c.i.ConsumerRebalanceListenerInvoker - [Consumer clientId=consumer-parking-consumer-group-2, groupId=parking-consumer-group] Revoke previously assigned partitions [parking-violations-1]
2025-12-30 12:48:56 [org.springframework.kafka.KafkaListenerEndpointContainer#2-2-C-1] INFO  o.a.k.c.c.i.ConsumerRebalanceListenerInvoker - [Consumer clientId=consumer-parking-consumer-group-3, groupId=parking-consumer-group] Revoke previously assigned partitions [parking-violations-2]
2025-12-30 12:48:56 [org.springframework.kafka.KafkaListenerEndpointContainer#0-1-C-1] INFO  o.a.k.c.c.i.ConsumerRebalanceListenerInvoker - [Consumer clientId=consumer-parking-consumer-group-5, groupId=parking-consumer-group] Revoke previously assigned partitions [parking-events-1]
2025-12-30 12:48:56 [org.springframework.kafka.KafkaListenerEndpointContainer#0-2-C-1] INFO  o.a.k.c.c.i.ConsumerRebalanceListenerInvoker - [Consumer clientId=consumer-parking-consumer-group-6, groupId=parking-consumer-group] Revoke previously assigned partitions [parking-events-2]
2025-12-30 12:48:56 [org.springframework.kafka.KafkaListenerEndpointContainer#2-0-C-1] INFO  o.a.k.c.c.i.ConsumerRebalanceListenerInvoker - [Consumer clientId=consumer-parking-consumer-group-1, groupId=parking-consumer-group] Revoke previously assigned partitions [parking-violations-0]
2025-12-30 12:48:56 [org.springframework.kafka.KafkaListenerEndpointContainer#0-0-C-1] INFO  o.a.k.c.c.i.ConsumerRebalanceListenerInvoker - [Consumer clientId=consumer-parking-consumer-group-4, groupId=parking-consumer-group] Revoke previously assigned partitions [parking-events-0]
2025-12-30 12:48:56 [org.springframework.kafka.KafkaListenerEndpointContainer#1-2-C-1] INFO  o.a.k.c.c.i.ConsumerRebalanceListenerInvoker - [Consumer clientId=consumer-parking-consumer-group-9, groupId=parking-consumer-group] Revoke previously assigned partitions [slot-updates-2]
2025-12-30 12:48:56 [org.springframework.kafka.KafkaListenerEndpointContainer#1-0-C-1] INFO  o.a.k.c.c.i.ConsumerRebalanceListenerInvoker - [Consumer clientId=consumer-parking-consumer-group-7, groupId=parking-consumer-group] Revoke previously assigned partitions [slot-updates-0]
2025-12-30 12:48:56 [org.springframework.kafka.KafkaListenerEndpointContainer#1-0-C-1] INFO  o.s.k.l.KafkaMessageListenerContainer - parking-consumer-group: partitions revoked: [slot-updates-0]
2025-12-30 12:48:56 [org.springframework.kafka.KafkaListenerEndpointContainer#2-1-C-1] INFO  o.s.k.l.KafkaMessageListenerContainer - parking-consumer-group: partitions revoked: [parking-violations-1]
2025-12-30 12:48:56 [org.springframework.kafka.KafkaListenerEndpointContainer#0-2-C-1] INFO  o.s.k.l.KafkaMessageListenerContainer - parking-consumer-group: partitions revoked: [parking-events-2]
2025-12-30 12:48:56 [org.springframework.kafka.KafkaListenerEndpointContainer#0-0-C-1] INFO  o.s.k.l.KafkaMessageListenerContainer - parking-consumer-group: partitions revoked: [parking-events-0]
2025-12-30 12:48:56 [org.springframework.kafka.KafkaListenerEndpointContainer#0-1-C-1] INFO  o.s.k.l.KafkaMessageListenerContainer - parking-consumer-group: partitions revoked: [parking-events-1]
2025-12-30 12:48:56 [org.springframework.kafka.KafkaListenerEndpointContainer#1-1-C-1] INFO  o.s.k.l.KafkaMessageListenerContainer - parking-consumer-group: partitions revoked: [slot-updates-1]
2025-12-30 12:48:56 [org.springframework.kafka.KafkaListenerEndpointContainer#2-2-C-1] INFO  o.s.k.l.KafkaMessageListenerContainer - parking-consumer-group: partitions revoked: [parking-violations-2]
2025-12-30 12:48:56 [org.springframework.kafka.KafkaListenerEndpointContainer#2-0-C-1] INFO  o.s.k.l.KafkaMessageListenerContainer - parking-consumer-group: partitions revoked: [parking-violations-0]
2025-12-30 12:48:56 [org.springframework.kafka.KafkaListenerEndpointContainer#1-2-C-1] INFO  o.s.k.l.KafkaMessageListenerContainer - parking-consumer-group: partitions revoked: [slot-updates-2]
2025-12-30 12:48:56 [org.springframework.kafka.KafkaListenerEndpointContainer#0-0-C-1] INFO  o.a.k.c.c.i.ConsumerCoordinator - [Consumer clientId=consumer-parking-consumer-group-4, groupId=parking-consumer-group] Member consumer-parking-consumer-group-4-44f81e0f-caef-41d2-9d1f-411647c7439f sending LeaveGroup request to coordinator localhost:9092 (id: 2147483646 rack: null isFenced: false) due to the consumer unsubscribed from all topics
2025-12-30 12:48:56 [org.springframework.kafka.KafkaListenerEndpointContainer#0-2-C-1] INFO  o.a.k.c.c.i.ConsumerCoordinator - [Consumer clientId=consumer-parking-consumer-group-6, groupId=parking-consumer-group] Member consumer-parking-consumer-group-6-f8e2fb64-4abe-4a00-baac-793c2abdf710 sending LeaveGroup request to coordinator localhost:9092 (id: 2147483646 rack: null isFenced: false) due to the consumer unsubscribed from all topics
2025-12-30 12:48:56 [org.springframework.kafka.KafkaListenerEndpointContainer#2-0-C-1] INFO  o.a.k.c.c.i.ConsumerCoordinator - [Consumer clientId=consumer-parking-consumer-group-1, groupId=parking-consumer-group] Member consumer-parking-consumer-group-1-04f46455-e514-47d3-8d49-d5878afb0f42 sending LeaveGroup request to coordinator localhost:9092 (id: 2147483646 rack: null isFenced: false) due to the consumer unsubscribed from all topics
2025-12-30 12:48:56 [org.springframework.kafka.KafkaListenerEndpointContainer#1-0-C-1] INFO  o.a.k.c.c.i.ConsumerCoordinator - [Consumer clientId=consumer-parking-consumer-group-7, groupId=parking-consumer-group] Member consumer-parking-consumer-group-7-e77bed37-a97c-4d28-9727-1b72d1bba028 sending LeaveGroup request to coordinator localhost:9092 (id: 2147483646 rack: null isFenced: false) due to the consumer unsubscribed from all topics
2025-12-30 12:48:56 [org.springframework.kafka.KafkaListenerEndpointContainer#1-1-C-1] INFO  o.a.k.c.c.i.ConsumerCoordinator - [Consumer clientId=consumer-parking-consumer-group-8, groupId=parking-consumer-group] Member consumer-parking-consumer-group-8-d4bf5141-0530-45f4-a258-b1f3aef0e4fe sending LeaveGroup request to coordinator localhost:9092 (id: 2147483646 rack: null isFenced: false) due to the consumer unsubscribed from all topics
2025-12-30 12:48:56 [org.springframework.kafka.KafkaListenerEndpointContainer#2-2-C-1] INFO  o.a.k.c.c.i.ConsumerCoordinator - [Consumer clientId=consumer-parking-consumer-group-3, groupId=parking-consumer-group] Member consumer-parking-consumer-group-3-3464db41-1f04-4359-a627-e250b4fee4aa sending LeaveGroup request to coordinator localhost:9092 (id: 2147483646 rack: null isFenced: false) due to the consumer unsubscribed from all topics
2025-12-30 12:48:56 [org.springframework.kafka.KafkaListenerEndpointContainer#2-1-C-1] INFO  o.a.k.c.c.i.ConsumerCoordinator - [Consumer clientId=consumer-parking-consumer-group-2, groupId=parking-consumer-group] Member consumer-parking-consumer-group-2-6c0b4082-d639-4cfe-b42a-20d1898820b2 sending LeaveGroup request to coordinator localhost:9092 (id: 2147483646 rack: null isFenced: false) due to the consumer unsubscribed from all topics
2025-12-30 12:48:56 [org.springframework.kafka.KafkaListenerEndpointContainer#0-1-C-1] INFO  o.a.k.c.c.i.ConsumerCoordinator - [Consumer clientId=consumer-parking-consumer-group-5, groupId=parking-consumer-group] Member consumer-parking-consumer-group-5-1e2c5b61-8dd7-4b86-b824-553574c64fc8 sending LeaveGroup request to coordinator localhost:9092 (id: 2147483646 rack: null isFenced: false) due to the consumer unsubscribed from all topics
2025-12-30 12:48:56 [org.springframework.kafka.KafkaListenerEndpointContainer#1-2-C-1] INFO  o.a.k.c.c.i.ConsumerCoordinator - [Consumer clientId=consumer-parking-consumer-group-9, groupId=parking-consumer-group] Member consumer-parking-consumer-group-9-225ce475-1414-486c-85d7-06eb2e7b588d sending LeaveGroup request to coordinator localhost:9092 (id: 2147483646 rack: null isFenced: false) due to the consumer unsubscribed from all topics
2025-12-30 12:48:56 [org.springframework.kafka.KafkaListenerEndpointContainer#2-2-C-1] INFO  o.a.k.c.c.i.ConsumerCoordinator - [Consumer clientId=consumer-parking-consumer-group-3, groupId=parking-consumer-group] Resetting generation and member id due to: consumer pro-actively leaving the group
2025-12-30 12:48:56 [org.springframework.kafka.KafkaListenerEndpointContainer#2-0-C-1] INFO  o.a.k.c.c.i.ConsumerCoordinator - [Consumer clientId=consumer-parking-consumer-group-1, groupId=parking-consumer-group] Resetting generation and member id due to: consumer pro-actively leaving the group
2025-12-30 12:48:56 [org.springframework.kafka.KafkaListenerEndpointContainer#0-2-C-1] INFO  o.a.k.c.c.i.ConsumerCoordinator - [Consumer clientId=consumer-parking-consumer-group-6, groupId=parking-consumer-group] Resetting generation and member id due to: consumer pro-actively leaving the group
2025-12-30 12:48:56 [org.springframework.kafka.KafkaListenerEndpointContainer#0-1-C-1] INFO  o.a.k.c.c.i.ConsumerCoordinator - [Consumer clientId=consumer-parking-consumer-group-5, groupId=parking-consumer-group] Resetting generation and member id due to: consumer pro-actively leaving the group
2025-12-30 12:48:56 [org.springframework.kafka.KafkaListenerEndpointContainer#0-0-C-1] INFO  o.a.k.c.c.i.ConsumerCoordinator - [Consumer clientId=consumer-parking-consumer-group-4, groupId=parking-consumer-group] Resetting generation and member id due to: consumer pro-actively leaving the group
2025-12-30 12:48:56 [org.springframework.kafka.KafkaListenerEndpointContainer#1-0-C-1] INFO  o.a.k.c.c.i.ConsumerCoordinator - [Consumer clientId=consumer-parking-consumer-group-7, groupId=parking-consumer-group] Resetting generation and member id due to: consumer pro-actively leaving the group
2025-12-30 12:48:56 [org.springframework.kafka.KafkaListenerEndpointContainer#2-1-C-1] INFO  o.a.k.c.c.i.ConsumerCoordinator - [Consumer clientId=consumer-parking-consumer-group-2, groupId=parking-consumer-group] Resetting generation and member id due to: consumer pro-actively leaving the group
2025-12-30 12:48:56 [org.springframework.kafka.KafkaListenerEndpointContainer#1-1-C-1] INFO  o.a.k.c.c.i.ConsumerCoordinator - [Consumer clientId=consumer-parking-consumer-group-8, groupId=parking-consumer-group] Resetting generation and member id due to: consumer pro-actively leaving the group
2025-12-30 12:48:56 [org.springframework.kafka.KafkaListenerEndpointContainer#1-2-C-1] INFO  o.a.k.c.c.i.ConsumerCoordinator - [Consumer clientId=consumer-parking-consumer-group-9, groupId=parking-consumer-group] Resetting generation and member id due to: consumer pro-actively leaving the group
2025-12-30 12:48:56 [org.springframework.kafka.KafkaListenerEndpointContainer#2-1-C-1] INFO  o.a.k.c.c.i.ConsumerCoordinator - [Consumer clientId=consumer-parking-consumer-group-2, groupId=parking-consumer-group] Request joining group due to: consumer pro-actively leaving the group
2025-12-30 12:48:56 [org.springframework.kafka.KafkaListenerEndpointContainer#2-2-C-1] INFO  o.a.k.c.c.i.ConsumerCoordinator - [Consumer clientId=consumer-parking-consumer-group-3, groupId=parking-consumer-group] Request joining group due to: consumer pro-actively leaving the group
2025-12-30 12:48:56 [org.springframework.kafka.KafkaListenerEndpointContainer#0-2-C-1] INFO  o.a.k.c.c.i.ConsumerCoordinator - [Consumer clientId=consumer-parking-consumer-group-6, groupId=parking-consumer-group] Request joining group due to: consumer pro-actively leaving the group
2025-12-30 12:48:56 [org.springframework.kafka.KafkaListenerEndpointContainer#1-0-C-1] INFO  o.a.k.c.c.i.ConsumerCoordinator - [Consumer clientId=consumer-parking-consumer-group-7, groupId=parking-consumer-group] Request joining group due to: consumer pro-actively leaving the group
2025-12-30 12:48:56 [org.springframework.kafka.KafkaListenerEndpointContainer#1-2-C-1] INFO  o.a.k.c.c.i.ConsumerCoordinator - [Consumer clientId=consumer-parking-consumer-group-9, groupId=parking-consumer-group] Request joining group due to: consumer pro-actively leaving the group
2025-12-30 12:48:56 [org.springframework.kafka.KafkaListenerEndpointContainer#1-1-C-1] INFO  o.a.k.c.c.i.ConsumerCoordinator - [Consumer clientId=consumer-parking-consumer-group-8, groupId=parking-consumer-group] Request joining group due to: consumer pro-actively leaving the group
2025-12-30 12:48:56 [org.springframework.kafka.KafkaListenerEndpointContainer#0-0-C-1] INFO  o.a.k.c.c.i.ConsumerCoordinator - [Consumer clientId=consumer-parking-consumer-group-4, groupId=parking-consumer-group] Request joining group due to: consumer pro-actively leaving the group
2025-12-30 12:48:56 [org.springframework.kafka.KafkaListenerEndpointContainer#2-0-C-1] INFO  o.a.k.c.c.i.ConsumerCoordinator - [Consumer clientId=consumer-parking-consumer-group-1, groupId=parking-consumer-group] Request joining group due to: consumer pro-actively leaving the group
2025-12-30 12:48:56 [org.springframework.kafka.KafkaListenerEndpointContainer#0-1-C-1] INFO  o.a.k.c.c.i.ConsumerCoordinator - [Consumer clientId=consumer-parking-consumer-group-5, groupId=parking-consumer-group] Request joining group due to: consumer pro-actively leaving the group
2025-12-30 12:48:56 [org.springframework.kafka.KafkaListenerEndpointContainer#1-0-C-1] INFO  o.a.k.c.c.i.ClassicKafkaConsumer - [Consumer clientId=consumer-parking-consumer-group-7, groupId=parking-consumer-group] Unsubscribed all topics or patterns and assigned partitions
2025-12-30 12:48:56 [org.springframework.kafka.KafkaListenerEndpointContainer#1-1-C-1] INFO  o.a.k.c.c.i.ClassicKafkaConsumer - [Consumer clientId=consumer-parking-consumer-group-8, groupId=parking-consumer-group] Unsubscribed all topics or patterns and assigned partitions
2025-12-30 12:48:56 [org.springframework.kafka.KafkaListenerEndpointContainer#0-1-C-1] INFO  o.a.k.c.c.i.ClassicKafkaConsumer - [Consumer clientId=consumer-parking-consumer-group-5, groupId=parking-consumer-group] Unsubscribed all topics or patterns and assigned partitions
2025-12-30 12:48:56 [org.springframework.kafka.KafkaListenerEndpointContainer#1-2-C-1] INFO  o.a.k.c.c.i.ClassicKafkaConsumer - [Consumer clientId=consumer-parking-consumer-group-9, groupId=parking-consumer-group] Unsubscribed all topics or patterns and assigned partitions
2025-12-30 12:48:56 [org.springframework.kafka.KafkaListenerEndpointContainer#2-2-C-1] INFO  o.a.k.c.c.i.ClassicKafkaConsumer - [Consumer clientId=consumer-parking-consumer-group-3, groupId=parking-consumer-group] Unsubscribed all topics or patterns and assigned partitions
2025-12-30 12:48:56 [org.springframework.kafka.KafkaListenerEndpointContainer#2-0-C-1] INFO  o.a.k.c.c.i.ClassicKafkaConsumer - [Consumer clientId=consumer-parking-consumer-group-1, groupId=parking-consumer-group] Unsubscribed all topics or patterns and assigned partitions
2025-12-30 12:48:56 [org.springframework.kafka.KafkaListenerEndpointContainer#0-2-C-1] INFO  o.a.k.c.c.i.ClassicKafkaConsumer - [Consumer clientId=consumer-parking-consumer-group-6, groupId=parking-consumer-group] Unsubscribed all topics or patterns and assigned partitions
2025-12-30 12:48:56 [org.springframework.kafka.KafkaListenerEndpointContainer#2-1-C-1] INFO  o.a.k.c.c.i.ClassicKafkaConsumer - [Consumer clientId=consumer-parking-consumer-group-2, groupId=parking-consumer-group] Unsubscribed all topics or patterns and assigned partitions
2025-12-30 12:48:56 [org.springframework.kafka.KafkaListenerEndpointContainer#0-0-C-1] INFO  o.a.k.c.c.i.ClassicKafkaConsumer - [Consumer clientId=consumer-parking-consumer-group-4, groupId=parking-consumer-group] Unsubscribed all topics or patterns and assigned partitions
2025-12-30 12:48:56 [org.springframework.kafka.KafkaListenerEndpointContainer#2-0-C-1] INFO  o.a.k.c.c.i.ConsumerCoordinator - [Consumer clientId=consumer-parking-consumer-group-1, groupId=parking-consumer-group] Resetting generation and member id due to: consumer pro-actively leaving the group
2025-12-30 12:48:56 [org.springframework.kafka.KafkaListenerEndpointContainer#0-0-C-1] INFO  o.a.k.c.c.i.ConsumerCoordinator - [Consumer clientId=consumer-parking-consumer-group-4, groupId=parking-consumer-group] Resetting generation and member id due to: consumer pro-actively leaving the group
2025-12-30 12:48:56 [org.springframework.kafka.KafkaListenerEndpointContainer#2-2-C-1] INFO  o.a.k.c.c.i.ConsumerCoordinator - [Consumer clientId=consumer-parking-consumer-group-3, groupId=parking-consumer-group] Resetting generation and member id due to: consumer pro-actively leaving the group
2025-12-30 12:48:56 [org.springframework.kafka.KafkaListenerEndpointContainer#2-1-C-1] INFO  o.a.k.c.c.i.ConsumerCoordinator - [Consumer clientId=consumer-parking-consumer-group-2, groupId=parking-consumer-group] Resetting generation and member id due to: consumer pro-actively leaving the group
2025-12-30 12:48:56 [org.springframework.kafka.KafkaListenerEndpointContainer#1-2-C-1] INFO  o.a.k.c.c.i.ConsumerCoordinator - [Consumer clientId=consumer-parking-consumer-group-9, groupId=parking-consumer-group] Resetting generation and member id due to: consumer pro-actively leaving the group
2025-12-30 12:48:56 [org.springframework.kafka.KafkaListenerEndpointContainer#0-0-C-1] INFO  o.a.k.c.c.i.ConsumerCoordinator - [Consumer clientId=consumer-parking-consumer-group-4, groupId=parking-consumer-group] Request joining group due to: consumer pro-actively leaving the group
2025-12-30 12:48:56 [org.springframework.kafka.KafkaListenerEndpointContainer#1-0-C-1] INFO  o.a.k.c.c.i.ConsumerCoordinator - [Consumer clientId=consumer-parking-consumer-group-7, groupId=parking-consumer-group] Resetting generation and member id due to: consumer pro-actively leaving the group
2025-12-30 12:48:56 [org.springframework.kafka.KafkaListenerEndpointContainer#2-0-C-1] INFO  o.a.k.c.c.i.ConsumerCoordinator - [Consumer clientId=consumer-parking-consumer-group-1, groupId=parking-consumer-group] Request joining group due to: consumer pro-actively leaving the group
2025-12-30 12:48:56 [org.springframework.kafka.KafkaListenerEndpointContainer#1-0-C-1] INFO  o.a.k.c.c.i.ConsumerCoordinator - [Consumer clientId=consumer-parking-consumer-group-7, groupId=parking-consumer-group] Request joining group due to: consumer pro-actively leaving the group
2025-12-30 12:48:56 [org.springframework.kafka.KafkaListenerEndpointContainer#0-2-C-1] INFO  o.a.k.c.c.i.ConsumerCoordinator - [Consumer clientId=consumer-parking-consumer-group-6, groupId=parking-consumer-group] Resetting generation and member id due to: consumer pro-actively leaving the group
2025-12-30 12:48:56 [org.springframework.kafka.KafkaListenerEndpointContainer#2-2-C-1] INFO  o.a.k.c.c.i.ConsumerCoordinator - [Consumer clientId=consumer-parking-consumer-group-3, groupId=parking-consumer-group] Request joining group due to: consumer pro-actively leaving the group
2025-12-30 12:48:56 [org.springframework.kafka.KafkaListenerEndpointContainer#1-2-C-1] INFO  o.a.k.c.c.i.ConsumerCoordinator - [Consumer clientId=consumer-parking-consumer-group-9, groupId=parking-consumer-group] Request joining group due to: consumer pro-actively leaving the group
2025-12-30 12:48:56 [org.springframework.kafka.KafkaListenerEndpointContainer#2-1-C-1] INFO  o.a.k.c.c.i.ConsumerCoordinator - [Consumer clientId=consumer-parking-consumer-group-2, groupId=parking-consumer-group] Request joining group due to: consumer pro-actively leaving the group
2025-12-30 12:48:56 [org.springframework.kafka.KafkaListenerEndpointContainer#0-2-C-1] INFO  o.a.k.c.c.i.ConsumerCoordinator - [Consumer clientId=consumer-parking-consumer-group-6, groupId=parking-consumer-group] Request joining group due to: consumer pro-actively leaving the group
2025-12-30 12:48:56 [org.springframework.kafka.KafkaListenerEndpointContainer#0-1-C-1] INFO  o.a.k.c.c.i.ConsumerCoordinator - [Consumer clientId=consumer-parking-consumer-group-5, groupId=parking-consumer-group] Resetting generation and member id due to: consumer pro-actively leaving the group
2025-12-30 12:48:56 [org.springframework.kafka.KafkaListenerEndpointContainer#0-1-C-1] INFO  o.a.k.c.c.i.ConsumerCoordinator - [Consumer clientId=consumer-parking-consumer-group-5, groupId=parking-consumer-group] Request joining group due to: consumer pro-actively leaving the group
2025-12-30 12:48:56 [org.springframework.kafka.KafkaListenerEndpointContainer#1-1-C-1] INFO  o.a.k.c.c.i.ConsumerCoordinator - [Consumer clientId=consumer-parking-consumer-group-8, groupId=parking-consumer-group] Resetting generation and member id due to: consumer pro-actively leaving the group
2025-12-30 12:48:56 [org.springframework.kafka.KafkaListenerEndpointContainer#1-1-C-1] INFO  o.a.k.c.c.i.ConsumerCoordinator - [Consumer clientId=consumer-parking-consumer-group-8, groupId=parking-consumer-group] Request joining group due to: consumer pro-actively leaving the group
2025-12-30 12:48:57 [org.springframework.kafka.KafkaListenerEndpointContainer#1-2-C-1] INFO  o.a.kafka.common.metrics.Metrics - Metrics scheduler closed
2025-12-30 12:48:57 [org.springframework.kafka.KafkaListenerEndpointContainer#2-0-C-1] INFO  o.a.kafka.common.metrics.Metrics - Metrics scheduler closed
2025-12-30 12:48:57 [org.springframework.kafka.KafkaListenerEndpointContainer#2-2-C-1] INFO  o.a.kafka.common.metrics.Metrics - Metrics scheduler closed
2025-12-30 12:48:57 [org.springframework.kafka.KafkaListenerEndpointContainer#1-1-C-1] INFO  o.a.kafka.common.metrics.Metrics - Metrics scheduler closed
2025-12-30 12:48:57 [org.springframework.kafka.KafkaListenerEndpointContainer#1-0-C-1] INFO  o.a.kafka.common.metrics.Metrics - Metrics scheduler closed
2025-12-30 12:48:57 [org.springframework.kafka.KafkaListenerEndpointContainer#0-0-C-1] INFO  o.a.kafka.common.metrics.Metrics - Metrics scheduler closed
2025-12-30 12:48:57 [org.springframework.kafka.KafkaListenerEndpointContainer#0-1-C-1] INFO  o.a.kafka.common.metrics.Metrics - Metrics scheduler closed
2025-12-30 12:48:57 [org.springframework.kafka.KafkaListenerEndpointContainer#2-1-C-1] INFO  o.a.kafka.common.metrics.Metrics - Metrics scheduler closed
2025-12-30 12:48:57 [org.springframework.kafka.KafkaListenerEndpointContainer#1-2-C-1] INFO  o.a.kafka.common.metrics.Metrics - Closing reporter org.apache.kafka.common.metrics.JmxReporter
2025-12-30 12:48:57 [org.springframework.kafka.KafkaListenerEndpointContainer#1-1-C-1] INFO  o.a.kafka.common.metrics.Metrics - Closing reporter org.apache.kafka.common.metrics.JmxReporter
2025-12-30 12:48:57 [org.springframework.kafka.KafkaListenerEndpointContainer#2-1-C-1] INFO  o.a.kafka.common.metrics.Metrics - Closing reporter org.apache.kafka.common.metrics.JmxReporter
2025-12-30 12:48:57 [org.springframework.kafka.KafkaListenerEndpointContainer#0-1-C-1] INFO  o.a.kafka.common.metrics.Metrics - Closing reporter org.apache.kafka.common.metrics.JmxReporter
2025-12-30 12:48:57 [org.springframework.kafka.KafkaListenerEndpointContainer#0-0-C-1] INFO  o.a.kafka.common.metrics.Metrics - Closing reporter org.apache.kafka.common.metrics.JmxReporter
2025-12-30 12:48:57 [org.springframework.kafka.KafkaListenerEndpointContainer#1-0-C-1] INFO  o.a.kafka.common.metrics.Metrics - Closing reporter org.apache.kafka.common.metrics.JmxReporter
2025-12-30 12:48:57 [org.springframework.kafka.KafkaListenerEndpointContainer#2-2-C-1] INFO  o.a.kafka.common.metrics.Metrics - Closing reporter org.apache.kafka.common.metrics.JmxReporter
2025-12-30 12:48:57 [org.springframework.kafka.KafkaListenerEndpointContainer#2-0-C-1] INFO  o.a.kafka.common.metrics.Metrics - Closing reporter org.apache.kafka.common.metrics.JmxReporter
2025-12-30 12:48:57 [org.springframework.kafka.KafkaListenerEndpointContainer#1-2-C-1] INFO  o.a.kafka.common.metrics.Metrics - Closing reporter org.apache.kafka.common.telemetry.internals.ClientTelemetryReporter
2025-12-30 12:48:57 [org.springframework.kafka.KafkaListenerEndpointContainer#1-1-C-1] INFO  o.a.kafka.common.metrics.Metrics - Closing reporter org.apache.kafka.common.telemetry.internals.ClientTelemetryReporter
2025-12-30 12:48:57 [org.springframework.kafka.KafkaListenerEndpointContainer#2-2-C-1] INFO  o.a.kafka.common.metrics.Metrics - Closing reporter org.apache.kafka.common.telemetry.internals.ClientTelemetryReporter
2025-12-30 12:48:57 [org.springframework.kafka.KafkaListenerEndpointContainer#2-1-C-1] INFO  o.a.kafka.common.metrics.Metrics - Closing reporter org.apache.kafka.common.telemetry.internals.ClientTelemetryReporter
2025-12-30 12:48:57 [org.springframework.kafka.KafkaListenerEndpointContainer#0-1-C-1] INFO  o.a.kafka.common.metrics.Metrics - Closing reporter org.apache.kafka.common.telemetry.internals.ClientTelemetryReporter
2025-12-30 12:48:57 [org.springframework.kafka.KafkaListenerEndpointContainer#0-0-C-1] INFO  o.a.kafka.common.metrics.Metrics - Closing reporter org.apache.kafka.common.telemetry.internals.ClientTelemetryReporter
2025-12-30 12:48:57 [org.springframework.kafka.KafkaListenerEndpointContainer#1-0-C-1] INFO  o.a.kafka.common.metrics.Metrics - Closing reporter org.apache.kafka.common.telemetry.internals.ClientTelemetryReporter
2025-12-30 12:48:57 [org.springframework.kafka.KafkaListenerEndpointContainer#1-0-C-1] INFO  o.a.kafka.common.metrics.Metrics - Metrics reporters closed
2025-12-30 12:48:57 [org.springframework.kafka.KafkaListenerEndpointContainer#1-1-C-1] INFO  o.a.kafka.common.metrics.Metrics - Metrics reporters closed
2025-12-30 12:48:57 [org.springframework.kafka.KafkaListenerEndpointContainer#2-1-C-1] INFO  o.a.kafka.common.metrics.Metrics - Metrics reporters closed
2025-12-30 12:48:57 [org.springframework.kafka.KafkaListenerEndpointContainer#2-2-C-1] INFO  o.a.kafka.common.metrics.Metrics - Metrics reporters closed
2025-12-30 12:48:57 [org.springframework.kafka.KafkaListenerEndpointContainer#0-0-C-1] INFO  o.a.kafka.common.metrics.Metrics - Metrics reporters closed
2025-12-30 12:48:57 [org.springframework.kafka.KafkaListenerEndpointContainer#0-1-C-1] INFO  o.a.kafka.common.metrics.Metrics - Metrics reporters closed
2025-12-30 12:48:57 [org.springframework.kafka.KafkaListenerEndpointContainer#1-2-C-1] INFO  o.a.kafka.common.metrics.Metrics - Metrics reporters closed
2025-12-30 12:48:57 [org.springframework.kafka.KafkaListenerEndpointContainer#2-0-C-1] INFO  o.a.kafka.common.metrics.Metrics - Closing reporter org.apache.kafka.common.telemetry.internals.ClientTelemetryReporter
2025-12-30 12:48:57 [org.springframework.kafka.KafkaListenerEndpointContainer#2-0-C-1] INFO  o.a.kafka.common.metrics.Metrics - Metrics reporters closed
2025-12-30 12:48:57 [org.springframework.kafka.KafkaListenerEndpointContainer#0-2-C-1] INFO  o.a.kafka.common.metrics.Metrics - Metrics scheduler closed
2025-12-30 12:48:57 [org.springframework.kafka.KafkaListenerEndpointContainer#0-2-C-1] INFO  o.a.kafka.common.metrics.Metrics - Closing reporter org.apache.kafka.common.metrics.JmxReporter
2025-12-30 12:48:57 [org.springframework.kafka.KafkaListenerEndpointContainer#0-2-C-1] INFO  o.a.kafka.common.metrics.Metrics - Closing reporter org.apache.kafka.common.telemetry.internals.ClientTelemetryReporter
2025-12-30 12:48:57 [org.springframework.kafka.KafkaListenerEndpointContainer#0-2-C-1] INFO  o.a.kafka.common.metrics.Metrics - Metrics reporters closed
2025-12-30 12:48:57 [org.springframework.kafka.KafkaListenerEndpointContainer#2-2-C-1] INFO  o.a.kafka.common.utils.AppInfoParser - App info kafka.consumer for consumer-parking-consumer-group-3 unregistered
2025-12-30 12:48:57 [org.springframework.kafka.KafkaListenerEndpointContainer#1-0-C-1] INFO  o.a.kafka.common.utils.AppInfoParser - App info kafka.consumer for consumer-parking-consumer-group-7 unregistered
2025-12-30 12:48:57 [org.springframework.kafka.KafkaListenerEndpointContainer#0-0-C-1] INFO  o.a.kafka.common.utils.AppInfoParser - App info kafka.consumer for consumer-parking-consumer-group-4 unregistered
2025-12-30 12:48:57 [org.springframework.kafka.KafkaListenerEndpointContainer#2-0-C-1] INFO  o.a.kafka.common.utils.AppInfoParser - App info kafka.consumer for consumer-parking-consumer-group-1 unregistered
2025-12-30 12:48:57 [org.springframework.kafka.KafkaListenerEndpointContainer#1-1-C-1] INFO  o.a.kafka.common.utils.AppInfoParser - App info kafka.consumer for consumer-parking-consumer-group-8 unregistered
2025-12-30 12:48:57 [org.springframework.kafka.KafkaListenerEndpointContainer#2-1-C-1] INFO  o.a.kafka.common.utils.AppInfoParser - App info kafka.consumer for consumer-parking-consumer-group-2 unregistered
2025-12-30 12:48:57 [org.springframework.kafka.KafkaListenerEndpointContainer#0-2-C-1] INFO  o.a.kafka.common.utils.AppInfoParser - App info kafka.consumer for consumer-parking-consumer-group-6 unregistered
2025-12-30 12:48:57 [org.springframework.kafka.KafkaListenerEndpointContainer#0-1-C-1] INFO  o.a.kafka.common.utils.AppInfoParser - App info kafka.consumer for consumer-parking-consumer-group-5 unregistered
2025-12-30 12:48:57 [org.springframework.kafka.KafkaListenerEndpointContainer#0-1-C-1] INFO  o.s.k.l.KafkaMessageListenerContainer - parking-consumer-group: Consumer stopped
2025-12-30 12:48:57 [org.springframework.kafka.KafkaListenerEndpointContainer#1-1-C-1] INFO  o.s.k.l.KafkaMessageListenerContainer - parking-consumer-group: Consumer stopped
2025-12-30 12:48:57 [org.springframework.kafka.KafkaListenerEndpointContainer#0-0-C-1] INFO  o.s.k.l.KafkaMessageListenerContainer - parking-consumer-group: Consumer stopped
2025-12-30 12:48:57 [org.springframework.kafka.KafkaListenerEndpointContainer#2-1-C-1] INFO  o.s.k.l.KafkaMessageListenerContainer - parking-consumer-group: Consumer stopped
2025-12-30 12:48:57 [org.springframework.kafka.KafkaListenerEndpointContainer#1-0-C-1] INFO  o.s.k.l.KafkaMessageListenerContainer - parking-consumer-group: Consumer stopped
2025-12-30 12:48:57 [org.springframework.kafka.KafkaListenerEndpointContainer#0-2-C-1] INFO  o.s.k.l.KafkaMessageListenerContainer - parking-consumer-group: Consumer stopped
2025-12-30 12:48:57 [org.springframework.kafka.KafkaListenerEndpointContainer#2-0-C-1] INFO  o.s.k.l.KafkaMessageListenerContainer - parking-consumer-group: Consumer stopped
2025-12-30 12:48:57 [org.springframework.kafka.KafkaListenerEndpointContainer#2-2-C-1] INFO  o.s.k.l.KafkaMessageListenerContainer - parking-consumer-group: Consumer stopped
2025-12-30 12:48:57 [org.springframework.kafka.KafkaListenerEndpointContainer#1-2-C-1] INFO  o.a.kafka.common.utils.AppInfoParser - App info kafka.consumer for consumer-parking-consumer-group-9 unregistered
2025-12-30 12:48:57 [org.springframework.kafka.KafkaListenerEndpointContainer#1-2-C-1] INFO  o.s.k.l.KafkaMessageListenerContainer - parking-consumer-group: Consumer stopped
2025-12-30 12:48:57 [SpringApplicationShutdownHook] INFO  o.s.boot.tomcat.GracefulShutdown - Commencing graceful shutdown. Waiting for active requests to complete
